"","julian_day","hr_bin","Common.name","n"
"1",151,0,"Acadian Flycatcher",1
"2",151,0,"American Crow",1
"3",151,0,"American Goldfinch",1
"4",151,0,"American Redstart",1
"5",151,0,"Barred Owl",1
"6",151,0,"Belted Kingfisher",1
"7",151,0,"Black Vulture",1
"8",151,0,"Black-and-white Warbler",1
"9",151,0,"Blue Grosbeak",1
"10",151,0,"Blue Jay",1
"11",151,0,"Blue-gray Gnatcatcher",1
"12",151,0,"Brown-headed Cowbird",1
"13",151,0,"Brown-headed Nuthatch",1
"14",151,0,"Carolina Chickadee",1
"15",151,0,"Carolina Wren",1
"16",151,0,"Chimney Swift",1
"17",151,0,"Chipping Sparrow",1
"18",151,0,"Common Grackle",1
"19",151,0,"Common Yellowthroat",1
"20",151,0,"Downy Woodpecker",1
"21",151,0,"Eastern Bluebird",1
"22",151,0,"Eastern Kingbird",1
"23",151,0,"Eastern Phoebe",1
"24",151,0,"Eastern Towhee",1
"25",151,0,"Eastern Wood-Pewee",1
"26",151,0,"Fish Crow",1
"27",151,0,"Great Blue Heron",1
"28",151,0,"Great Crested Flycatcher",1
"29",151,0,"Hairy Woodpecker",1
"30",151,0,"House Finch",1
"31",151,0,"Indigo Bunting",1
"32",151,0,"Mourning Dove",1
"33",151,0,"Northern Cardinal",1
"34",151,0,"Northern Flicker",1
"35",151,0,"Northern Parula",1
"36",151,0,"Osprey",1
"37",151,0,"Ovenbird",1
"38",151,0,"Pileated Woodpecker",1
"39",151,0,"Pine Warbler",1
"40",151,0,"Red-bellied Woodpecker",1
"41",151,0,"Red-eyed Vireo",1
"42",151,0,"Red-headed Woodpecker",1
"43",151,0,"Red-shouldered Hawk",1
"44",151,0,"Red-tailed Hawk",1
"45",151,0,"Red-winged Blackbird",1
"46",151,0,"Ruby-throated Hummingbird",1
"47",151,0,"Scarlet Tanager",1
"48",151,0,"Summer Tanager",1
"49",151,0,"Tufted Titmouse",1
"50",151,0,"White-breasted Nuthatch",1
"51",151,0,"White-eyed Vireo",1
"52",151,0,"Yellow-billed Cuckoo",1
"53",151,0,"Yellow-throated Vireo",1
"54",151,0,"Yellow-throated Warbler",1
"55",151,1,"Acadian Flycatcher",1200
"56",151,1,"American Crow",1193
"57",151,1,"American Goldfinch",1190
"58",151,1,"American Redstart",1196
"59",151,1,"Barred Owl",1193
"60",151,1,"Belted Kingfisher",1166
"61",151,1,"Black Vulture",837
"62",151,1,"Black-and-white Warbler",1200
"63",151,1,"Blue Grosbeak",1200
"64",151,1,"Blue Jay",1196
"65",151,1,"Blue-gray Gnatcatcher",1190
"66",151,1,"Brown Thrasher",394
"67",151,1,"Brown-headed Cowbird",1199
"68",151,1,"Brown-headed Nuthatch",1192
"69",151,1,"Carolina Chickadee",1190
"70",151,1,"Carolina Wren",1148
"71",151,1,"Chimney Swift",1195
"72",151,1,"Chipping Sparrow",1195
"73",151,1,"Common Grackle",1140
"74",151,1,"Common Yellowthroat",1194
"75",151,1,"Downy Woodpecker",1177
"76",151,1,"Eastern Bluebird",1184
"77",151,1,"Eastern Kingbird",1173
"78",151,1,"Eastern Phoebe",1173
"79",151,1,"Eastern Towhee",1199
"80",151,1,"Eastern Wood-Pewee",1200
"81",151,1,"European Starling",102
"82",151,1,"Fish Crow",1023
"83",151,1,"Great Blue Heron",736
"84",151,1,"Great Crested Flycatcher",1200
"85",151,1,"Hairy Woodpecker",1076
"86",151,1,"House Finch",1188
"87",151,1,"Indigo Bunting",1197
"88",151,1,"Killdeer",307
"89",151,1,"Mourning Dove",1191
"90",151,1,"Northern Cardinal",1186
"91",151,1,"Northern Flicker",1175
"92",151,1,"Northern Mockingbird",629
"93",151,1,"Northern Parula",1197
"94",151,1,"Osprey",1126
"95",151,1,"Ovenbird",1195
"96",151,1,"Pileated Woodpecker",1187
"97",151,1,"Pine Warbler",1197
"98",151,1,"Red-bellied Woodpecker",1183
"99",151,1,"Red-eyed Vireo",1196
"100",151,1,"Red-headed Woodpecker",1196
"101",151,1,"Red-shouldered Hawk",1165
"102",151,1,"Red-tailed Hawk",1200
"103",151,1,"Red-winged Blackbird",1050
"104",151,1,"Ruby-throated Hummingbird",1192
"105",151,1,"Scarlet Tanager",1200
"106",151,1,"Summer Tanager",1200
"107",151,1,"Tufted Titmouse",1196
"108",151,1,"Turkey Vulture",31
"109",151,1,"White-breasted Nuthatch",1177
"110",151,1,"White-eyed Vireo",1193
"111",151,1,"Yellow-billed Cuckoo",1200
"112",151,1,"Yellow-throated Vireo",1200
"113",151,1,"Yellow-throated Warbler",1199
"114",151,2,"Acadian Flycatcher",1200
"115",151,2,"American Crow",1193
"116",151,2,"American Goldfinch",1193
"117",151,2,"American Redstart",1198
"118",151,2,"Barred Owl",1196
"119",151,2,"Belted Kingfisher",1135
"120",151,2,"Black Vulture",868
"121",151,2,"Black-and-white Warbler",1200
"122",151,2,"Blue Grosbeak",1200
"123",151,2,"Blue Jay",1199
"124",151,2,"Blue-gray Gnatcatcher",1198
"125",151,2,"Brown Thrasher",703
"126",151,2,"Brown-headed Cowbird",1200
"127",151,2,"Brown-headed Nuthatch",1192
"128",151,2,"Carolina Chickadee",1192
"129",151,2,"Carolina Wren",1151
"130",151,2,"Chimney Swift",1195
"131",151,2,"Chipping Sparrow",1195
"132",151,2,"Common Grackle",1141
"133",151,2,"Common Yellowthroat",1196
"134",151,2,"Downy Woodpecker",1111
"135",151,2,"Eastern Bluebird",1184
"136",151,2,"Eastern Kingbird",1132
"137",151,2,"Eastern Phoebe",1128
"138",151,2,"Eastern Towhee",1198
"139",151,2,"Eastern Wood-Pewee",1200
"140",151,2,"European Starling",82
"141",151,2,"Fish Crow",990
"142",151,2,"Great Blue Heron",844
"143",151,2,"Great Crested Flycatcher",1200
"144",151,2,"Hairy Woodpecker",1109
"145",151,2,"House Finch",1155
"146",151,2,"Indigo Bunting",1199
"147",151,2,"Killdeer",424
"148",151,2,"Mourning Dove",1188
"149",151,2,"Northern Cardinal",1197
"150",151,2,"Northern Flicker",1182
"151",151,2,"Northern Mockingbird",775
"152",151,2,"Northern Parula",1198
"153",151,2,"Osprey",1118
"154",151,2,"Ovenbird",1197
"155",151,2,"Pileated Woodpecker",1189
"156",151,2,"Pine Warbler",1198
"157",151,2,"Red-bellied Woodpecker",1189
"158",151,2,"Red-eyed Vireo",1191
"159",151,2,"Red-headed Woodpecker",1196
"160",151,2,"Red-shouldered Hawk",1156
"161",151,2,"Red-tailed Hawk",1199
"162",151,2,"Red-winged Blackbird",1100
"163",151,2,"Ruby-throated Hummingbird",1191
"164",151,2,"Scarlet Tanager",1199
"165",151,2,"Summer Tanager",1200
"166",151,2,"Tufted Titmouse",1197
"167",151,2,"Turkey Vulture",34
"168",151,2,"White-breasted Nuthatch",1180
"169",151,2,"White-eyed Vireo",1196
"170",151,2,"Yellow-billed Cuckoo",1200
"171",151,2,"Yellow-throated Vireo",1199
"172",151,2,"Yellow-throated Warbler",1199
"173",151,3,"Acadian Flycatcher",1199
"174",151,3,"American Crow",1198
"175",151,3,"American Goldfinch",1199
"176",151,3,"American Redstart",1199
"177",151,3,"Barred Owl",1198
"178",151,3,"Belted Kingfisher",1172
"179",151,3,"Black Vulture",1003
"180",151,3,"Black-and-white Warbler",1199
"181",151,3,"Blue Grosbeak",1199
"182",151,3,"Blue Jay",1199
"183",151,3,"Blue-gray Gnatcatcher",1198
"184",151,3,"Brown Thrasher",934
"185",151,3,"Brown-headed Cowbird",1199
"186",151,3,"Brown-headed Nuthatch",1199
"187",151,3,"Carolina Chickadee",1199
"188",151,3,"Carolina Wren",1163
"189",151,3,"Chimney Swift",1197
"190",151,3,"Chipping Sparrow",1199
"191",151,3,"Common Grackle",1168
"192",151,3,"Common Yellowthroat",1199
"193",151,3,"Downy Woodpecker",1181
"194",151,3,"Eastern Bluebird",1192
"195",151,3,"Eastern Kingbird",1193
"196",151,3,"Eastern Phoebe",1199
"197",151,3,"Eastern Towhee",1198
"198",151,3,"Eastern Wood-Pewee",1199
"199",151,3,"European Starling",30
"200",151,3,"Fish Crow",867
"201",151,3,"Great Blue Heron",1115
"202",151,3,"Great Crested Flycatcher",1199
"203",151,3,"Hairy Woodpecker",1189
"204",151,3,"House Finch",1140
"205",151,3,"Indigo Bunting",1199
"206",151,3,"Killdeer",650
"207",151,3,"Mourning Dove",1183
"208",151,3,"Northern Cardinal",1199
"209",151,3,"Northern Flicker",1196
"210",151,3,"Northern Mockingbird",894
"211",151,3,"Northern Parula",1199
"212",151,3,"Osprey",1132
"213",151,3,"Ovenbird",1199
"214",151,3,"Pileated Woodpecker",1199
"215",151,3,"Pine Warbler",1199
"216",151,3,"Red-bellied Woodpecker",1197
"217",151,3,"Red-eyed Vireo",1199
"218",151,3,"Red-headed Woodpecker",1199
"219",151,3,"Red-shouldered Hawk",1195
"220",151,3,"Red-tailed Hawk",1199
"221",151,3,"Red-winged Blackbird",1168
"222",151,3,"Ruby-throated Hummingbird",1199
"223",151,3,"Scarlet Tanager",1199
"224",151,3,"Summer Tanager",1199
"225",151,3,"Tufted Titmouse",1199
"226",151,3,"Turkey Vulture",12
"227",151,3,"White-breasted Nuthatch",1196
"228",151,3,"White-eyed Vireo",1199
"229",151,3,"Yellow-billed Cuckoo",1199
"230",151,3,"Yellow-throated Vireo",1199
"231",151,3,"Yellow-throated Warbler",1199
"232",152,0,"Acadian Flycatcher",1
"233",152,0,"American Crow",1
"234",152,0,"American Goldfinch",1
"235",152,0,"American Redstart",1
"236",152,0,"Barred Owl",1
"237",152,0,"Belted Kingfisher",1
"238",152,0,"Black-and-white Warbler",1
"239",152,0,"Blue Grosbeak",1
"240",152,0,"Blue Jay",1
"241",152,0,"Blue-gray Gnatcatcher",1
"242",152,0,"Brown-headed Cowbird",1
"243",152,0,"Brown-headed Nuthatch",1
"244",152,0,"Carolina Chickadee",1
"245",152,0,"Carolina Wren",1
"246",152,0,"Chimney Swift",1
"247",152,0,"Chipping Sparrow",1
"248",152,0,"Common Grackle",1
"249",152,0,"Common Yellowthroat",1
"250",152,0,"Downy Woodpecker",1
"251",152,0,"Eastern Bluebird",1
"252",152,0,"Eastern Kingbird",1
"253",152,0,"Eastern Phoebe",1
"254",152,0,"Eastern Towhee",1
"255",152,0,"Eastern Wood-Pewee",1
"256",152,0,"Great Crested Flycatcher",1
"257",152,0,"Hairy Woodpecker",1
"258",152,0,"House Finch",1
"259",152,0,"Indigo Bunting",1
"260",152,0,"Killdeer",1
"261",152,0,"Mourning Dove",1
"262",152,0,"Northern Cardinal",1
"263",152,0,"Northern Flicker",1
"264",152,0,"Northern Mockingbird",1
"265",152,0,"Northern Parula",1
"266",152,0,"Osprey",1
"267",152,0,"Ovenbird",1
"268",152,0,"Pileated Woodpecker",1
"269",152,0,"Pine Warbler",1
"270",152,0,"Red-bellied Woodpecker",1
"271",152,0,"Red-eyed Vireo",1
"272",152,0,"Red-headed Woodpecker",1
"273",152,0,"Red-shouldered Hawk",1
"274",152,0,"Red-tailed Hawk",1
"275",152,0,"Red-winged Blackbird",1
"276",152,0,"Ruby-throated Hummingbird",1
"277",152,0,"Scarlet Tanager",1
"278",152,0,"Summer Tanager",1
"279",152,0,"Tufted Titmouse",1
"280",152,0,"White-breasted Nuthatch",1
"281",152,0,"White-eyed Vireo",1
"282",152,0,"Yellow-billed Cuckoo",1
"283",152,0,"Yellow-throated Vireo",1
"284",152,0,"Yellow-throated Warbler",1
"285",152,1,"Acadian Flycatcher",1200
"286",152,1,"American Crow",1192
"287",152,1,"American Goldfinch",1196
"288",152,1,"American Redstart",1200
"289",152,1,"Barred Owl",1192
"290",152,1,"Belted Kingfisher",1192
"291",152,1,"Black Vulture",531
"292",152,1,"Black-and-white Warbler",1200
"293",152,1,"Blue Grosbeak",1200
"294",152,1,"Blue Jay",1199
"295",152,1,"Blue-gray Gnatcatcher",1200
"296",152,1,"Brown Thrasher",670
"297",152,1,"Brown-headed Cowbird",1200
"298",152,1,"Brown-headed Nuthatch",1196
"299",152,1,"Carolina Chickadee",1196
"300",152,1,"Carolina Wren",1156
"301",152,1,"Chimney Swift",1200
"302",152,1,"Chipping Sparrow",1199
"303",152,1,"Common Grackle",1187
"304",152,1,"Common Yellowthroat",1197
"305",152,1,"Downy Woodpecker",1182
"306",152,1,"Eastern Bluebird",1198
"307",152,1,"Eastern Kingbird",1183
"308",152,1,"Eastern Phoebe",1191
"309",152,1,"Eastern Towhee",1200
"310",152,1,"Eastern Wood-Pewee",1200
"311",152,1,"European Starling",106
"312",152,1,"Fish Crow",1040
"313",152,1,"Great Blue Heron",587
"314",152,1,"Great Crested Flycatcher",1200
"315",152,1,"Hairy Woodpecker",1005
"316",152,1,"House Finch",1140
"317",152,1,"Indigo Bunting",1200
"318",152,1,"Killdeer",295
"319",152,1,"Mourning Dove",1200
"320",152,1,"Northern Cardinal",1194
"321",152,1,"Northern Flicker",1188
"322",152,1,"Northern Mockingbird",848
"323",152,1,"Northern Parula",1200
"324",152,1,"Osprey",1125
"325",152,1,"Ovenbird",1199
"326",152,1,"Pileated Woodpecker",1191
"327",152,1,"Pine Warbler",1200
"328",152,1,"Red-bellied Woodpecker",1199
"329",152,1,"Red-eyed Vireo",1198
"330",152,1,"Red-headed Woodpecker",1200
"331",152,1,"Red-shouldered Hawk",1163
"332",152,1,"Red-tailed Hawk",1200
"333",152,1,"Red-winged Blackbird",1115
"334",152,1,"Ruby-throated Hummingbird",1198
"335",152,1,"Scarlet Tanager",1200
"336",152,1,"Summer Tanager",1200
"337",152,1,"Tufted Titmouse",1199
"338",152,1,"Turkey Vulture",11
"339",152,1,"White-breasted Nuthatch",1184
"340",152,1,"White-eyed Vireo",1194
"341",152,1,"Yellow-billed Cuckoo",1200
"342",152,1,"Yellow-throated Vireo",1200
"343",152,1,"Yellow-throated Warbler",1200
"344",152,2,"Acadian Flycatcher",1200
"345",152,2,"American Crow",1195
"346",152,2,"American Goldfinch",1200
"347",152,2,"American Redstart",1200
"348",152,2,"Barred Owl",1200
"349",152,2,"Belted Kingfisher",1177
"350",152,2,"Black Vulture",541
"351",152,2,"Black-and-white Warbler",1200
"352",152,2,"Blue Grosbeak",1200
"353",152,2,"Blue Jay",1200
"354",152,2,"Blue-gray Gnatcatcher",1200
"355",152,2,"Brown Thrasher",895
"356",152,2,"Brown-headed Cowbird",1200
"357",152,2,"Brown-headed Nuthatch",1189
"358",152,2,"Carolina Chickadee",1197
"359",152,2,"Carolina Wren",1117
"360",152,2,"Chimney Swift",1172
"361",152,2,"Chipping Sparrow",1195
"362",152,2,"Common Grackle",1174
"363",152,2,"Common Yellowthroat",1200
"364",152,2,"Downy Woodpecker",1135
"365",152,2,"Eastern Bluebird",1189
"366",152,2,"Eastern Kingbird",1184
"367",152,2,"Eastern Phoebe",1195
"368",152,2,"Eastern Towhee",1200
"369",152,2,"Eastern Wood-Pewee",1200
"370",152,2,"European Starling",135
"371",152,2,"Fish Crow",927
"372",152,2,"Great Blue Heron",927
"373",152,2,"Great Crested Flycatcher",1200
"374",152,2,"Hairy Woodpecker",1151
"375",152,2,"House Finch",1117
"376",152,2,"Indigo Bunting",1200
"377",152,2,"Killdeer",479
"378",152,2,"Mourning Dove",1189
"379",152,2,"Northern Cardinal",1198
"380",152,2,"Northern Flicker",1187
"381",152,2,"Northern Mockingbird",881
"382",152,2,"Northern Parula",1200
"383",152,2,"Osprey",1087
"384",152,2,"Ovenbird",1200
"385",152,2,"Pileated Woodpecker",1200
"386",152,2,"Pine Warbler",1200
"387",152,2,"Red-bellied Woodpecker",1195
"388",152,2,"Red-eyed Vireo",1200
"389",152,2,"Red-headed Woodpecker",1200
"390",152,2,"Red-shouldered Hawk",1167
"391",152,2,"Red-tailed Hawk",1200
"392",152,2,"Red-winged Blackbird",1129
"393",152,2,"Ruby-throated Hummingbird",1199
"394",152,2,"Scarlet Tanager",1200
"395",152,2,"Summer Tanager",1200
"396",152,2,"Tufted Titmouse",1199
"397",152,2,"Turkey Vulture",33
"398",152,2,"White-breasted Nuthatch",1183
"399",152,2,"White-eyed Vireo",1200
"400",152,2,"Yellow-billed Cuckoo",1200
"401",152,2,"Yellow-throated Vireo",1200
"402",152,2,"Yellow-throated Warbler",1200
"403",152,3,"Acadian Flycatcher",1199
"404",152,3,"American Crow",1160
"405",152,3,"American Goldfinch",1187
"406",152,3,"American Redstart",1199
"407",152,3,"Barred Owl",1197
"408",152,3,"Belted Kingfisher",1105
"409",152,3,"Black Vulture",669
"410",152,3,"Black-and-white Warbler",1199
"411",152,3,"Blue Grosbeak",1199
"412",152,3,"Blue Jay",1199
"413",152,3,"Blue-gray Gnatcatcher",1199
"414",152,3,"Brown Thrasher",647
"415",152,3,"Brown-headed Cowbird",1199
"416",152,3,"Brown-headed Nuthatch",1177
"417",152,3,"Carolina Chickadee",1198
"418",152,3,"Carolina Wren",883
"419",152,3,"Chimney Swift",855
"420",152,3,"Chipping Sparrow",1165
"421",152,3,"Common Grackle",1083
"422",152,3,"Common Yellowthroat",1197
"423",152,3,"Downy Woodpecker",839
"424",152,3,"Eastern Bluebird",1195
"425",152,3,"Eastern Kingbird",1161
"426",152,3,"Eastern Phoebe",1198
"427",152,3,"Eastern Towhee",1199
"428",152,3,"Eastern Wood-Pewee",1199
"429",152,3,"European Starling",4
"430",152,3,"Fish Crow",416
"431",152,3,"Great Blue Heron",973
"432",152,3,"Great Crested Flycatcher",1199
"433",152,3,"Hairy Woodpecker",1174
"434",152,3,"House Finch",764
"435",152,3,"Indigo Bunting",1199
"436",152,3,"Killdeer",235
"437",152,3,"Mourning Dove",1192
"438",152,3,"Northern Cardinal",1192
"439",152,3,"Northern Flicker",1046
"440",152,3,"Northern Mockingbird",515
"441",152,3,"Northern Parula",1199
"442",152,3,"Osprey",1041
"443",152,3,"Ovenbird",1196
"444",152,3,"Pileated Woodpecker",1199
"445",152,3,"Pine Warbler",1199
"446",152,3,"Red-bellied Woodpecker",1166
"447",152,3,"Red-eyed Vireo",1197
"448",152,3,"Red-headed Woodpecker",1199
"449",152,3,"Red-shouldered Hawk",1123
"450",152,3,"Red-tailed Hawk",1199
"451",152,3,"Red-winged Blackbird",1001
"452",152,3,"Ruby-throated Hummingbird",1196
"453",152,3,"Scarlet Tanager",1199
"454",152,3,"Summer Tanager",1199
"455",152,3,"Tufted Titmouse",1191
"456",152,3,"Turkey Vulture",1
"457",152,3,"White-breasted Nuthatch",1044
"458",152,3,"White-eyed Vireo",1199
"459",152,3,"Yellow-billed Cuckoo",1199
"460",152,3,"Yellow-throated Vireo",1199
"461",152,3,"Yellow-throated Warbler",1199
"462",153,0,"Acadian Flycatcher",1
"463",153,0,"American Crow",1
"464",153,0,"American Goldfinch",1
"465",153,0,"American Redstart",1
"466",153,0,"Barred Owl",1
"467",153,0,"Belted Kingfisher",1
"468",153,0,"Black Vulture",1
"469",153,0,"Black-and-white Warbler",1
"470",153,0,"Blue Grosbeak",1
"471",153,0,"Blue Jay",1
"472",153,0,"Blue-gray Gnatcatcher",1
"473",153,0,"Brown Thrasher",1
"474",153,0,"Brown-headed Cowbird",1
"475",153,0,"Brown-headed Nuthatch",1
"476",153,0,"Carolina Chickadee",1
"477",153,0,"Carolina Wren",1
"478",153,0,"Chimney Swift",1
"479",153,0,"Chipping Sparrow",1
"480",153,0,"Common Grackle",1
"481",153,0,"Common Yellowthroat",1
"482",153,0,"Downy Woodpecker",1
"483",153,0,"Eastern Bluebird",1
"484",153,0,"Eastern Kingbird",1
"485",153,0,"Eastern Phoebe",1
"486",153,0,"Eastern Towhee",1
"487",153,0,"Eastern Wood-Pewee",1
"488",153,0,"Great Blue Heron",1
"489",153,0,"Great Crested Flycatcher",1
"490",153,0,"Hairy Woodpecker",1
"491",153,0,"House Finch",1
"492",153,0,"Indigo Bunting",1
"493",153,0,"Mourning Dove",1
"494",153,0,"Northern Cardinal",1
"495",153,0,"Northern Flicker",1
"496",153,0,"Northern Mockingbird",1
"497",153,0,"Northern Parula",1
"498",153,0,"Ovenbird",1
"499",153,0,"Pileated Woodpecker",1
"500",153,0,"Pine Warbler",1
"501",153,0,"Red-bellied Woodpecker",1
"502",153,0,"Red-eyed Vireo",1
"503",153,0,"Red-headed Woodpecker",1
"504",153,0,"Red-shouldered Hawk",1
"505",153,0,"Red-tailed Hawk",1
"506",153,0,"Red-winged Blackbird",1
"507",153,0,"Ruby-throated Hummingbird",1
"508",153,0,"Scarlet Tanager",1
"509",153,0,"Summer Tanager",1
"510",153,0,"Tufted Titmouse",1
"511",153,0,"White-breasted Nuthatch",1
"512",153,0,"White-eyed Vireo",1
"513",153,0,"Yellow-billed Cuckoo",1
"514",153,0,"Yellow-throated Vireo",1
"515",153,0,"Yellow-throated Warbler",1
"516",153,1,"Acadian Flycatcher",1200
"517",153,1,"American Crow",1195
"518",153,1,"American Goldfinch",1194
"519",153,1,"American Redstart",1200
"520",153,1,"Barred Owl",1200
"521",153,1,"Belted Kingfisher",1188
"522",153,1,"Black Vulture",799
"523",153,1,"Black-and-white Warbler",1200
"524",153,1,"Blue Grosbeak",1200
"525",153,1,"Blue Jay",1200
"526",153,1,"Blue-gray Gnatcatcher",1196
"527",153,1,"Brown Thrasher",972
"528",153,1,"Brown-headed Cowbird",1200
"529",153,1,"Brown-headed Nuthatch",1200
"530",153,1,"Carolina Chickadee",1197
"531",153,1,"Carolina Wren",1171
"532",153,1,"Chimney Swift",1110
"533",153,1,"Chipping Sparrow",1196
"534",153,1,"Common Grackle",1174
"535",153,1,"Common Yellowthroat",1200
"536",153,1,"Downy Woodpecker",1178
"537",153,1,"Eastern Bluebird",1182
"538",153,1,"Eastern Kingbird",1171
"539",153,1,"Eastern Phoebe",1200
"540",153,1,"Eastern Towhee",1198
"541",153,1,"Eastern Wood-Pewee",1200
"542",153,1,"European Starling",4
"543",153,1,"Fish Crow",739
"544",153,1,"Great Blue Heron",1186
"545",153,1,"Great Crested Flycatcher",1200
"546",153,1,"Hairy Woodpecker",1081
"547",153,1,"House Finch",718
"548",153,1,"Indigo Bunting",1200
"549",153,1,"Killdeer",257
"550",153,1,"Mourning Dove",1187
"551",153,1,"Northern Cardinal",1195
"552",153,1,"Northern Flicker",1191
"553",153,1,"Northern Mockingbird",671
"554",153,1,"Northern Parula",1200
"555",153,1,"Osprey",876
"556",153,1,"Ovenbird",1200
"557",153,1,"Pileated Woodpecker",1200
"558",153,1,"Pine Warbler",1200
"559",153,1,"Red-bellied Woodpecker",1189
"560",153,1,"Red-eyed Vireo",1200
"561",153,1,"Red-headed Woodpecker",1199
"562",153,1,"Red-shouldered Hawk",1185
"563",153,1,"Red-tailed Hawk",1200
"564",153,1,"Red-winged Blackbird",1182
"565",153,1,"Ruby-throated Hummingbird",1200
"566",153,1,"Scarlet Tanager",1200
"567",153,1,"Summer Tanager",1200
"568",153,1,"Tufted Titmouse",1197
"569",153,1,"Turkey Vulture",8
"570",153,1,"White-breasted Nuthatch",1178
"571",153,1,"White-eyed Vireo",1200
"572",153,1,"Yellow-billed Cuckoo",1200
"573",153,1,"Yellow-throated Vireo",1200
"574",153,1,"Yellow-throated Warbler",1200
"575",153,2,"Acadian Flycatcher",1200
"576",153,2,"American Crow",1195
"577",153,2,"American Goldfinch",1197
"578",153,2,"American Redstart",1200
"579",153,2,"Barred Owl",1200
"580",153,2,"Belted Kingfisher",1190
"581",153,2,"Black Vulture",1079
"582",153,2,"Black-and-white Warbler",1200
"583",153,2,"Blue Grosbeak",1200
"584",153,2,"Blue Jay",1200
"585",153,2,"Blue-gray Gnatcatcher",1198
"586",153,2,"Brown Thrasher",949
"587",153,2,"Brown-headed Cowbird",1200
"588",153,2,"Brown-headed Nuthatch",1200
"589",153,2,"Carolina Chickadee",1199
"590",153,2,"Carolina Wren",1174
"591",153,2,"Chimney Swift",959
"592",153,2,"Chipping Sparrow",1195
"593",153,2,"Common Grackle",1153
"594",153,2,"Common Yellowthroat",1199
"595",153,2,"Downy Woodpecker",1180
"596",153,2,"Eastern Bluebird",1181
"597",153,2,"Eastern Kingbird",1188
"598",153,2,"Eastern Phoebe",1200
"599",153,2,"Eastern Towhee",1200
"600",153,2,"Eastern Wood-Pewee",1200
"601",153,2,"European Starling",19
"602",153,2,"Fish Crow",844
"603",153,2,"Great Blue Heron",1195
"604",153,2,"Great Crested Flycatcher",1200
"605",153,2,"Hairy Woodpecker",1195
"606",153,2,"House Finch",668
"607",153,2,"Indigo Bunting",1200
"608",153,2,"Killdeer",628
"609",153,2,"Mourning Dove",1195
"610",153,2,"Northern Cardinal",1198
"611",153,2,"Northern Flicker",1186
"612",153,2,"Northern Mockingbird",753
"613",153,2,"Northern Parula",1200
"614",153,2,"Osprey",998
"615",153,2,"Ovenbird",1200
"616",153,2,"Pileated Woodpecker",1200
"617",153,2,"Pine Warbler",1200
"618",153,2,"Red-bellied Woodpecker",1197
"619",153,2,"Red-eyed Vireo",1200
"620",153,2,"Red-headed Woodpecker",1200
"621",153,2,"Red-shouldered Hawk",1190
"622",153,2,"Red-tailed Hawk",1199
"623",153,2,"Red-winged Blackbird",1147
"624",153,2,"Ruby-throated Hummingbird",1200
"625",153,2,"Scarlet Tanager",1200
"626",153,2,"Summer Tanager",1200
"627",153,2,"Tufted Titmouse",1200
"628",153,2,"Turkey Vulture",2
"629",153,2,"White-breasted Nuthatch",1166
"630",153,2,"White-eyed Vireo",1200
"631",153,2,"Yellow-billed Cuckoo",1200
"632",153,2,"Yellow-throated Vireo",1200
"633",153,2,"Yellow-throated Warbler",1200
"634",153,3,"Acadian Flycatcher",1199
"635",153,3,"American Crow",1197
"636",153,3,"American Goldfinch",1198
"637",153,3,"American Redstart",1199
"638",153,3,"Barred Owl",1199
"639",153,3,"Belted Kingfisher",1183
"640",153,3,"Black Vulture",827
"641",153,3,"Black-and-white Warbler",1199
"642",153,3,"Blue Grosbeak",1199
"643",153,3,"Blue Jay",1196
"644",153,3,"Blue-gray Gnatcatcher",1199
"645",153,3,"Brown Thrasher",682
"646",153,3,"Brown-headed Cowbird",1199
"647",153,3,"Brown-headed Nuthatch",1199
"648",153,3,"Carolina Chickadee",1199
"649",153,3,"Carolina Wren",1057
"650",153,3,"Chimney Swift",779
"651",153,3,"Chipping Sparrow",1194
"652",153,3,"Common Grackle",1007
"653",153,3,"Common Yellowthroat",1199
"654",153,3,"Downy Woodpecker",1164
"655",153,3,"Eastern Bluebird",1147
"656",153,3,"Eastern Kingbird",1188
"657",153,3,"Eastern Phoebe",1199
"658",153,3,"Eastern Towhee",1199
"659",153,3,"Eastern Wood-Pewee",1199
"660",153,3,"European Starling",38
"661",153,3,"Fish Crow",674
"662",153,3,"Great Blue Heron",1195
"663",153,3,"Great Crested Flycatcher",1199
"664",153,3,"Hairy Woodpecker",1143
"665",153,3,"House Finch",368
"666",153,3,"Indigo Bunting",1199
"667",153,3,"Killdeer",384
"668",153,3,"Mourning Dove",1197
"669",153,3,"Northern Cardinal",1192
"670",153,3,"Northern Flicker",1181
"671",153,3,"Northern Mockingbird",599
"672",153,3,"Northern Parula",1199
"673",153,3,"Osprey",1093
"674",153,3,"Ovenbird",1199
"675",153,3,"Pileated Woodpecker",1199
"676",153,3,"Pine Warbler",1199
"677",153,3,"Red-bellied Woodpecker",1195
"678",153,3,"Red-eyed Vireo",1199
"679",153,3,"Red-headed Woodpecker",1199
"680",153,3,"Red-shouldered Hawk",1144
"681",153,3,"Red-tailed Hawk",1199
"682",153,3,"Red-winged Blackbird",1067
"683",153,3,"Ruby-throated Hummingbird",1199
"684",153,3,"Scarlet Tanager",1199
"685",153,3,"Summer Tanager",1199
"686",153,3,"Tufted Titmouse",1199
"687",153,3,"Turkey Vulture",21
"688",153,3,"White-breasted Nuthatch",1140
"689",153,3,"White-eyed Vireo",1199
"690",153,3,"Yellow-billed Cuckoo",1199
"691",153,3,"Yellow-throated Vireo",1199
"692",153,3,"Yellow-throated Warbler",1199
"693",154,0,"Acadian Flycatcher",1
"694",154,0,"American Crow",1
"695",154,0,"American Goldfinch",1
"696",154,0,"American Redstart",1
"697",154,0,"Barred Owl",1
"698",154,0,"Belted Kingfisher",1
"699",154,0,"Black Vulture",1
"700",154,0,"Black-and-white Warbler",1
"701",154,0,"Blue Grosbeak",1
"702",154,0,"Blue Jay",1
"703",154,0,"Blue-gray Gnatcatcher",1
"704",154,0,"Brown Thrasher",1
"705",154,0,"Brown-headed Cowbird",1
"706",154,0,"Carolina Chickadee",1
"707",154,0,"Carolina Wren",1
"708",154,0,"Common Grackle",1
"709",154,0,"Common Yellowthroat",1
"710",154,0,"Eastern Bluebird",1
"711",154,0,"Eastern Phoebe",1
"712",154,0,"Eastern Towhee",1
"713",154,0,"Eastern Wood-Pewee",1
"714",154,0,"Fish Crow",1
"715",154,0,"Great Blue Heron",1
"716",154,0,"Great Crested Flycatcher",1
"717",154,0,"Hairy Woodpecker",1
"718",154,0,"House Finch",1
"719",154,0,"Indigo Bunting",1
"720",154,0,"Killdeer",1
"721",154,0,"Mourning Dove",1
"722",154,0,"Northern Cardinal",1
"723",154,0,"Northern Flicker",1
"724",154,0,"Northern Mockingbird",1
"725",154,0,"Northern Parula",1
"726",154,0,"Osprey",1
"727",154,0,"Ovenbird",1
"728",154,0,"Pileated Woodpecker",1
"729",154,0,"Pine Warbler",1
"730",154,0,"Red-bellied Woodpecker",1
"731",154,0,"Red-eyed Vireo",1
"732",154,0,"Red-headed Woodpecker",1
"733",154,0,"Red-shouldered Hawk",1
"734",154,0,"Red-tailed Hawk",1
"735",154,0,"Red-winged Blackbird",1
"736",154,0,"Ruby-throated Hummingbird",1
"737",154,0,"Scarlet Tanager",1
"738",154,0,"Summer Tanager",1
"739",154,0,"Tufted Titmouse",1
"740",154,0,"White-breasted Nuthatch",1
"741",154,0,"White-eyed Vireo",1
"742",154,0,"Yellow-billed Cuckoo",1
"743",154,0,"Yellow-throated Vireo",1
"744",154,0,"Yellow-throated Warbler",1
"745",154,1,"Acadian Flycatcher",1200
"746",154,1,"American Crow",1200
"747",154,1,"American Goldfinch",1200
"748",154,1,"American Redstart",1200
"749",154,1,"Barred Owl",1200
"750",154,1,"Belted Kingfisher",1200
"751",154,1,"Black Vulture",1192
"752",154,1,"Black-and-white Warbler",1200
"753",154,1,"Blue Grosbeak",1200
"754",154,1,"Blue Jay",1200
"755",154,1,"Blue-gray Gnatcatcher",1200
"756",154,1,"Brown Thrasher",1022
"757",154,1,"Brown-headed Cowbird",1200
"758",154,1,"Brown-headed Nuthatch",1200
"759",154,1,"Carolina Chickadee",1200
"760",154,1,"Carolina Wren",1188
"761",154,1,"Chimney Swift",1198
"762",154,1,"Chipping Sparrow",1199
"763",154,1,"Common Grackle",1199
"764",154,1,"Common Yellowthroat",1200
"765",154,1,"Downy Woodpecker",1199
"766",154,1,"Eastern Bluebird",1199
"767",154,1,"Eastern Kingbird",1199
"768",154,1,"Eastern Phoebe",1200
"769",154,1,"Eastern Towhee",1200
"770",154,1,"Eastern Wood-Pewee",1200
"771",154,1,"European Starling",15
"772",154,1,"Fish Crow",1116
"773",154,1,"Great Blue Heron",1200
"774",154,1,"Great Crested Flycatcher",1200
"775",154,1,"Hairy Woodpecker",1194
"776",154,1,"House Finch",900
"777",154,1,"Indigo Bunting",1200
"778",154,1,"Killdeer",486
"779",154,1,"Mourning Dove",1199
"780",154,1,"Northern Cardinal",1200
"781",154,1,"Northern Flicker",1200
"782",154,1,"Northern Mockingbird",1061
"783",154,1,"Northern Parula",1200
"784",154,1,"Osprey",1180
"785",154,1,"Ovenbird",1200
"786",154,1,"Pileated Woodpecker",1200
"787",154,1,"Pine Warbler",1200
"788",154,1,"Red-bellied Woodpecker",1200
"789",154,1,"Red-eyed Vireo",1200
"790",154,1,"Red-headed Woodpecker",1200
"791",154,1,"Red-shouldered Hawk",1200
"792",154,1,"Red-tailed Hawk",1200
"793",154,1,"Red-winged Blackbird",1196
"794",154,1,"Ruby-throated Hummingbird",1200
"795",154,1,"Scarlet Tanager",1200
"796",154,1,"Summer Tanager",1200
"797",154,1,"Tufted Titmouse",1200
"798",154,1,"Turkey Vulture",34
"799",154,1,"White-breasted Nuthatch",1196
"800",154,1,"White-eyed Vireo",1200
"801",154,1,"Yellow-billed Cuckoo",1200
"802",154,1,"Yellow-throated Vireo",1200
"803",154,1,"Yellow-throated Warbler",1200
"804",154,2,"Acadian Flycatcher",1200
"805",154,2,"American Crow",1193
"806",154,2,"American Goldfinch",1197
"807",154,2,"American Redstart",1200
"808",154,2,"Barred Owl",1200
"809",154,2,"Belted Kingfisher",1186
"810",154,2,"Black Vulture",1071
"811",154,2,"Black-and-white Warbler",1200
"812",154,2,"Blue Grosbeak",1200
"813",154,2,"Blue Jay",1200
"814",154,2,"Blue-gray Gnatcatcher",1199
"815",154,2,"Brown Thrasher",1023
"816",154,2,"Brown-headed Cowbird",1200
"817",154,2,"Brown-headed Nuthatch",1200
"818",154,2,"Carolina Chickadee",1200
"819",154,2,"Carolina Wren",1173
"820",154,2,"Chimney Swift",1108
"821",154,2,"Chipping Sparrow",1200
"822",154,2,"Common Grackle",1146
"823",154,2,"Common Yellowthroat",1200
"824",154,2,"Downy Woodpecker",1177
"825",154,2,"Eastern Bluebird",1191
"826",154,2,"Eastern Kingbird",1185
"827",154,2,"Eastern Phoebe",1199
"828",154,2,"Eastern Towhee",1200
"829",154,2,"Eastern Wood-Pewee",1200
"830",154,2,"European Starling",24
"831",154,2,"Fish Crow",937
"832",154,2,"Great Blue Heron",1190
"833",154,2,"Great Crested Flycatcher",1200
"834",154,2,"Hairy Woodpecker",1144
"835",154,2,"House Finch",774
"836",154,2,"Indigo Bunting",1200
"837",154,2,"Killdeer",490
"838",154,2,"Mourning Dove",1196
"839",154,2,"Northern Cardinal",1199
"840",154,2,"Northern Flicker",1188
"841",154,2,"Northern Mockingbird",861
"842",154,2,"Northern Parula",1200
"843",154,2,"Osprey",1100
"844",154,2,"Ovenbird",1200
"845",154,2,"Pileated Woodpecker",1200
"846",154,2,"Pine Warbler",1200
"847",154,2,"Red-bellied Woodpecker",1197
"848",154,2,"Red-eyed Vireo",1200
"849",154,2,"Red-headed Woodpecker",1200
"850",154,2,"Red-shouldered Hawk",1184
"851",154,2,"Red-tailed Hawk",1200
"852",154,2,"Red-winged Blackbird",1139
"853",154,2,"Ruby-throated Hummingbird",1200
"854",154,2,"Scarlet Tanager",1200
"855",154,2,"Summer Tanager",1200
"856",154,2,"Tufted Titmouse",1200
"857",154,2,"Turkey Vulture",30
"858",154,2,"White-breasted Nuthatch",1159
"859",154,2,"White-eyed Vireo",1200
"860",154,2,"Yellow-billed Cuckoo",1200
"861",154,2,"Yellow-throated Vireo",1200
"862",154,2,"Yellow-throated Warbler",1200
"863",154,3,"Acadian Flycatcher",1199
"864",154,3,"American Crow",1198
"865",154,3,"American Goldfinch",1195
"866",154,3,"American Redstart",1199
"867",154,3,"Barred Owl",1199
"868",154,3,"Belted Kingfisher",1186
"869",154,3,"Black Vulture",819
"870",154,3,"Black-and-white Warbler",1199
"871",154,3,"Blue Grosbeak",1199
"872",154,3,"Blue Jay",1195
"873",154,3,"Blue-gray Gnatcatcher",1199
"874",154,3,"Brown Thrasher",842
"875",154,3,"Brown-headed Cowbird",1199
"876",154,3,"Brown-headed Nuthatch",1199
"877",154,3,"Carolina Chickadee",1198
"878",154,3,"Carolina Wren",1100
"879",154,3,"Chimney Swift",505
"880",154,3,"Chipping Sparrow",1189
"881",154,3,"Common Grackle",1058
"882",154,3,"Common Yellowthroat",1199
"883",154,3,"Downy Woodpecker",1145
"884",154,3,"Eastern Bluebird",1166
"885",154,3,"Eastern Kingbird",1193
"886",154,3,"Eastern Phoebe",1199
"887",154,3,"Eastern Towhee",1199
"888",154,3,"Eastern Wood-Pewee",1199
"889",154,3,"European Starling",21
"890",154,3,"Fish Crow",809
"891",154,3,"Great Blue Heron",1197
"892",154,3,"Great Crested Flycatcher",1199
"893",154,3,"Hairy Woodpecker",1167
"894",154,3,"House Finch",362
"895",154,3,"Indigo Bunting",1199
"896",154,3,"Killdeer",748
"897",154,3,"Mourning Dove",1195
"898",154,3,"Northern Cardinal",1194
"899",154,3,"Northern Flicker",1194
"900",154,3,"Northern Mockingbird",694
"901",154,3,"Northern Parula",1199
"902",154,3,"Osprey",897
"903",154,3,"Ovenbird",1199
"904",154,3,"Pileated Woodpecker",1199
"905",154,3,"Pine Warbler",1199
"906",154,3,"Red-bellied Woodpecker",1195
"907",154,3,"Red-eyed Vireo",1199
"908",154,3,"Red-headed Woodpecker",1199
"909",154,3,"Red-shouldered Hawk",1163
"910",154,3,"Red-tailed Hawk",1199
"911",154,3,"Red-winged Blackbird",1156
"912",154,3,"Ruby-throated Hummingbird",1199
"913",154,3,"Scarlet Tanager",1199
"914",154,3,"Summer Tanager",1199
"915",154,3,"Tufted Titmouse",1199
"916",154,3,"Turkey Vulture",13
"917",154,3,"White-breasted Nuthatch",1162
"918",154,3,"White-eyed Vireo",1199
"919",154,3,"Yellow-billed Cuckoo",1199
"920",154,3,"Yellow-throated Vireo",1199
"921",154,3,"Yellow-throated Warbler",1199
"922",155,0,"Acadian Flycatcher",1
"923",155,0,"American Crow",1
"924",155,0,"American Goldfinch",1
"925",155,0,"American Redstart",1
"926",155,0,"Barred Owl",1
"927",155,0,"Belted Kingfisher",1
"928",155,0,"Black-and-white Warbler",1
"929",155,0,"Blue Grosbeak",1
"930",155,0,"Blue Jay",1
"931",155,0,"Blue-gray Gnatcatcher",1
"932",155,0,"Brown Thrasher",1
"933",155,0,"Brown-headed Cowbird",1
"934",155,0,"Brown-headed Nuthatch",1
"935",155,0,"Carolina Chickadee",1
"936",155,0,"Chimney Swift",1
"937",155,0,"Common Yellowthroat",1
"938",155,0,"Eastern Bluebird",1
"939",155,0,"Eastern Kingbird",1
"940",155,0,"Eastern Phoebe",1
"941",155,0,"Eastern Towhee",1
"942",155,0,"Eastern Wood-Pewee",1
"943",155,0,"Fish Crow",1
"944",155,0,"Great Blue Heron",1
"945",155,0,"Great Crested Flycatcher",1
"946",155,0,"House Finch",1
"947",155,0,"Indigo Bunting",1
"948",155,0,"Killdeer",1
"949",155,0,"Mourning Dove",1
"950",155,0,"Northern Cardinal",1
"951",155,0,"Northern Flicker",1
"952",155,0,"Northern Mockingbird",1
"953",155,0,"Northern Parula",1
"954",155,0,"Osprey",1
"955",155,0,"Ovenbird",1
"956",155,0,"Pileated Woodpecker",1
"957",155,0,"Pine Warbler",1
"958",155,0,"Red-eyed Vireo",1
"959",155,0,"Red-headed Woodpecker",1
"960",155,0,"Red-shouldered Hawk",1
"961",155,0,"Red-tailed Hawk",1
"962",155,0,"Red-winged Blackbird",1
"963",155,0,"Ruby-throated Hummingbird",1
"964",155,0,"Scarlet Tanager",1
"965",155,0,"Summer Tanager",1
"966",155,0,"Tufted Titmouse",1
"967",155,0,"White-eyed Vireo",1
"968",155,0,"Yellow-billed Cuckoo",1
"969",155,0,"Yellow-throated Vireo",1
"970",155,0,"Yellow-throated Warbler",1
"971",155,1,"Acadian Flycatcher",1200
"972",155,1,"American Crow",1108
"973",155,1,"American Goldfinch",1065
"974",155,1,"American Redstart",1188
"975",155,1,"Barred Owl",1161
"976",155,1,"Belted Kingfisher",1128
"977",155,1,"Black Vulture",940
"978",155,1,"Black-and-white Warbler",1196
"979",155,1,"Blue Grosbeak",1200
"980",155,1,"Blue Jay",1192
"981",155,1,"Blue-gray Gnatcatcher",1197
"982",155,1,"Brown Thrasher",672
"983",155,1,"Brown-headed Cowbird",1191
"984",155,1,"Brown-headed Nuthatch",1165
"985",155,1,"Carolina Chickadee",1095
"986",155,1,"Carolina Wren",1135
"987",155,1,"Chimney Swift",1065
"988",155,1,"Chipping Sparrow",1081
"989",155,1,"Common Grackle",964
"990",155,1,"Common Yellowthroat",1178
"991",155,1,"Downy Woodpecker",1094
"992",155,1,"Eastern Bluebird",1124
"993",155,1,"Eastern Kingbird",1056
"994",155,1,"Eastern Phoebe",1146
"995",155,1,"Eastern Towhee",1199
"996",155,1,"Eastern Wood-Pewee",1193
"997",155,1,"European Starling",317
"998",155,1,"Fish Crow",943
"999",155,1,"Great Blue Heron",946
"1000",155,1,"Great Crested Flycatcher",1199
"1001",155,1,"Hairy Woodpecker",1163
"1002",155,1,"House Finch",1115
"1003",155,1,"Indigo Bunting",1195
"1004",155,1,"Killdeer",435
"1005",155,1,"Mourning Dove",1122
"1006",155,1,"Northern Cardinal",1173
"1007",155,1,"Northern Flicker",1131
"1008",155,1,"Northern Mockingbird",854
"1009",155,1,"Northern Parula",1193
"1010",155,1,"Osprey",968
"1011",155,1,"Ovenbird",1138
"1012",155,1,"Pileated Woodpecker",1186
"1013",155,1,"Pine Warbler",1194
"1014",155,1,"Red-bellied Woodpecker",1114
"1015",155,1,"Red-eyed Vireo",1172
"1016",155,1,"Red-headed Woodpecker",1166
"1017",155,1,"Red-shouldered Hawk",1092
"1018",155,1,"Red-tailed Hawk",1191
"1019",155,1,"Red-winged Blackbird",937
"1020",155,1,"Ruby-throated Hummingbird",1097
"1021",155,1,"Scarlet Tanager",1200
"1022",155,1,"Summer Tanager",1200
"1023",155,1,"Tufted Titmouse",1117
"1024",155,1,"Turkey Vulture",46
"1025",155,1,"White-breasted Nuthatch",1021
"1026",155,1,"White-eyed Vireo",1200
"1027",155,1,"Yellow-billed Cuckoo",1200
"1028",155,1,"Yellow-throated Vireo",1191
"1029",155,1,"Yellow-throated Warbler",1198
"1030",155,2,"Acadian Flycatcher",1200
"1031",155,2,"American Crow",1197
"1032",155,2,"American Goldfinch",1200
"1033",155,2,"American Redstart",1200
"1034",155,2,"Barred Owl",1200
"1035",155,2,"Belted Kingfisher",1199
"1036",155,2,"Black Vulture",1103
"1037",155,2,"Black-and-white Warbler",1200
"1038",155,2,"Blue Grosbeak",1200
"1039",155,2,"Blue Jay",1199
"1040",155,2,"Blue-gray Gnatcatcher",1198
"1041",155,2,"Brown Thrasher",947
"1042",155,2,"Brown-headed Cowbird",1200
"1043",155,2,"Brown-headed Nuthatch",1200
"1044",155,2,"Carolina Chickadee",1195
"1045",155,2,"Carolina Wren",1180
"1046",155,2,"Chimney Swift",1177
"1047",155,2,"Chipping Sparrow",1193
"1048",155,2,"Common Grackle",1135
"1049",155,2,"Common Yellowthroat",1200
"1050",155,2,"Downy Woodpecker",1198
"1051",155,2,"Eastern Bluebird",1190
"1052",155,2,"Eastern Kingbird",1191
"1053",155,2,"Eastern Phoebe",1197
"1054",155,2,"Eastern Towhee",1199
"1055",155,2,"Eastern Wood-Pewee",1200
"1056",155,2,"European Starling",363
"1057",155,2,"Fish Crow",1114
"1058",155,2,"Great Blue Heron",1194
"1059",155,2,"Great Crested Flycatcher",1200
"1060",155,2,"Hairy Woodpecker",1200
"1061",155,2,"House Finch",1165
"1062",155,2,"Indigo Bunting",1200
"1063",155,2,"Killdeer",626
"1064",155,2,"Mourning Dove",1192
"1065",155,2,"Northern Cardinal",1197
"1066",155,2,"Northern Flicker",1199
"1067",155,2,"Northern Mockingbird",945
"1068",155,2,"Northern Parula",1200
"1069",155,2,"Osprey",1119
"1070",155,2,"Ovenbird",1200
"1071",155,2,"Pileated Woodpecker",1200
"1072",155,2,"Pine Warbler",1200
"1073",155,2,"Red-bellied Woodpecker",1198
"1074",155,2,"Red-eyed Vireo",1200
"1075",155,2,"Red-headed Woodpecker",1200
"1076",155,2,"Red-shouldered Hawk",1189
"1077",155,2,"Red-tailed Hawk",1199
"1078",155,2,"Red-winged Blackbird",1122
"1079",155,2,"Ruby-throated Hummingbird",1198
"1080",155,2,"Scarlet Tanager",1200
"1081",155,2,"Summer Tanager",1200
"1082",155,2,"Tufted Titmouse",1198
"1083",155,2,"Turkey Vulture",27
"1084",155,2,"White-breasted Nuthatch",1191
"1085",155,2,"White-eyed Vireo",1200
"1086",155,2,"Yellow-billed Cuckoo",1200
"1087",155,2,"Yellow-throated Vireo",1200
"1088",155,2,"Yellow-throated Warbler",1200
"1089",155,3,"Acadian Flycatcher",1199
"1090",155,3,"American Crow",1198
"1091",155,3,"American Goldfinch",1195
"1092",155,3,"American Redstart",1199
"1093",155,3,"Barred Owl",1199
"1094",155,3,"Belted Kingfisher",1183
"1095",155,3,"Black Vulture",573
"1096",155,3,"Black-and-white Warbler",1199
"1097",155,3,"Blue Grosbeak",1199
"1098",155,3,"Blue Jay",1199
"1099",155,3,"Blue-gray Gnatcatcher",1198
"1100",155,3,"Brown Thrasher",952
"1101",155,3,"Brown-headed Cowbird",1199
"1102",155,3,"Brown-headed Nuthatch",1196
"1103",155,3,"Carolina Chickadee",1197
"1104",155,3,"Carolina Wren",1127
"1105",155,3,"Chimney Swift",1185
"1106",155,3,"Chipping Sparrow",1198
"1107",155,3,"Common Grackle",1177
"1108",155,3,"Common Yellowthroat",1199
"1109",155,3,"Downy Woodpecker",1152
"1110",155,3,"Eastern Bluebird",1197
"1111",155,3,"Eastern Kingbird",1109
"1112",155,3,"Eastern Phoebe",1197
"1113",155,3,"Eastern Towhee",1199
"1114",155,3,"Eastern Wood-Pewee",1199
"1115",155,3,"European Starling",100
"1116",155,3,"Fish Crow",945
"1117",155,3,"Great Blue Heron",1032
"1118",155,3,"Great Crested Flycatcher",1199
"1119",155,3,"Hairy Woodpecker",1149
"1120",155,3,"House Finch",846
"1121",155,3,"Indigo Bunting",1199
"1122",155,3,"Killdeer",285
"1123",155,3,"Mourning Dove",1198
"1124",155,3,"Northern Cardinal",1199
"1125",155,3,"Northern Flicker",1189
"1126",155,3,"Northern Mockingbird",707
"1127",155,3,"Northern Parula",1199
"1128",155,3,"Osprey",971
"1129",155,3,"Ovenbird",1199
"1130",155,3,"Pileated Woodpecker",1199
"1131",155,3,"Pine Warbler",1199
"1132",155,3,"Red-bellied Woodpecker",1199
"1133",155,3,"Red-eyed Vireo",1198
"1134",155,3,"Red-headed Woodpecker",1199
"1135",155,3,"Red-shouldered Hawk",1180
"1136",155,3,"Red-tailed Hawk",1199
"1137",155,3,"Red-winged Blackbird",1040
"1138",155,3,"Ruby-throated Hummingbird",1198
"1139",155,3,"Scarlet Tanager",1199
"1140",155,3,"Summer Tanager",1199
"1141",155,3,"Tufted Titmouse",1199
"1142",155,3,"Turkey Vulture",38
"1143",155,3,"White-breasted Nuthatch",1192
"1144",155,3,"White-eyed Vireo",1199
"1145",155,3,"Yellow-billed Cuckoo",1199
"1146",155,3,"Yellow-throated Vireo",1199
"1147",155,3,"Yellow-throated Warbler",1199
"1148",156,0,"Acadian Flycatcher",1
"1149",156,0,"American Crow",1
"1150",156,0,"American Goldfinch",1
"1151",156,0,"American Redstart",1
"1152",156,0,"Barred Owl",1
"1153",156,0,"Belted Kingfisher",1
"1154",156,0,"Black-and-white Warbler",1
"1155",156,0,"Blue Grosbeak",1
"1156",156,0,"Blue Jay",1
"1157",156,0,"Blue-gray Gnatcatcher",1
"1158",156,0,"Brown-headed Cowbird",1
"1159",156,0,"Brown-headed Nuthatch",1
"1160",156,0,"Carolina Chickadee",1
"1161",156,0,"Carolina Wren",1
"1162",156,0,"Chimney Swift",1
"1163",156,0,"Chipping Sparrow",1
"1164",156,0,"Common Grackle",1
"1165",156,0,"Common Yellowthroat",1
"1166",156,0,"Downy Woodpecker",1
"1167",156,0,"Eastern Bluebird",1
"1168",156,0,"Eastern Kingbird",1
"1169",156,0,"Eastern Phoebe",1
"1170",156,0,"Eastern Towhee",1
"1171",156,0,"Eastern Wood-Pewee",1
"1172",156,0,"Great Blue Heron",1
"1173",156,0,"Great Crested Flycatcher",1
"1174",156,0,"Hairy Woodpecker",1
"1175",156,0,"House Finch",1
"1176",156,0,"Indigo Bunting",1
"1177",156,0,"Mourning Dove",1
"1178",156,0,"Northern Cardinal",1
"1179",156,0,"Northern Flicker",1
"1180",156,0,"Northern Mockingbird",1
"1181",156,0,"Northern Parula",1
"1182",156,0,"Osprey",1
"1183",156,0,"Ovenbird",1
"1184",156,0,"Pileated Woodpecker",1
"1185",156,0,"Pine Warbler",1
"1186",156,0,"Red-bellied Woodpecker",1
"1187",156,0,"Red-eyed Vireo",1
"1188",156,0,"Red-headed Woodpecker",1
"1189",156,0,"Red-shouldered Hawk",1
"1190",156,0,"Red-tailed Hawk",1
"1191",156,0,"Ruby-throated Hummingbird",1
"1192",156,0,"Scarlet Tanager",1
"1193",156,0,"Summer Tanager",1
"1194",156,0,"Tufted Titmouse",1
"1195",156,0,"White-breasted Nuthatch",1
"1196",156,0,"White-eyed Vireo",1
"1197",156,0,"Yellow-billed Cuckoo",1
"1198",156,0,"Yellow-throated Vireo",1
"1199",156,0,"Yellow-throated Warbler",1
"1200",156,1,"Acadian Flycatcher",1200
"1201",156,1,"American Crow",1197
"1202",156,1,"American Goldfinch",1191
"1203",156,1,"American Redstart",1200
"1204",156,1,"Barred Owl",1199
"1205",156,1,"Belted Kingfisher",1191
"1206",156,1,"Black Vulture",899
"1207",156,1,"Black-and-white Warbler",1200
"1208",156,1,"Blue Grosbeak",1197
"1209",156,1,"Blue Jay",1199
"1210",156,1,"Blue-gray Gnatcatcher",1198
"1211",156,1,"Brown Thrasher",915
"1212",156,1,"Brown-headed Cowbird",1200
"1213",156,1,"Brown-headed Nuthatch",1198
"1214",156,1,"Carolina Chickadee",1194
"1215",156,1,"Carolina Wren",1126
"1216",156,1,"Chimney Swift",1192
"1217",156,1,"Chipping Sparrow",1195
"1218",156,1,"Common Grackle",1080
"1219",156,1,"Common Yellowthroat",1199
"1220",156,1,"Downy Woodpecker",1189
"1221",156,1,"Eastern Bluebird",1187
"1222",156,1,"Eastern Kingbird",1187
"1223",156,1,"Eastern Phoebe",1194
"1224",156,1,"Eastern Towhee",1200
"1225",156,1,"Eastern Wood-Pewee",1200
"1226",156,1,"European Starling",20
"1227",156,1,"Fish Crow",629
"1228",156,1,"Great Blue Heron",895
"1229",156,1,"Great Crested Flycatcher",1200
"1230",156,1,"Hairy Woodpecker",1197
"1231",156,1,"House Finch",1149
"1232",156,1,"Indigo Bunting",1198
"1233",156,1,"Killdeer",163
"1234",156,1,"Mourning Dove",1191
"1235",156,1,"Northern Cardinal",1198
"1236",156,1,"Northern Flicker",1192
"1237",156,1,"Northern Mockingbird",1023
"1238",156,1,"Northern Parula",1200
"1239",156,1,"Osprey",1180
"1240",156,1,"Ovenbird",1200
"1241",156,1,"Pileated Woodpecker",1196
"1242",156,1,"Pine Warbler",1200
"1243",156,1,"Red-bellied Woodpecker",1196
"1244",156,1,"Red-eyed Vireo",1200
"1245",156,1,"Red-headed Woodpecker",1200
"1246",156,1,"Red-shouldered Hawk",1171
"1247",156,1,"Red-tailed Hawk",1199
"1248",156,1,"Red-winged Blackbird",990
"1249",156,1,"Ruby-throated Hummingbird",1190
"1250",156,1,"Scarlet Tanager",1200
"1251",156,1,"Summer Tanager",1200
"1252",156,1,"Tufted Titmouse",1200
"1253",156,1,"Turkey Vulture",25
"1254",156,1,"White-breasted Nuthatch",1166
"1255",156,1,"White-eyed Vireo",1199
"1256",156,1,"Yellow-billed Cuckoo",1200
"1257",156,1,"Yellow-throated Vireo",1200
"1258",156,1,"Yellow-throated Warbler",1198
"1259",156,2,"Acadian Flycatcher",1200
"1260",156,2,"American Crow",1200
"1261",156,2,"American Goldfinch",1200
"1262",156,2,"American Redstart",1200
"1263",156,2,"Barred Owl",1200
"1264",156,2,"Belted Kingfisher",1193
"1265",156,2,"Black Vulture",926
"1266",156,2,"Black-and-white Warbler",1200
"1267",156,2,"Blue Grosbeak",1199
"1268",156,2,"Blue Jay",1200
"1269",156,2,"Blue-gray Gnatcatcher",1199
"1270",156,2,"Brown Thrasher",823
"1271",156,2,"Brown-headed Cowbird",1200
"1272",156,2,"Brown-headed Nuthatch",1199
"1273",156,2,"Carolina Chickadee",1196
"1274",156,2,"Carolina Wren",1111
"1275",156,2,"Chimney Swift",1180
"1276",156,2,"Chipping Sparrow",1198
"1277",156,2,"Common Grackle",1139
"1278",156,2,"Common Yellowthroat",1200
"1279",156,2,"Downy Woodpecker",1187
"1280",156,2,"Eastern Bluebird",1194
"1281",156,2,"Eastern Kingbird",1183
"1282",156,2,"Eastern Phoebe",1191
"1283",156,2,"Eastern Towhee",1200
"1284",156,2,"Eastern Wood-Pewee",1200
"1285",156,2,"European Starling",64
"1286",156,2,"Fish Crow",675
"1287",156,2,"Great Blue Heron",1101
"1288",156,2,"Great Crested Flycatcher",1200
"1289",156,2,"Hairy Woodpecker",1173
"1290",156,2,"House Finch",1122
"1291",156,2,"Indigo Bunting",1200
"1292",156,2,"Killdeer",235
"1293",156,2,"Mourning Dove",1188
"1294",156,2,"Northern Cardinal",1200
"1295",156,2,"Northern Flicker",1199
"1296",156,2,"Northern Mockingbird",880
"1297",156,2,"Northern Parula",1200
"1298",156,2,"Osprey",1177
"1299",156,2,"Ovenbird",1200
"1300",156,2,"Pileated Woodpecker",1200
"1301",156,2,"Pine Warbler",1200
"1302",156,2,"Red-bellied Woodpecker",1199
"1303",156,2,"Red-eyed Vireo",1200
"1304",156,2,"Red-headed Woodpecker",1200
"1305",156,2,"Red-shouldered Hawk",1179
"1306",156,2,"Red-tailed Hawk",1200
"1307",156,2,"Red-winged Blackbird",926
"1308",156,2,"Ruby-throated Hummingbird",1198
"1309",156,2,"Scarlet Tanager",1200
"1310",156,2,"Summer Tanager",1200
"1311",156,2,"Tufted Titmouse",1200
"1312",156,2,"Turkey Vulture",15
"1313",156,2,"White-breasted Nuthatch",1181
"1314",156,2,"White-eyed Vireo",1199
"1315",156,2,"Yellow-billed Cuckoo",1200
"1316",156,2,"Yellow-throated Vireo",1200
"1317",156,2,"Yellow-throated Warbler",1200
"1318",156,3,"Acadian Flycatcher",1199
"1319",156,3,"American Crow",1191
"1320",156,3,"American Goldfinch",1188
"1321",156,3,"American Redstart",1199
"1322",156,3,"Barred Owl",1196
"1323",156,3,"Belted Kingfisher",1088
"1324",156,3,"Black Vulture",339
"1325",156,3,"Black-and-white Warbler",1199
"1326",156,3,"Blue Grosbeak",1199
"1327",156,3,"Blue Jay",1198
"1328",156,3,"Blue-gray Gnatcatcher",1194
"1329",156,3,"Brown Thrasher",309
"1330",156,3,"Brown-headed Cowbird",1198
"1331",156,3,"Brown-headed Nuthatch",1184
"1332",156,3,"Carolina Chickadee",1179
"1333",156,3,"Carolina Wren",843
"1334",156,3,"Chimney Swift",1165
"1335",156,3,"Chipping Sparrow",1179
"1336",156,3,"Common Grackle",964
"1337",156,3,"Common Yellowthroat",1197
"1338",156,3,"Downy Woodpecker",1118
"1339",156,3,"Eastern Bluebird",1193
"1340",156,3,"Eastern Kingbird",913
"1341",156,3,"Eastern Phoebe",1162
"1342",156,3,"Eastern Towhee",1197
"1343",156,3,"Eastern Wood-Pewee",1199
"1344",156,3,"European Starling",34
"1345",156,3,"Fish Crow",741
"1346",156,3,"Great Blue Heron",817
"1347",156,3,"Great Crested Flycatcher",1199
"1348",156,3,"Hairy Woodpecker",982
"1349",156,3,"House Finch",921
"1350",156,3,"Indigo Bunting",1197
"1351",156,3,"Killdeer",90
"1352",156,3,"Mourning Dove",1172
"1353",156,3,"Northern Cardinal",1180
"1354",156,3,"Northern Flicker",1194
"1355",156,3,"Northern Mockingbird",395
"1356",156,3,"Northern Parula",1199
"1357",156,3,"Osprey",659
"1358",156,3,"Ovenbird",1198
"1359",156,3,"Pileated Woodpecker",1195
"1360",156,3,"Pine Warbler",1198
"1361",156,3,"Red-bellied Woodpecker",1196
"1362",156,3,"Red-eyed Vireo",1198
"1363",156,3,"Red-headed Woodpecker",1197
"1364",156,3,"Red-shouldered Hawk",1147
"1365",156,3,"Red-tailed Hawk",1199
"1366",156,3,"Red-winged Blackbird",638
"1367",156,3,"Ruby-throated Hummingbird",1182
"1368",156,3,"Scarlet Tanager",1199
"1369",156,3,"Summer Tanager",1199
"1370",156,3,"Tufted Titmouse",1197
"1371",156,3,"Turkey Vulture",5
"1372",156,3,"White-breasted Nuthatch",1143
"1373",156,3,"White-eyed Vireo",1197
"1374",156,3,"Yellow-billed Cuckoo",1199
"1375",156,3,"Yellow-throated Vireo",1199
"1376",156,3,"Yellow-throated Warbler",1198
"1377",157,0,"Acadian Flycatcher",1
"1378",157,0,"American Crow",1
"1379",157,0,"American Goldfinch",1
"1380",157,0,"American Redstart",1
"1381",157,0,"Barred Owl",1
"1382",157,0,"Belted Kingfisher",1
"1383",157,0,"Black-and-white Warbler",1
"1384",157,0,"Blue Grosbeak",1
"1385",157,0,"Blue Jay",1
"1386",157,0,"Blue-gray Gnatcatcher",1
"1387",157,0,"Brown-headed Cowbird",1
"1388",157,0,"Brown-headed Nuthatch",1
"1389",157,0,"Carolina Chickadee",1
"1390",157,0,"Carolina Wren",1
"1391",157,0,"Chimney Swift",1
"1392",157,0,"Chipping Sparrow",1
"1393",157,0,"Common Grackle",1
"1394",157,0,"Common Yellowthroat",1
"1395",157,0,"Downy Woodpecker",1
"1396",157,0,"Eastern Bluebird",1
"1397",157,0,"Eastern Kingbird",1
"1398",157,0,"Eastern Phoebe",1
"1399",157,0,"Eastern Towhee",1
"1400",157,0,"Eastern Wood-Pewee",1
"1401",157,0,"Great Blue Heron",1
"1402",157,0,"Great Crested Flycatcher",1
"1403",157,0,"Hairy Woodpecker",1
"1404",157,0,"House Finch",1
"1405",157,0,"Indigo Bunting",1
"1406",157,0,"Mourning Dove",1
"1407",157,0,"Northern Cardinal",1
"1408",157,0,"Northern Flicker",1
"1409",157,0,"Northern Mockingbird",1
"1410",157,0,"Northern Parula",1
"1411",157,0,"Osprey",1
"1412",157,0,"Ovenbird",1
"1413",157,0,"Pileated Woodpecker",1
"1414",157,0,"Pine Warbler",1
"1415",157,0,"Red-bellied Woodpecker",1
"1416",157,0,"Red-eyed Vireo",1
"1417",157,0,"Red-headed Woodpecker",1
"1418",157,0,"Red-shouldered Hawk",1
"1419",157,0,"Red-tailed Hawk",1
"1420",157,0,"Red-winged Blackbird",1
"1421",157,0,"Ruby-throated Hummingbird",1
"1422",157,0,"Scarlet Tanager",1
"1423",157,0,"Summer Tanager",1
"1424",157,0,"Tufted Titmouse",1
"1425",157,0,"White-breasted Nuthatch",1
"1426",157,0,"White-eyed Vireo",1
"1427",157,0,"Yellow-billed Cuckoo",1
"1428",157,0,"Yellow-throated Vireo",1
"1429",157,0,"Yellow-throated Warbler",1
"1430",157,1,"Acadian Flycatcher",1200
"1431",157,1,"American Crow",1197
"1432",157,1,"American Goldfinch",1189
"1433",157,1,"American Redstart",1200
"1434",157,1,"Barred Owl",1200
"1435",157,1,"Belted Kingfisher",1183
"1436",157,1,"Black Vulture",770
"1437",157,1,"Black-and-white Warbler",1200
"1438",157,1,"Blue Grosbeak",1199
"1439",157,1,"Blue Jay",1200
"1440",157,1,"Blue-gray Gnatcatcher",1195
"1441",157,1,"Brown Thrasher",803
"1442",157,1,"Brown-headed Cowbird",1200
"1443",157,1,"Brown-headed Nuthatch",1198
"1444",157,1,"Carolina Chickadee",1196
"1445",157,1,"Carolina Wren",1163
"1446",157,1,"Chimney Swift",1174
"1447",157,1,"Chipping Sparrow",1194
"1448",157,1,"Common Grackle",1109
"1449",157,1,"Common Yellowthroat",1199
"1450",157,1,"Downy Woodpecker",1189
"1451",157,1,"Eastern Bluebird",1186
"1452",157,1,"Eastern Kingbird",1188
"1453",157,1,"Eastern Phoebe",1196
"1454",157,1,"Eastern Towhee",1200
"1455",157,1,"Eastern Wood-Pewee",1200
"1456",157,1,"European Starling",95
"1457",157,1,"Fish Crow",540
"1458",157,1,"Great Blue Heron",948
"1459",157,1,"Great Crested Flycatcher",1200
"1460",157,1,"Hairy Woodpecker",1200
"1461",157,1,"House Finch",1075
"1462",157,1,"Indigo Bunting",1199
"1463",157,1,"Killdeer",86
"1464",157,1,"Mourning Dove",1190
"1465",157,1,"Northern Cardinal",1199
"1466",157,1,"Northern Flicker",1196
"1467",157,1,"Northern Mockingbird",922
"1468",157,1,"Northern Parula",1200
"1469",157,1,"Osprey",1173
"1470",157,1,"Ovenbird",1200
"1471",157,1,"Pileated Woodpecker",1195
"1472",157,1,"Pine Warbler",1200
"1473",157,1,"Red-bellied Woodpecker",1197
"1474",157,1,"Red-eyed Vireo",1200
"1475",157,1,"Red-headed Woodpecker",1200
"1476",157,1,"Red-shouldered Hawk",1181
"1477",157,1,"Red-tailed Hawk",1200
"1478",157,1,"Red-winged Blackbird",942
"1479",157,1,"Ruby-throated Hummingbird",1194
"1480",157,1,"Scarlet Tanager",1200
"1481",157,1,"Summer Tanager",1200
"1482",157,1,"Tufted Titmouse",1200
"1483",157,1,"Turkey Vulture",40
"1484",157,1,"White-breasted Nuthatch",1179
"1485",157,1,"White-eyed Vireo",1197
"1486",157,1,"Yellow-billed Cuckoo",1200
"1487",157,1,"Yellow-throated Vireo",1200
"1488",157,1,"Yellow-throated Warbler",1200
"1489",157,2,"Acadian Flycatcher",1200
"1490",157,2,"American Crow",1198
"1491",157,2,"American Goldfinch",1166
"1492",157,2,"American Redstart",1196
"1493",157,2,"Barred Owl",1199
"1494",157,2,"Belted Kingfisher",1188
"1495",157,2,"Black Vulture",922
"1496",157,2,"Black-and-white Warbler",1200
"1497",157,2,"Blue Grosbeak",1200
"1498",157,2,"Blue Jay",1200
"1499",157,2,"Blue-gray Gnatcatcher",1200
"1500",157,2,"Brown Thrasher",861
"1501",157,2,"Brown-headed Cowbird",1200
"1502",157,2,"Brown-headed Nuthatch",1186
"1503",157,2,"Carolina Chickadee",1177
"1504",157,2,"Carolina Wren",1134
"1505",157,2,"Chimney Swift",1137
"1506",157,2,"Chipping Sparrow",1161
"1507",157,2,"Common Grackle",1149
"1508",157,2,"Common Yellowthroat",1199
"1509",157,2,"Downy Woodpecker",1148
"1510",157,2,"Eastern Bluebird",1177
"1511",157,2,"Eastern Kingbird",1138
"1512",157,2,"Eastern Phoebe",1192
"1513",157,2,"Eastern Towhee",1200
"1514",157,2,"Eastern Wood-Pewee",1200
"1515",157,2,"European Starling",99
"1516",157,2,"Fish Crow",672
"1517",157,2,"Great Blue Heron",1124
"1518",157,2,"Great Crested Flycatcher",1200
"1519",157,2,"Hairy Woodpecker",1195
"1520",157,2,"House Finch",1052
"1521",157,2,"Indigo Bunting",1197
"1522",157,2,"Killdeer",150
"1523",157,2,"Mourning Dove",1174
"1524",157,2,"Northern Cardinal",1200
"1525",157,2,"Northern Flicker",1197
"1526",157,2,"Northern Mockingbird",866
"1527",157,2,"Northern Parula",1200
"1528",157,2,"Osprey",1103
"1529",157,2,"Ovenbird",1190
"1530",157,2,"Pileated Woodpecker",1190
"1531",157,2,"Pine Warbler",1190
"1532",157,2,"Red-bellied Woodpecker",1187
"1533",157,2,"Red-eyed Vireo",1195
"1534",157,2,"Red-headed Woodpecker",1194
"1535",157,2,"Red-shouldered Hawk",1177
"1536",157,2,"Red-tailed Hawk",1200
"1537",157,2,"Red-winged Blackbird",1033
"1538",157,2,"Ruby-throated Hummingbird",1183
"1539",157,2,"Scarlet Tanager",1200
"1540",157,2,"Summer Tanager",1200
"1541",157,2,"Tufted Titmouse",1200
"1542",157,2,"Turkey Vulture",90
"1543",157,2,"White-breasted Nuthatch",1153
"1544",157,2,"White-eyed Vireo",1200
"1545",157,2,"Yellow-billed Cuckoo",1200
"1546",157,2,"Yellow-throated Vireo",1193
"1547",157,2,"Yellow-throated Warbler",1200
"1548",157,3,"Acadian Flycatcher",1198
"1549",157,3,"American Crow",1171
"1550",157,3,"American Goldfinch",1127
"1551",157,3,"American Redstart",1193
"1552",157,3,"Barred Owl",1198
"1553",157,3,"Belted Kingfisher",1161
"1554",157,3,"Black Vulture",424
"1555",157,3,"Black-and-white Warbler",1198
"1556",157,3,"Blue Grosbeak",1198
"1557",157,3,"Blue Jay",1181
"1558",157,3,"Blue-gray Gnatcatcher",1196
"1559",157,3,"Brown Thrasher",489
"1560",157,3,"Brown-headed Cowbird",1197
"1561",157,3,"Brown-headed Nuthatch",1152
"1562",157,3,"Carolina Chickadee",1157
"1563",157,3,"Carolina Wren",1111
"1564",157,3,"Chimney Swift",1098
"1565",157,3,"Chipping Sparrow",1097
"1566",157,3,"Common Grackle",1035
"1567",157,3,"Common Yellowthroat",1191
"1568",157,3,"Downy Woodpecker",1110
"1569",157,3,"Eastern Bluebird",1174
"1570",157,3,"Eastern Kingbird",1054
"1571",157,3,"Eastern Phoebe",1164
"1572",157,3,"Eastern Towhee",1199
"1573",157,3,"Eastern Wood-Pewee",1199
"1574",157,3,"European Starling",68
"1575",157,3,"Fish Crow",875
"1576",157,3,"Great Blue Heron",906
"1577",157,3,"Great Crested Flycatcher",1199
"1578",157,3,"Hairy Woodpecker",1130
"1579",157,3,"House Finch",930
"1580",157,3,"Indigo Bunting",1187
"1581",157,3,"Killdeer",328
"1582",157,3,"Mourning Dove",1162
"1583",157,3,"Northern Cardinal",1190
"1584",157,3,"Northern Flicker",1179
"1585",157,3,"Northern Mockingbird",643
"1586",157,3,"Northern Parula",1198
"1587",157,3,"Osprey",672
"1588",157,3,"Ovenbird",1187
"1589",157,3,"Pileated Woodpecker",1176
"1590",157,3,"Pine Warbler",1188
"1591",157,3,"Red-bellied Woodpecker",1169
"1592",157,3,"Red-eyed Vireo",1183
"1593",157,3,"Red-headed Woodpecker",1189
"1594",157,3,"Red-shouldered Hawk",1142
"1595",157,3,"Red-tailed Hawk",1198
"1596",157,3,"Red-winged Blackbird",875
"1597",157,3,"Ruby-throated Hummingbird",1141
"1598",157,3,"Scarlet Tanager",1197
"1599",157,3,"Summer Tanager",1198
"1600",157,3,"Tufted Titmouse",1190
"1601",157,3,"Turkey Vulture",14
"1602",157,3,"White-breasted Nuthatch",1089
"1603",157,3,"White-eyed Vireo",1193
"1604",157,3,"Yellow-billed Cuckoo",1199
"1605",157,3,"Yellow-throated Vireo",1197
"1606",157,3,"Yellow-throated Warbler",1198
"1607",158,0,"Acadian Flycatcher",1
"1608",158,0,"American Crow",1
"1609",158,0,"American Goldfinch",1
"1610",158,0,"American Redstart",1
"1611",158,0,"Barred Owl",1
"1612",158,0,"Belted Kingfisher",1
"1613",158,0,"Black Vulture",1
"1614",158,0,"Black-and-white Warbler",1
"1615",158,0,"Blue Grosbeak",1
"1616",158,0,"Blue Jay",1
"1617",158,0,"Blue-gray Gnatcatcher",1
"1618",158,0,"Brown-headed Cowbird",1
"1619",158,0,"Brown-headed Nuthatch",1
"1620",158,0,"Carolina Chickadee",1
"1621",158,0,"Carolina Wren",1
"1622",158,0,"Chimney Swift",1
"1623",158,0,"Chipping Sparrow",1
"1624",158,0,"Common Grackle",1
"1625",158,0,"Common Yellowthroat",1
"1626",158,0,"Downy Woodpecker",1
"1627",158,0,"Eastern Bluebird",1
"1628",158,0,"Eastern Kingbird",1
"1629",158,0,"Eastern Phoebe",1
"1630",158,0,"Eastern Towhee",1
"1631",158,0,"Eastern Wood-Pewee",1
"1632",158,0,"Great Crested Flycatcher",1
"1633",158,0,"Hairy Woodpecker",1
"1634",158,0,"House Finch",1
"1635",158,0,"Indigo Bunting",1
"1636",158,0,"Mourning Dove",1
"1637",158,0,"Northern Cardinal",1
"1638",158,0,"Northern Flicker",1
"1639",158,0,"Northern Parula",1
"1640",158,0,"Osprey",1
"1641",158,0,"Ovenbird",1
"1642",158,0,"Pileated Woodpecker",1
"1643",158,0,"Pine Warbler",1
"1644",158,0,"Red-bellied Woodpecker",1
"1645",158,0,"Red-eyed Vireo",1
"1646",158,0,"Red-headed Woodpecker",1
"1647",158,0,"Red-shouldered Hawk",1
"1648",158,0,"Red-tailed Hawk",1
"1649",158,0,"Red-winged Blackbird",1
"1650",158,0,"Ruby-throated Hummingbird",1
"1651",158,0,"Scarlet Tanager",1
"1652",158,0,"Summer Tanager",1
"1653",158,0,"Tufted Titmouse",1
"1654",158,0,"White-breasted Nuthatch",1
"1655",158,0,"White-eyed Vireo",1
"1656",158,0,"Yellow-billed Cuckoo",1
"1657",158,0,"Yellow-throated Vireo",1
"1658",158,0,"Yellow-throated Warbler",1
"1659",158,1,"Acadian Flycatcher",1200
"1660",158,1,"American Crow",1200
"1661",158,1,"American Goldfinch",1175
"1662",158,1,"American Redstart",1200
"1663",158,1,"Barred Owl",1200
"1664",158,1,"Belted Kingfisher",1185
"1665",158,1,"Black Vulture",572
"1666",158,1,"Black-and-white Warbler",1200
"1667",158,1,"Blue Grosbeak",1199
"1668",158,1,"Blue Jay",1200
"1669",158,1,"Blue-gray Gnatcatcher",1196
"1670",158,1,"Brown Thrasher",298
"1671",158,1,"Brown-headed Cowbird",1200
"1672",158,1,"Brown-headed Nuthatch",1199
"1673",158,1,"Carolina Chickadee",1181
"1674",158,1,"Carolina Wren",1184
"1675",158,1,"Chimney Swift",1120
"1676",158,1,"Chipping Sparrow",1180
"1677",158,1,"Common Grackle",1101
"1678",158,1,"Common Yellowthroat",1200
"1679",158,1,"Downy Woodpecker",1157
"1680",158,1,"Eastern Bluebird",1108
"1681",158,1,"Eastern Kingbird",1091
"1682",158,1,"Eastern Phoebe",1195
"1683",158,1,"Eastern Towhee",1200
"1684",158,1,"Eastern Wood-Pewee",1200
"1685",158,1,"European Starling",104
"1686",158,1,"Fish Crow",842
"1687",158,1,"Great Blue Heron",638
"1688",158,1,"Great Crested Flycatcher",1200
"1689",158,1,"Hairy Woodpecker",1066
"1690",158,1,"House Finch",916
"1691",158,1,"Indigo Bunting",1194
"1692",158,1,"Killdeer",10
"1693",158,1,"Mourning Dove",1161
"1694",158,1,"Northern Cardinal",1200
"1695",158,1,"Northern Flicker",1198
"1696",158,1,"Northern Mockingbird",548
"1697",158,1,"Northern Parula",1200
"1698",158,1,"Osprey",664
"1699",158,1,"Ovenbird",1200
"1700",158,1,"Pileated Woodpecker",1200
"1701",158,1,"Pine Warbler",1199
"1702",158,1,"Red-bellied Woodpecker",1195
"1703",158,1,"Red-eyed Vireo",1200
"1704",158,1,"Red-headed Woodpecker",1198
"1705",158,1,"Red-shouldered Hawk",1185
"1706",158,1,"Red-tailed Hawk",1198
"1707",158,1,"Red-winged Blackbird",793
"1708",158,1,"Ruby-throated Hummingbird",1187
"1709",158,1,"Scarlet Tanager",1200
"1710",158,1,"Summer Tanager",1200
"1711",158,1,"Tufted Titmouse",1200
"1712",158,1,"Turkey Vulture",21
"1713",158,1,"White-breasted Nuthatch",1038
"1714",158,1,"White-eyed Vireo",1198
"1715",158,1,"Yellow-billed Cuckoo",1200
"1716",158,1,"Yellow-throated Vireo",1199
"1717",158,1,"Yellow-throated Warbler",1200
"1718",158,2,"Acadian Flycatcher",1199
"1719",158,2,"American Crow",1200
"1720",158,2,"American Goldfinch",1145
"1721",158,2,"American Redstart",1199
"1722",158,2,"Barred Owl",1199
"1723",158,2,"Belted Kingfisher",1181
"1724",158,2,"Black Vulture",334
"1725",158,2,"Black-and-white Warbler",1200
"1726",158,2,"Blue Grosbeak",1200
"1727",158,2,"Blue Jay",1200
"1728",158,2,"Blue-gray Gnatcatcher",1197
"1729",158,2,"Brown Thrasher",319
"1730",158,2,"Brown-headed Cowbird",1200
"1731",158,2,"Brown-headed Nuthatch",1162
"1732",158,2,"Carolina Chickadee",1091
"1733",158,2,"Carolina Wren",1052
"1734",158,2,"Chimney Swift",1165
"1735",158,2,"Chipping Sparrow",1169
"1736",158,2,"Common Grackle",1115
"1737",158,2,"Common Yellowthroat",1200
"1738",158,2,"Downy Woodpecker",1071
"1739",158,2,"Eastern Bluebird",1163
"1740",158,2,"Eastern Kingbird",967
"1741",158,2,"Eastern Phoebe",1181
"1742",158,2,"Eastern Towhee",1200
"1743",158,2,"Eastern Wood-Pewee",1200
"1744",158,2,"European Starling",66
"1745",158,2,"Fish Crow",954
"1746",158,2,"Great Blue Heron",862
"1747",158,2,"Great Crested Flycatcher",1200
"1748",158,2,"Hairy Woodpecker",1032
"1749",158,2,"House Finch",789
"1750",158,2,"Indigo Bunting",1188
"1751",158,2,"Killdeer",114
"1752",158,2,"Mourning Dove",1166
"1753",158,2,"Northern Cardinal",1200
"1754",158,2,"Northern Flicker",1200
"1755",158,2,"Northern Mockingbird",542
"1756",158,2,"Northern Parula",1199
"1757",158,2,"Osprey",416
"1758",158,2,"Ovenbird",1198
"1759",158,2,"Pileated Woodpecker",1196
"1760",158,2,"Pine Warbler",1193
"1761",158,2,"Red-bellied Woodpecker",1196
"1762",158,2,"Red-eyed Vireo",1192
"1763",158,2,"Red-headed Woodpecker",1194
"1764",158,2,"Red-shouldered Hawk",1175
"1765",158,2,"Red-tailed Hawk",1199
"1766",158,2,"Red-winged Blackbird",836
"1767",158,2,"Ruby-throated Hummingbird",1170
"1768",158,2,"Scarlet Tanager",1200
"1769",158,2,"Summer Tanager",1200
"1770",158,2,"Tufted Titmouse",1200
"1771",158,2,"Turkey Vulture",2
"1772",158,2,"White-breasted Nuthatch",1093
"1773",158,2,"White-eyed Vireo",1188
"1774",158,2,"Yellow-billed Cuckoo",1200
"1775",158,2,"Yellow-throated Vireo",1191
"1776",158,2,"Yellow-throated Warbler",1197
"1777",158,3,"Acadian Flycatcher",1199
"1778",158,3,"American Crow",1182
"1779",158,3,"American Goldfinch",1162
"1780",158,3,"American Redstart",1199
"1781",158,3,"Barred Owl",1199
"1782",158,3,"Belted Kingfisher",1174
"1783",158,3,"Black Vulture",476
"1784",158,3,"Black-and-white Warbler",1199
"1785",158,3,"Blue Grosbeak",1199
"1786",158,3,"Blue Jay",1195
"1787",158,3,"Blue-gray Gnatcatcher",1193
"1788",158,3,"Brown Thrasher",578
"1789",158,3,"Brown-headed Cowbird",1197
"1790",158,3,"Brown-headed Nuthatch",1187
"1791",158,3,"Carolina Chickadee",1186
"1792",158,3,"Carolina Wren",1117
"1793",158,3,"Chimney Swift",1133
"1794",158,3,"Chipping Sparrow",1145
"1795",158,3,"Common Grackle",1109
"1796",158,3,"Common Yellowthroat",1197
"1797",158,3,"Downy Woodpecker",1117
"1798",158,3,"Eastern Bluebird",1184
"1799",158,3,"Eastern Kingbird",1088
"1800",158,3,"Eastern Phoebe",1182
"1801",158,3,"Eastern Towhee",1199
"1802",158,3,"Eastern Wood-Pewee",1199
"1803",158,3,"European Starling",87
"1804",158,3,"Fish Crow",976
"1805",158,3,"Great Blue Heron",1003
"1806",158,3,"Great Crested Flycatcher",1199
"1807",158,3,"Hairy Woodpecker",1131
"1808",158,3,"House Finch",942
"1809",158,3,"Indigo Bunting",1199
"1810",158,3,"Killdeer",279
"1811",158,3,"Mourning Dove",1194
"1812",158,3,"Northern Cardinal",1194
"1813",158,3,"Northern Flicker",1193
"1814",158,3,"Northern Mockingbird",641
"1815",158,3,"Northern Parula",1199
"1816",158,3,"Osprey",655
"1817",158,3,"Ovenbird",1195
"1818",158,3,"Pileated Woodpecker",1193
"1819",158,3,"Pine Warbler",1195
"1820",158,3,"Red-bellied Woodpecker",1197
"1821",158,3,"Red-eyed Vireo",1185
"1822",158,3,"Red-headed Woodpecker",1198
"1823",158,3,"Red-shouldered Hawk",1184
"1824",158,3,"Red-tailed Hawk",1199
"1825",158,3,"Red-winged Blackbird",974
"1826",158,3,"Ruby-throated Hummingbird",1160
"1827",158,3,"Scarlet Tanager",1199
"1828",158,3,"Summer Tanager",1199
"1829",158,3,"Tufted Titmouse",1195
"1830",158,3,"Turkey Vulture",44
"1831",158,3,"White-breasted Nuthatch",1166
"1832",158,3,"White-eyed Vireo",1195
"1833",158,3,"Yellow-billed Cuckoo",1199
"1834",158,3,"Yellow-throated Vireo",1199
"1835",158,3,"Yellow-throated Warbler",1198
"1836",159,0,"Acadian Flycatcher",1
"1837",159,0,"American Crow",1
"1838",159,0,"American Goldfinch",1
"1839",159,0,"American Redstart",1
"1840",159,0,"Barred Owl",1
"1841",159,0,"Black Vulture",1
"1842",159,0,"Black-and-white Warbler",1
"1843",159,0,"Blue Grosbeak",1
"1844",159,0,"Blue Jay",1
"1845",159,0,"Blue-gray Gnatcatcher",1
"1846",159,0,"Brown Thrasher",1
"1847",159,0,"Brown-headed Cowbird",1
"1848",159,0,"Brown-headed Nuthatch",1
"1849",159,0,"Carolina Chickadee",1
"1850",159,0,"Carolina Wren",1
"1851",159,0,"Common Grackle",1
"1852",159,0,"Common Yellowthroat",1
"1853",159,0,"Downy Woodpecker",1
"1854",159,0,"Eastern Bluebird",1
"1855",159,0,"Eastern Kingbird",1
"1856",159,0,"Eastern Phoebe",1
"1857",159,0,"Eastern Towhee",1
"1858",159,0,"Eastern Wood-Pewee",1
"1859",159,0,"Great Blue Heron",1
"1860",159,0,"Great Crested Flycatcher",1
"1861",159,0,"Hairy Woodpecker",1
"1862",159,0,"Indigo Bunting",1
"1863",159,0,"Mourning Dove",1
"1864",159,0,"Northern Cardinal",1
"1865",159,0,"Northern Flicker",1
"1866",159,0,"Northern Parula",1
"1867",159,0,"Osprey",1
"1868",159,0,"Ovenbird",1
"1869",159,0,"Pileated Woodpecker",1
"1870",159,0,"Pine Warbler",1
"1871",159,0,"Red-bellied Woodpecker",1
"1872",159,0,"Red-eyed Vireo",1
"1873",159,0,"Red-headed Woodpecker",1
"1874",159,0,"Red-shouldered Hawk",1
"1875",159,0,"Red-tailed Hawk",1
"1876",159,0,"Red-winged Blackbird",1
"1877",159,0,"Ruby-throated Hummingbird",1
"1878",159,0,"Scarlet Tanager",1
"1879",159,0,"Summer Tanager",1
"1880",159,0,"Tufted Titmouse",1
"1881",159,0,"White-breasted Nuthatch",1
"1882",159,0,"White-eyed Vireo",1
"1883",159,0,"Yellow-billed Cuckoo",1
"1884",159,0,"Yellow-throated Vireo",1
"1885",159,0,"Yellow-throated Warbler",1
"1886",159,1,"Acadian Flycatcher",1200
"1887",159,1,"American Crow",1071
"1888",159,1,"American Goldfinch",1148
"1889",159,1,"American Redstart",1193
"1890",159,1,"Barred Owl",1199
"1891",159,1,"Belted Kingfisher",1025
"1892",159,1,"Black Vulture",875
"1893",159,1,"Black-and-white Warbler",1200
"1894",159,1,"Blue Grosbeak",1200
"1895",159,1,"Blue Jay",1200
"1896",159,1,"Blue-gray Gnatcatcher",1198
"1897",159,1,"Brown Thrasher",654
"1898",159,1,"Brown-headed Cowbird",1175
"1899",159,1,"Brown-headed Nuthatch",1171
"1900",159,1,"Carolina Chickadee",1190
"1901",159,1,"Carolina Wren",1068
"1902",159,1,"Chimney Swift",861
"1903",159,1,"Chipping Sparrow",1062
"1904",159,1,"Common Grackle",1083
"1905",159,1,"Common Yellowthroat",1199
"1906",159,1,"Downy Woodpecker",900
"1907",159,1,"Eastern Bluebird",1191
"1908",159,1,"Eastern Kingbird",1082
"1909",159,1,"Eastern Phoebe",1198
"1910",159,1,"Eastern Towhee",1200
"1911",159,1,"Eastern Wood-Pewee",1200
"1912",159,1,"European Starling",30
"1913",159,1,"Fish Crow",588
"1914",159,1,"Great Blue Heron",754
"1915",159,1,"Great Crested Flycatcher",1200
"1916",159,1,"Hairy Woodpecker",1078
"1917",159,1,"House Finch",795
"1918",159,1,"Indigo Bunting",1200
"1919",159,1,"Killdeer",160
"1920",159,1,"Mourning Dove",1185
"1921",159,1,"Northern Cardinal",1161
"1922",159,1,"Northern Flicker",1043
"1923",159,1,"Northern Mockingbird",690
"1924",159,1,"Northern Parula",1200
"1925",159,1,"Osprey",967
"1926",159,1,"Ovenbird",1200
"1927",159,1,"Pileated Woodpecker",1193
"1928",159,1,"Pine Warbler",1196
"1929",159,1,"Red-bellied Woodpecker",1111
"1930",159,1,"Red-eyed Vireo",1200
"1931",159,1,"Red-headed Woodpecker",1195
"1932",159,1,"Red-shouldered Hawk",1155
"1933",159,1,"Red-tailed Hawk",1200
"1934",159,1,"Red-winged Blackbird",1112
"1935",159,1,"Ruby-throated Hummingbird",1178
"1936",159,1,"Scarlet Tanager",1198
"1937",159,1,"Summer Tanager",1200
"1938",159,1,"Tufted Titmouse",1171
"1939",159,1,"Turkey Vulture",7
"1940",159,1,"White-breasted Nuthatch",1040
"1941",159,1,"White-eyed Vireo",1196
"1942",159,1,"Yellow-billed Cuckoo",1200
"1943",159,1,"Yellow-throated Vireo",1200
"1944",159,1,"Yellow-throated Warbler",1200
"1945",159,2,"Acadian Flycatcher",1200
"1946",159,2,"American Crow",1178
"1947",159,2,"American Goldfinch",1194
"1948",159,2,"American Redstart",1199
"1949",159,2,"Barred Owl",1200
"1950",159,2,"Belted Kingfisher",1141
"1951",159,2,"Black Vulture",1009
"1952",159,2,"Black-and-white Warbler",1200
"1953",159,2,"Blue Grosbeak",1200
"1954",159,2,"Blue Jay",1200
"1955",159,2,"Blue-gray Gnatcatcher",1199
"1956",159,2,"Brown Thrasher",598
"1957",159,2,"Brown-headed Cowbird",1193
"1958",159,2,"Brown-headed Nuthatch",1189
"1959",159,2,"Carolina Chickadee",1196
"1960",159,2,"Carolina Wren",1096
"1961",159,2,"Chimney Swift",880
"1962",159,2,"Chipping Sparrow",1115
"1963",159,2,"Common Grackle",1140
"1964",159,2,"Common Yellowthroat",1199
"1965",159,2,"Downy Woodpecker",1031
"1966",159,2,"Eastern Bluebird",1151
"1967",159,2,"Eastern Kingbird",1070
"1968",159,2,"Eastern Phoebe",1186
"1969",159,2,"Eastern Towhee",1200
"1970",159,2,"Eastern Wood-Pewee",1200
"1971",159,2,"European Starling",27
"1972",159,2,"Fish Crow",436
"1973",159,2,"Great Blue Heron",1002
"1974",159,2,"Great Crested Flycatcher",1200
"1975",159,2,"Hairy Woodpecker",1142
"1976",159,2,"House Finch",453
"1977",159,2,"Indigo Bunting",1200
"1978",159,2,"Killdeer",133
"1979",159,2,"Mourning Dove",1195
"1980",159,2,"Northern Cardinal",1193
"1981",159,2,"Northern Flicker",1174
"1982",159,2,"Northern Mockingbird",487
"1983",159,2,"Northern Parula",1200
"1984",159,2,"Osprey",943
"1985",159,2,"Ovenbird",1200
"1986",159,2,"Pileated Woodpecker",1200
"1987",159,2,"Pine Warbler",1199
"1988",159,2,"Red-bellied Woodpecker",1193
"1989",159,2,"Red-eyed Vireo",1200
"1990",159,2,"Red-headed Woodpecker",1200
"1991",159,2,"Red-shouldered Hawk",1146
"1992",159,2,"Red-tailed Hawk",1199
"1993",159,2,"Red-winged Blackbird",1127
"1994",159,2,"Ruby-throated Hummingbird",1196
"1995",159,2,"Scarlet Tanager",1200
"1996",159,2,"Summer Tanager",1200
"1997",159,2,"Tufted Titmouse",1199
"1998",159,2,"Turkey Vulture",6
"1999",159,2,"White-breasted Nuthatch",1139
"2000",159,2,"White-eyed Vireo",1195
"2001",159,2,"Yellow-billed Cuckoo",1200
"2002",159,2,"Yellow-throated Vireo",1200
"2003",159,2,"Yellow-throated Warbler",1200
"2004",159,3,"Acadian Flycatcher",1199
"2005",159,3,"American Crow",1165
"2006",159,3,"American Goldfinch",1164
"2007",159,3,"American Redstart",1199
"2008",159,3,"Barred Owl",1199
"2009",159,3,"Belted Kingfisher",1090
"2010",159,3,"Black Vulture",515
"2011",159,3,"Black-and-white Warbler",1199
"2012",159,3,"Blue Grosbeak",1199
"2013",159,3,"Blue Jay",1197
"2014",159,3,"Blue-gray Gnatcatcher",1198
"2015",159,3,"Brown Thrasher",535
"2016",159,3,"Brown-headed Cowbird",1190
"2017",159,3,"Brown-headed Nuthatch",1179
"2018",159,3,"Carolina Chickadee",1167
"2019",159,3,"Carolina Wren",1072
"2020",159,3,"Chimney Swift",275
"2021",159,3,"Chipping Sparrow",849
"2022",159,3,"Common Grackle",868
"2023",159,3,"Common Yellowthroat",1199
"2024",159,3,"Downy Woodpecker",733
"2025",159,3,"Eastern Bluebird",726
"2026",159,3,"Eastern Kingbird",1045
"2027",159,3,"Eastern Phoebe",1198
"2028",159,3,"Eastern Towhee",1199
"2029",159,3,"Eastern Wood-Pewee",1199
"2030",159,3,"European Starling",6
"2031",159,3,"Fish Crow",257
"2032",159,3,"Great Blue Heron",1159
"2033",159,3,"Great Crested Flycatcher",1199
"2034",159,3,"Hairy Woodpecker",1153
"2035",159,3,"House Finch",382
"2036",159,3,"Indigo Bunting",1198
"2037",159,3,"Killdeer",282
"2038",159,3,"Mourning Dove",1190
"2039",159,3,"Northern Cardinal",1093
"2040",159,3,"Northern Flicker",1161
"2041",159,3,"Northern Mockingbird",329
"2042",159,3,"Northern Parula",1199
"2043",159,3,"Osprey",537
"2044",159,3,"Ovenbird",1197
"2045",159,3,"Pileated Woodpecker",1199
"2046",159,3,"Pine Warbler",1199
"2047",159,3,"Red-bellied Woodpecker",1150
"2048",159,3,"Red-eyed Vireo",1197
"2049",159,3,"Red-headed Woodpecker",1197
"2050",159,3,"Red-shouldered Hawk",1010
"2051",159,3,"Red-tailed Hawk",1199
"2052",159,3,"Red-winged Blackbird",1056
"2053",159,3,"Ruby-throated Hummingbird",1194
"2054",159,3,"Scarlet Tanager",1199
"2055",159,3,"Summer Tanager",1199
"2056",159,3,"Tufted Titmouse",1197
"2057",159,3,"Turkey Vulture",1
"2058",159,3,"White-breasted Nuthatch",957
"2059",159,3,"White-eyed Vireo",1198
"2060",159,3,"Yellow-billed Cuckoo",1199
"2061",159,3,"Yellow-throated Vireo",1199
"2062",159,3,"Yellow-throated Warbler",1199
"2063",160,0,"Acadian Flycatcher",1
"2064",160,0,"American Crow",1
"2065",160,0,"American Goldfinch",1
"2066",160,0,"American Redstart",1
"2067",160,0,"Barred Owl",1
"2068",160,0,"Belted Kingfisher",1
"2069",160,0,"Black Vulture",1
"2070",160,0,"Black-and-white Warbler",1
"2071",160,0,"Blue Grosbeak",1
"2072",160,0,"Blue Jay",1
"2073",160,0,"Blue-gray Gnatcatcher",1
"2074",160,0,"Brown Thrasher",1
"2075",160,0,"Brown-headed Cowbird",1
"2076",160,0,"Brown-headed Nuthatch",1
"2077",160,0,"Carolina Chickadee",1
"2078",160,0,"Carolina Wren",1
"2079",160,0,"Chimney Swift",1
"2080",160,0,"Chipping Sparrow",1
"2081",160,0,"Common Grackle",1
"2082",160,0,"Common Yellowthroat",1
"2083",160,0,"Downy Woodpecker",1
"2084",160,0,"Eastern Bluebird",1
"2085",160,0,"Eastern Kingbird",1
"2086",160,0,"Eastern Phoebe",1
"2087",160,0,"Eastern Towhee",1
"2088",160,0,"Eastern Wood-Pewee",1
"2089",160,0,"Fish Crow",1
"2090",160,0,"Great Blue Heron",1
"2091",160,0,"Great Crested Flycatcher",1
"2092",160,0,"Hairy Woodpecker",1
"2093",160,0,"House Finch",1
"2094",160,0,"Indigo Bunting",1
"2095",160,0,"Killdeer",1
"2096",160,0,"Mourning Dove",1
"2097",160,0,"Northern Cardinal",1
"2098",160,0,"Northern Flicker",1
"2099",160,0,"Northern Mockingbird",1
"2100",160,0,"Northern Parula",1
"2101",160,0,"Osprey",1
"2102",160,0,"Ovenbird",1
"2103",160,0,"Pileated Woodpecker",1
"2104",160,0,"Pine Warbler",1
"2105",160,0,"Red-bellied Woodpecker",1
"2106",160,0,"Red-eyed Vireo",1
"2107",160,0,"Red-headed Woodpecker",1
"2108",160,0,"Red-shouldered Hawk",1
"2109",160,0,"Red-tailed Hawk",1
"2110",160,0,"Red-winged Blackbird",1
"2111",160,0,"Ruby-throated Hummingbird",1
"2112",160,0,"Scarlet Tanager",1
"2113",160,0,"Summer Tanager",1
"2114",160,0,"Tufted Titmouse",1
"2115",160,0,"White-breasted Nuthatch",1
"2116",160,0,"White-eyed Vireo",1
"2117",160,0,"Yellow-billed Cuckoo",1
"2118",160,0,"Yellow-throated Vireo",1
"2119",160,0,"Yellow-throated Warbler",1
"2120",160,1,"Acadian Flycatcher",1200
"2121",160,1,"American Crow",1195
"2122",160,1,"American Goldfinch",1198
"2123",160,1,"American Redstart",1200
"2124",160,1,"Barred Owl",1199
"2125",160,1,"Belted Kingfisher",1198
"2126",160,1,"Black Vulture",1146
"2127",160,1,"Black-and-white Warbler",1200
"2128",160,1,"Blue Grosbeak",1200
"2129",160,1,"Blue Jay",1199
"2130",160,1,"Blue-gray Gnatcatcher",1198
"2131",160,1,"Brown Thrasher",1084
"2132",160,1,"Brown-headed Cowbird",1197
"2133",160,1,"Brown-headed Nuthatch",1200
"2134",160,1,"Carolina Chickadee",1200
"2135",160,1,"Carolina Wren",1199
"2136",160,1,"Chimney Swift",1128
"2137",160,1,"Chipping Sparrow",1198
"2138",160,1,"Common Grackle",1160
"2139",160,1,"Common Yellowthroat",1200
"2140",160,1,"Downy Woodpecker",1195
"2141",160,1,"Eastern Bluebird",1191
"2142",160,1,"Eastern Kingbird",1177
"2143",160,1,"Eastern Phoebe",1196
"2144",160,1,"Eastern Towhee",1200
"2145",160,1,"Eastern Wood-Pewee",1200
"2146",160,1,"European Starling",66
"2147",160,1,"Fish Crow",1103
"2148",160,1,"Great Blue Heron",1196
"2149",160,1,"Great Crested Flycatcher",1200
"2150",160,1,"Hairy Woodpecker",1193
"2151",160,1,"House Finch",911
"2152",160,1,"Indigo Bunting",1200
"2153",160,1,"Killdeer",851
"2154",160,1,"Mourning Dove",1199
"2155",160,1,"Northern Cardinal",1199
"2156",160,1,"Northern Flicker",1198
"2157",160,1,"Northern Mockingbird",1101
"2158",160,1,"Northern Parula",1200
"2159",160,1,"Osprey",1109
"2160",160,1,"Ovenbird",1200
"2161",160,1,"Pileated Woodpecker",1200
"2162",160,1,"Pine Warbler",1200
"2163",160,1,"Red-bellied Woodpecker",1196
"2164",160,1,"Red-eyed Vireo",1198
"2165",160,1,"Red-headed Woodpecker",1199
"2166",160,1,"Red-shouldered Hawk",1199
"2167",160,1,"Red-tailed Hawk",1200
"2168",160,1,"Red-winged Blackbird",1181
"2169",160,1,"Ruby-throated Hummingbird",1198
"2170",160,1,"Scarlet Tanager",1199
"2171",160,1,"Summer Tanager",1200
"2172",160,1,"Tufted Titmouse",1200
"2173",160,1,"Turkey Vulture",44
"2174",160,1,"White-breasted Nuthatch",1195
"2175",160,1,"White-eyed Vireo",1199
"2176",160,1,"Yellow-billed Cuckoo",1199
"2177",160,1,"Yellow-throated Vireo",1200
"2178",160,1,"Yellow-throated Warbler",1200
"2179",160,2,"Acadian Flycatcher",1200
"2180",160,2,"American Crow",1189
"2181",160,2,"American Goldfinch",1196
"2182",160,2,"American Redstart",1199
"2183",160,2,"Barred Owl",1199
"2184",160,2,"Belted Kingfisher",1198
"2185",160,2,"Black Vulture",1145
"2186",160,2,"Black-and-white Warbler",1200
"2187",160,2,"Blue Grosbeak",1200
"2188",160,2,"Blue Jay",1199
"2189",160,2,"Blue-gray Gnatcatcher",1198
"2190",160,2,"Brown Thrasher",1098
"2191",160,2,"Brown-headed Cowbird",1200
"2192",160,2,"Brown-headed Nuthatch",1196
"2193",160,2,"Carolina Chickadee",1199
"2194",160,2,"Carolina Wren",1182
"2195",160,2,"Chimney Swift",1051
"2196",160,2,"Chipping Sparrow",1187
"2197",160,2,"Common Grackle",1170
"2198",160,2,"Common Yellowthroat",1200
"2199",160,2,"Downy Woodpecker",1175
"2200",160,2,"Eastern Bluebird",1195
"2201",160,2,"Eastern Kingbird",1197
"2202",160,2,"Eastern Phoebe",1199
"2203",160,2,"Eastern Towhee",1199
"2204",160,2,"Eastern Wood-Pewee",1200
"2205",160,2,"European Starling",54
"2206",160,2,"Fish Crow",910
"2207",160,2,"Great Blue Heron",1198
"2208",160,2,"Great Crested Flycatcher",1200
"2209",160,2,"Hairy Woodpecker",1198
"2210",160,2,"House Finch",881
"2211",160,2,"Indigo Bunting",1200
"2212",160,2,"Killdeer",929
"2213",160,2,"Mourning Dove",1194
"2214",160,2,"Northern Cardinal",1191
"2215",160,2,"Northern Flicker",1192
"2216",160,2,"Northern Mockingbird",1008
"2217",160,2,"Northern Parula",1200
"2218",160,2,"Osprey",1138
"2219",160,2,"Ovenbird",1200
"2220",160,2,"Pileated Woodpecker",1200
"2221",160,2,"Pine Warbler",1199
"2222",160,2,"Red-bellied Woodpecker",1193
"2223",160,2,"Red-eyed Vireo",1192
"2224",160,2,"Red-headed Woodpecker",1199
"2225",160,2,"Red-shouldered Hawk",1198
"2226",160,2,"Red-tailed Hawk",1200
"2227",160,2,"Red-winged Blackbird",1184
"2228",160,2,"Ruby-throated Hummingbird",1198
"2229",160,2,"Scarlet Tanager",1199
"2230",160,2,"Summer Tanager",1200
"2231",160,2,"Tufted Titmouse",1199
"2232",160,2,"Turkey Vulture",13
"2233",160,2,"White-breasted Nuthatch",1179
"2234",160,2,"White-eyed Vireo",1198
"2235",160,2,"Yellow-billed Cuckoo",1200
"2236",160,2,"Yellow-throated Vireo",1196
"2237",160,2,"Yellow-throated Warbler",1200
"2238",160,3,"Acadian Flycatcher",1199
"2239",160,3,"American Crow",1198
"2240",160,3,"American Goldfinch",1199
"2241",160,3,"American Redstart",1199
"2242",160,3,"Barred Owl",1199
"2243",160,3,"Belted Kingfisher",1199
"2244",160,3,"Black Vulture",1074
"2245",160,3,"Black-and-white Warbler",1199
"2246",160,3,"Blue Grosbeak",1199
"2247",160,3,"Blue Jay",1199
"2248",160,3,"Blue-gray Gnatcatcher",1199
"2249",160,3,"Brown Thrasher",1075
"2250",160,3,"Brown-headed Cowbird",1199
"2251",160,3,"Brown-headed Nuthatch",1199
"2252",160,3,"Carolina Chickadee",1199
"2253",160,3,"Carolina Wren",1192
"2254",160,3,"Chimney Swift",996
"2255",160,3,"Chipping Sparrow",1194
"2256",160,3,"Common Grackle",1193
"2257",160,3,"Common Yellowthroat",1199
"2258",160,3,"Downy Woodpecker",1191
"2259",160,3,"Eastern Bluebird",1198
"2260",160,3,"Eastern Kingbird",1197
"2261",160,3,"Eastern Phoebe",1199
"2262",160,3,"Eastern Towhee",1199
"2263",160,3,"Eastern Wood-Pewee",1199
"2264",160,3,"European Starling",106
"2265",160,3,"Fish Crow",926
"2266",160,3,"Great Blue Heron",1199
"2267",160,3,"Great Crested Flycatcher",1199
"2268",160,3,"Hairy Woodpecker",1196
"2269",160,3,"House Finch",929
"2270",160,3,"Indigo Bunting",1199
"2271",160,3,"Killdeer",897
"2272",160,3,"Mourning Dove",1199
"2273",160,3,"Northern Cardinal",1199
"2274",160,3,"Northern Flicker",1196
"2275",160,3,"Northern Mockingbird",1034
"2276",160,3,"Northern Parula",1199
"2277",160,3,"Osprey",1142
"2278",160,3,"Ovenbird",1199
"2279",160,3,"Pileated Woodpecker",1199
"2280",160,3,"Pine Warbler",1199
"2281",160,3,"Red-bellied Woodpecker",1199
"2282",160,3,"Red-eyed Vireo",1198
"2283",160,3,"Red-headed Woodpecker",1199
"2284",160,3,"Red-shouldered Hawk",1194
"2285",160,3,"Red-tailed Hawk",1199
"2286",160,3,"Red-winged Blackbird",1192
"2287",160,3,"Ruby-throated Hummingbird",1199
"2288",160,3,"Scarlet Tanager",1199
"2289",160,3,"Summer Tanager",1199
"2290",160,3,"Tufted Titmouse",1199
"2291",160,3,"Turkey Vulture",17
"2292",160,3,"White-breasted Nuthatch",1187
"2293",160,3,"White-eyed Vireo",1199
"2294",160,3,"Yellow-billed Cuckoo",1199
"2295",160,3,"Yellow-throated Vireo",1199
"2296",160,3,"Yellow-throated Warbler",1199
"2297",161,0,"Acadian Flycatcher",1
"2298",161,0,"American Crow",1
"2299",161,0,"American Goldfinch",1
"2300",161,0,"American Redstart",1
"2301",161,0,"Barred Owl",1
"2302",161,0,"Belted Kingfisher",1
"2303",161,0,"Black-and-white Warbler",1
"2304",161,0,"Blue Grosbeak",1
"2305",161,0,"Blue Jay",1
"2306",161,0,"Blue-gray Gnatcatcher",1
"2307",161,0,"Brown-headed Cowbird",1
"2308",161,0,"Brown-headed Nuthatch",1
"2309",161,0,"Carolina Chickadee",1
"2310",161,0,"Carolina Wren",1
"2311",161,0,"Chimney Swift",1
"2312",161,0,"Chipping Sparrow",1
"2313",161,0,"Common Grackle",1
"2314",161,0,"Common Yellowthroat",1
"2315",161,0,"Downy Woodpecker",1
"2316",161,0,"Eastern Bluebird",1
"2317",161,0,"Eastern Towhee",1
"2318",161,0,"Eastern Wood-Pewee",1
"2319",161,0,"Fish Crow",1
"2320",161,0,"Great Crested Flycatcher",1
"2321",161,0,"Hairy Woodpecker",1
"2322",161,0,"House Finch",1
"2323",161,0,"Indigo Bunting",1
"2324",161,0,"Mourning Dove",1
"2325",161,0,"Northern Cardinal",1
"2326",161,0,"Northern Flicker",1
"2327",161,0,"Northern Parula",1
"2328",161,0,"Osprey",1
"2329",161,0,"Ovenbird",1
"2330",161,0,"Pileated Woodpecker",1
"2331",161,0,"Pine Warbler",1
"2332",161,0,"Red-bellied Woodpecker",1
"2333",161,0,"Red-eyed Vireo",1
"2334",161,0,"Red-headed Woodpecker",1
"2335",161,0,"Red-shouldered Hawk",1
"2336",161,0,"Red-tailed Hawk",1
"2337",161,0,"Red-winged Blackbird",1
"2338",161,0,"Ruby-throated Hummingbird",1
"2339",161,0,"Scarlet Tanager",1
"2340",161,0,"Summer Tanager",1
"2341",161,0,"Tufted Titmouse",1
"2342",161,0,"White-breasted Nuthatch",1
"2343",161,0,"White-eyed Vireo",1
"2344",161,0,"Yellow-billed Cuckoo",1
"2345",161,0,"Yellow-throated Vireo",1
"2346",161,0,"Yellow-throated Warbler",1
"2347",161,1,"Acadian Flycatcher",1200
"2348",161,1,"American Crow",1194
"2349",161,1,"American Goldfinch",1173
"2350",161,1,"American Redstart",1200
"2351",161,1,"Barred Owl",1198
"2352",161,1,"Belted Kingfisher",1198
"2353",161,1,"Black Vulture",1086
"2354",161,1,"Black-and-white Warbler",1200
"2355",161,1,"Blue Grosbeak",1200
"2356",161,1,"Blue Jay",1199
"2357",161,1,"Blue-gray Gnatcatcher",1200
"2358",161,1,"Brown Thrasher",464
"2359",161,1,"Brown-headed Cowbird",1200
"2360",161,1,"Brown-headed Nuthatch",1189
"2361",161,1,"Carolina Chickadee",1184
"2362",161,1,"Carolina Wren",1172
"2363",161,1,"Chimney Swift",1181
"2364",161,1,"Chipping Sparrow",1174
"2365",161,1,"Common Grackle",1175
"2366",161,1,"Common Yellowthroat",1196
"2367",161,1,"Downy Woodpecker",1180
"2368",161,1,"Eastern Bluebird",1195
"2369",161,1,"Eastern Kingbird",1186
"2370",161,1,"Eastern Phoebe",1125
"2371",161,1,"Eastern Towhee",1200
"2372",161,1,"Eastern Wood-Pewee",1200
"2373",161,1,"European Starling",449
"2374",161,1,"Fish Crow",1082
"2375",161,1,"Great Blue Heron",996
"2376",161,1,"Great Crested Flycatcher",1200
"2377",161,1,"Hairy Woodpecker",1151
"2378",161,1,"House Finch",1168
"2379",161,1,"Indigo Bunting",1199
"2380",161,1,"Killdeer",371
"2381",161,1,"Mourning Dove",1193
"2382",161,1,"Northern Cardinal",1197
"2383",161,1,"Northern Flicker",1193
"2384",161,1,"Northern Mockingbird",928
"2385",161,1,"Northern Parula",1199
"2386",161,1,"Osprey",1117
"2387",161,1,"Ovenbird",1192
"2388",161,1,"Pileated Woodpecker",1195
"2389",161,1,"Pine Warbler",1199
"2390",161,1,"Red-bellied Woodpecker",1189
"2391",161,1,"Red-eyed Vireo",1179
"2392",161,1,"Red-headed Woodpecker",1192
"2393",161,1,"Red-shouldered Hawk",1193
"2394",161,1,"Red-tailed Hawk",1200
"2395",161,1,"Red-winged Blackbird",1134
"2396",161,1,"Ruby-throated Hummingbird",1191
"2397",161,1,"Scarlet Tanager",1200
"2398",161,1,"Summer Tanager",1200
"2399",161,1,"Tufted Titmouse",1197
"2400",161,1,"Turkey Vulture",32
"2401",161,1,"White-breasted Nuthatch",1148
"2402",161,1,"White-eyed Vireo",1199
"2403",161,1,"Yellow-billed Cuckoo",1200
"2404",161,1,"Yellow-throated Vireo",1192
"2405",161,1,"Yellow-throated Warbler",1200
"2406",161,2,"Acadian Flycatcher",1200
"2407",161,2,"American Crow",1200
"2408",161,2,"American Goldfinch",1199
"2409",161,2,"American Redstart",1200
"2410",161,2,"Barred Owl",1193
"2411",161,2,"Belted Kingfisher",1198
"2412",161,2,"Black Vulture",1171
"2413",161,2,"Black-and-white Warbler",1200
"2414",161,2,"Blue Grosbeak",1200
"2415",161,2,"Blue Jay",1200
"2416",161,2,"Blue-gray Gnatcatcher",1199
"2417",161,2,"Brown Thrasher",975
"2418",161,2,"Brown-headed Cowbird",1200
"2419",161,2,"Brown-headed Nuthatch",1198
"2420",161,2,"Carolina Chickadee",1198
"2421",161,2,"Carolina Wren",1187
"2422",161,2,"Chimney Swift",1198
"2423",161,2,"Chipping Sparrow",1195
"2424",161,2,"Common Grackle",1194
"2425",161,2,"Common Yellowthroat",1199
"2426",161,2,"Downy Woodpecker",1199
"2427",161,2,"Eastern Bluebird",1200
"2428",161,2,"Eastern Kingbird",1198
"2429",161,2,"Eastern Phoebe",1169
"2430",161,2,"Eastern Towhee",1200
"2431",161,2,"Eastern Wood-Pewee",1200
"2432",161,2,"European Starling",711
"2433",161,2,"Fish Crow",1132
"2434",161,2,"Great Blue Heron",1192
"2435",161,2,"Great Crested Flycatcher",1200
"2436",161,2,"Hairy Woodpecker",1198
"2437",161,2,"House Finch",1173
"2438",161,2,"Indigo Bunting",1200
"2439",161,2,"Killdeer",663
"2440",161,2,"Mourning Dove",1198
"2441",161,2,"Northern Cardinal",1199
"2442",161,2,"Northern Flicker",1200
"2443",161,2,"Northern Mockingbird",1089
"2444",161,2,"Northern Parula",1199
"2445",161,2,"Osprey",1183
"2446",161,2,"Ovenbird",1200
"2447",161,2,"Pileated Woodpecker",1198
"2448",161,2,"Pine Warbler",1199
"2449",161,2,"Red-bellied Woodpecker",1198
"2450",161,2,"Red-eyed Vireo",1198
"2451",161,2,"Red-headed Woodpecker",1198
"2452",161,2,"Red-shouldered Hawk",1197
"2453",161,2,"Red-tailed Hawk",1200
"2454",161,2,"Red-winged Blackbird",1167
"2455",161,2,"Ruby-throated Hummingbird",1199
"2456",161,2,"Scarlet Tanager",1200
"2457",161,2,"Summer Tanager",1200
"2458",161,2,"Tufted Titmouse",1200
"2459",161,2,"Turkey Vulture",18
"2460",161,2,"White-breasted Nuthatch",1192
"2461",161,2,"White-eyed Vireo",1200
"2462",161,2,"Yellow-billed Cuckoo",1200
"2463",161,2,"Yellow-throated Vireo",1200
"2464",161,2,"Yellow-throated Warbler",1200
"2465",161,3,"Acadian Flycatcher",1199
"2466",161,3,"American Crow",1197
"2467",161,3,"American Goldfinch",1197
"2468",161,3,"American Redstart",1199
"2469",161,3,"Barred Owl",1190
"2470",161,3,"Belted Kingfisher",1197
"2471",161,3,"Black Vulture",1134
"2472",161,3,"Black-and-white Warbler",1199
"2473",161,3,"Blue Grosbeak",1199
"2474",161,3,"Blue Jay",1199
"2475",161,3,"Blue-gray Gnatcatcher",1198
"2476",161,3,"Brown Thrasher",1011
"2477",161,3,"Brown-headed Cowbird",1199
"2478",161,3,"Brown-headed Nuthatch",1198
"2479",161,3,"Carolina Chickadee",1196
"2480",161,3,"Carolina Wren",1169
"2481",161,3,"Chimney Swift",1199
"2482",161,3,"Chipping Sparrow",1197
"2483",161,3,"Common Grackle",1195
"2484",161,3,"Common Yellowthroat",1198
"2485",161,3,"Downy Woodpecker",1193
"2486",161,3,"Eastern Bluebird",1199
"2487",161,3,"Eastern Kingbird",1192
"2488",161,3,"Eastern Phoebe",1176
"2489",161,3,"Eastern Towhee",1199
"2490",161,3,"Eastern Wood-Pewee",1199
"2491",161,3,"European Starling",531
"2492",161,3,"Fish Crow",1102
"2493",161,3,"Great Blue Heron",1111
"2494",161,3,"Great Crested Flycatcher",1199
"2495",161,3,"Hairy Woodpecker",1188
"2496",161,3,"House Finch",1176
"2497",161,3,"Indigo Bunting",1199
"2498",161,3,"Killdeer",720
"2499",161,3,"Mourning Dove",1198
"2500",161,3,"Northern Cardinal",1198
"2501",161,3,"Northern Flicker",1194
"2502",161,3,"Northern Mockingbird",1017
"2503",161,3,"Northern Parula",1198
"2504",161,3,"Osprey",1158
"2505",161,3,"Ovenbird",1199
"2506",161,3,"Pileated Woodpecker",1198
"2507",161,3,"Pine Warbler",1198
"2508",161,3,"Red-bellied Woodpecker",1198
"2509",161,3,"Red-eyed Vireo",1199
"2510",161,3,"Red-headed Woodpecker",1199
"2511",161,3,"Red-shouldered Hawk",1187
"2512",161,3,"Red-tailed Hawk",1199
"2513",161,3,"Red-winged Blackbird",1183
"2514",161,3,"Ruby-throated Hummingbird",1198
"2515",161,3,"Scarlet Tanager",1199
"2516",161,3,"Summer Tanager",1199
"2517",161,3,"Tufted Titmouse",1198
"2518",161,3,"Turkey Vulture",33
"2519",161,3,"White-breasted Nuthatch",1194
"2520",161,3,"White-eyed Vireo",1198
"2521",161,3,"Yellow-billed Cuckoo",1199
"2522",161,3,"Yellow-throated Vireo",1199
"2523",161,3,"Yellow-throated Warbler",1199
"2524",162,0,"Acadian Flycatcher",1
"2525",162,0,"American Crow",1
"2526",162,0,"American Goldfinch",1
"2527",162,0,"American Redstart",1
"2528",162,0,"Barred Owl",1
"2529",162,0,"Belted Kingfisher",1
"2530",162,0,"Black Vulture",1
"2531",162,0,"Black-and-white Warbler",1
"2532",162,0,"Blue Grosbeak",1
"2533",162,0,"Blue Jay",1
"2534",162,0,"Blue-gray Gnatcatcher",1
"2535",162,0,"Brown Thrasher",1
"2536",162,0,"Brown-headed Cowbird",1
"2537",162,0,"Brown-headed Nuthatch",1
"2538",162,0,"Carolina Chickadee",1
"2539",162,0,"Carolina Wren",1
"2540",162,0,"Chimney Swift",1
"2541",162,0,"Chipping Sparrow",1
"2542",162,0,"Common Grackle",1
"2543",162,0,"Common Yellowthroat",1
"2544",162,0,"Downy Woodpecker",1
"2545",162,0,"Eastern Bluebird",1
"2546",162,0,"Eastern Kingbird",1
"2547",162,0,"Eastern Phoebe",1
"2548",162,0,"Eastern Towhee",1
"2549",162,0,"Eastern Wood-Pewee",1
"2550",162,0,"European Starling",1
"2551",162,0,"Fish Crow",1
"2552",162,0,"Great Blue Heron",1
"2553",162,0,"Great Crested Flycatcher",1
"2554",162,0,"Hairy Woodpecker",1
"2555",162,0,"House Finch",1
"2556",162,0,"Indigo Bunting",1
"2557",162,0,"Killdeer",1
"2558",162,0,"Mourning Dove",1
"2559",162,0,"Northern Cardinal",1
"2560",162,0,"Northern Flicker",1
"2561",162,0,"Northern Mockingbird",1
"2562",162,0,"Northern Parula",1
"2563",162,0,"Osprey",1
"2564",162,0,"Ovenbird",1
"2565",162,0,"Pileated Woodpecker",1
"2566",162,0,"Pine Warbler",1
"2567",162,0,"Red-bellied Woodpecker",1
"2568",162,0,"Red-eyed Vireo",1
"2569",162,0,"Red-headed Woodpecker",1
"2570",162,0,"Red-shouldered Hawk",1
"2571",162,0,"Red-tailed Hawk",1
"2572",162,0,"Red-winged Blackbird",1
"2573",162,0,"Ruby-throated Hummingbird",1
"2574",162,0,"Scarlet Tanager",1
"2575",162,0,"Summer Tanager",1
"2576",162,0,"Tufted Titmouse",1
"2577",162,0,"White-breasted Nuthatch",1
"2578",162,0,"White-eyed Vireo",1
"2579",162,0,"Yellow-billed Cuckoo",1
"2580",162,0,"Yellow-throated Vireo",1
"2581",162,0,"Yellow-throated Warbler",1
"2582",162,1,"Acadian Flycatcher",1200
"2583",162,1,"American Crow",1192
"2584",162,1,"American Goldfinch",1159
"2585",162,1,"American Redstart",1199
"2586",162,1,"Barred Owl",1152
"2587",162,1,"Belted Kingfisher",1182
"2588",162,1,"Black Vulture",985
"2589",162,1,"Black-and-white Warbler",1199
"2590",162,1,"Blue Grosbeak",1199
"2591",162,1,"Blue Jay",1193
"2592",162,1,"Blue-gray Gnatcatcher",1199
"2593",162,1,"Brown Thrasher",220
"2594",162,1,"Brown-headed Cowbird",1200
"2595",162,1,"Brown-headed Nuthatch",1193
"2596",162,1,"Carolina Chickadee",1165
"2597",162,1,"Carolina Wren",1136
"2598",162,1,"Chimney Swift",1196
"2599",162,1,"Chipping Sparrow",1171
"2600",162,1,"Common Grackle",1075
"2601",162,1,"Common Yellowthroat",1200
"2602",162,1,"Downy Woodpecker",1155
"2603",162,1,"Eastern Bluebird",1194
"2604",162,1,"Eastern Kingbird",1166
"2605",162,1,"Eastern Phoebe",1078
"2606",162,1,"Eastern Towhee",1200
"2607",162,1,"Eastern Wood-Pewee",1200
"2608",162,1,"European Starling",518
"2609",162,1,"Fish Crow",997
"2610",162,1,"Great Blue Heron",805
"2611",162,1,"Great Crested Flycatcher",1198
"2612",162,1,"Hairy Woodpecker",1022
"2613",162,1,"House Finch",1157
"2614",162,1,"Indigo Bunting",1197
"2615",162,1,"Killdeer",280
"2616",162,1,"Mourning Dove",1178
"2617",162,1,"Northern Cardinal",1183
"2618",162,1,"Northern Flicker",1190
"2619",162,1,"Northern Mockingbird",713
"2620",162,1,"Northern Parula",1199
"2621",162,1,"Osprey",1055
"2622",162,1,"Ovenbird",1189
"2623",162,1,"Pileated Woodpecker",1171
"2624",162,1,"Pine Warbler",1191
"2625",162,1,"Red-bellied Woodpecker",1180
"2626",162,1,"Red-eyed Vireo",1169
"2627",162,1,"Red-headed Woodpecker",1192
"2628",162,1,"Red-shouldered Hawk",1172
"2629",162,1,"Red-tailed Hawk",1199
"2630",162,1,"Red-winged Blackbird",988
"2631",162,1,"Ruby-throated Hummingbird",1163
"2632",162,1,"Scarlet Tanager",1200
"2633",162,1,"Summer Tanager",1200
"2634",162,1,"Tufted Titmouse",1197
"2635",162,1,"Turkey Vulture",10
"2636",162,1,"White-breasted Nuthatch",1042
"2637",162,1,"White-eyed Vireo",1194
"2638",162,1,"Yellow-billed Cuckoo",1199
"2639",162,1,"Yellow-throated Vireo",1199
"2640",162,1,"Yellow-throated Warbler",1198
"2641",162,2,"Acadian Flycatcher",1161
"2642",162,2,"American Crow",1177
"2643",162,2,"American Goldfinch",907
"2644",162,2,"American Redstart",1089
"2645",162,2,"Barred Owl",1161
"2646",162,2,"Belted Kingfisher",1064
"2647",162,2,"Black Vulture",160
"2648",162,2,"Black-and-white Warbler",1188
"2649",162,2,"Blue Grosbeak",1200
"2650",162,2,"Blue Jay",1193
"2651",162,2,"Blue-gray Gnatcatcher",1158
"2652",162,2,"Brown Thrasher",211
"2653",162,2,"Brown-headed Cowbird",1200
"2654",162,2,"Brown-headed Nuthatch",889
"2655",162,2,"Carolina Chickadee",913
"2656",162,2,"Carolina Wren",729
"2657",162,2,"Chimney Swift",1200
"2658",162,2,"Chipping Sparrow",1087
"2659",162,2,"Common Grackle",1092
"2660",162,2,"Common Yellowthroat",1190
"2661",162,2,"Downy Woodpecker",722
"2662",162,2,"Eastern Bluebird",1198
"2663",162,2,"Eastern Kingbird",746
"2664",162,2,"Eastern Phoebe",556
"2665",162,2,"Eastern Towhee",1197
"2666",162,2,"Eastern Wood-Pewee",1174
"2667",162,2,"European Starling",255
"2668",162,2,"Fish Crow",823
"2669",162,2,"Great Blue Heron",682
"2670",162,2,"Great Crested Flycatcher",1179
"2671",162,2,"Hairy Woodpecker",536
"2672",162,2,"House Finch",1102
"2673",162,2,"Indigo Bunting",1194
"2674",162,2,"Killdeer",655
"2675",162,2,"Mourning Dove",1192
"2676",162,2,"Northern Cardinal",1183
"2677",162,2,"Northern Flicker",1178
"2678",162,2,"Northern Mockingbird",637
"2679",162,2,"Northern Parula",1165
"2680",162,2,"Osprey",834
"2681",162,2,"Ovenbird",1169
"2682",162,2,"Pileated Woodpecker",1034
"2683",162,2,"Pine Warbler",1122
"2684",162,2,"Red-bellied Woodpecker",1065
"2685",162,2,"Red-eyed Vireo",777
"2686",162,2,"Red-headed Woodpecker",929
"2687",162,2,"Red-shouldered Hawk",1084
"2688",162,2,"Red-tailed Hawk",1199
"2689",162,2,"Red-winged Blackbird",915
"2690",162,2,"Ruby-throated Hummingbird",993
"2691",162,2,"Scarlet Tanager",1124
"2692",162,2,"Summer Tanager",1199
"2693",162,2,"Tufted Titmouse",1190
"2694",162,2,"Turkey Vulture",7
"2695",162,2,"White-breasted Nuthatch",792
"2696",162,2,"White-eyed Vireo",980
"2697",162,2,"Yellow-billed Cuckoo",1200
"2698",162,2,"Yellow-throated Vireo",967
"2699",162,2,"Yellow-throated Warbler",1174
"2700",162,3,"Acadian Flycatcher",1193
"2701",162,3,"American Crow",1175
"2702",162,3,"American Goldfinch",1192
"2703",162,3,"American Redstart",1184
"2704",162,3,"Barred Owl",1176
"2705",162,3,"Belted Kingfisher",1199
"2706",162,3,"Black Vulture",893
"2707",162,3,"Black-and-white Warbler",1198
"2708",162,3,"Blue Grosbeak",1199
"2709",162,3,"Blue Jay",1196
"2710",162,3,"Blue-gray Gnatcatcher",1197
"2711",162,3,"Brown Thrasher",757
"2712",162,3,"Brown-headed Cowbird",1199
"2713",162,3,"Brown-headed Nuthatch",1198
"2714",162,3,"Carolina Chickadee",1185
"2715",162,3,"Carolina Wren",1144
"2716",162,3,"Chimney Swift",1193
"2717",162,3,"Chipping Sparrow",1190
"2718",162,3,"Common Grackle",1173
"2719",162,3,"Common Yellowthroat",1197
"2720",162,3,"Downy Woodpecker",1138
"2721",162,3,"Eastern Bluebird",1193
"2722",162,3,"Eastern Kingbird",1183
"2723",162,3,"Eastern Phoebe",1133
"2724",162,3,"Eastern Towhee",1196
"2725",162,3,"Eastern Wood-Pewee",1198
"2726",162,3,"European Starling",255
"2727",162,3,"Fish Crow",1037
"2728",162,3,"Great Blue Heron",1137
"2729",162,3,"Great Crested Flycatcher",1198
"2730",162,3,"Hairy Woodpecker",1122
"2731",162,3,"House Finch",1133
"2732",162,3,"Indigo Bunting",1199
"2733",162,3,"Killdeer",862
"2734",162,3,"Mourning Dove",1193
"2735",162,3,"Northern Cardinal",1182
"2736",162,3,"Northern Flicker",1172
"2737",162,3,"Northern Mockingbird",849
"2738",162,3,"Northern Parula",1199
"2739",162,3,"Osprey",1160
"2740",162,3,"Ovenbird",1195
"2741",162,3,"Pileated Woodpecker",1161
"2742",162,3,"Pine Warbler",1197
"2743",162,3,"Red-bellied Woodpecker",1193
"2744",162,3,"Red-eyed Vireo",1155
"2745",162,3,"Red-headed Woodpecker",1191
"2746",162,3,"Red-shouldered Hawk",1164
"2747",162,3,"Red-tailed Hawk",1198
"2748",162,3,"Red-winged Blackbird",1139
"2749",162,3,"Ruby-throated Hummingbird",1184
"2750",162,3,"Scarlet Tanager",1198
"2751",162,3,"Summer Tanager",1199
"2752",162,3,"Tufted Titmouse",1198
"2753",162,3,"Turkey Vulture",29
"2754",162,3,"White-breasted Nuthatch",1172
"2755",162,3,"White-eyed Vireo",1189
"2756",162,3,"Yellow-billed Cuckoo",1199
"2757",162,3,"Yellow-throated Vireo",1191
"2758",162,3,"Yellow-throated Warbler",1199
"2759",163,0,"Acadian Flycatcher",1
"2760",163,0,"American Crow",1
"2761",163,0,"American Goldfinch",1
"2762",163,0,"American Redstart",1
"2763",163,0,"Barred Owl",1
"2764",163,0,"Belted Kingfisher",1
"2765",163,0,"Black Vulture",1
"2766",163,0,"Black-and-white Warbler",1
"2767",163,0,"Blue Grosbeak",1
"2768",163,0,"Blue Jay",1
"2769",163,0,"Blue-gray Gnatcatcher",1
"2770",163,0,"Brown Thrasher",1
"2771",163,0,"Brown-headed Cowbird",1
"2772",163,0,"Brown-headed Nuthatch",1
"2773",163,0,"Carolina Chickadee",1
"2774",163,0,"Carolina Wren",1
"2775",163,0,"Chimney Swift",1
"2776",163,0,"Chipping Sparrow",1
"2777",163,0,"Common Grackle",1
"2778",163,0,"Common Yellowthroat",1
"2779",163,0,"Downy Woodpecker",1
"2780",163,0,"Eastern Bluebird",1
"2781",163,0,"Eastern Kingbird",1
"2782",163,0,"Eastern Phoebe",1
"2783",163,0,"Eastern Towhee",1
"2784",163,0,"Eastern Wood-Pewee",1
"2785",163,0,"Fish Crow",1
"2786",163,0,"Great Blue Heron",1
"2787",163,0,"Great Crested Flycatcher",1
"2788",163,0,"Hairy Woodpecker",1
"2789",163,0,"House Finch",1
"2790",163,0,"Indigo Bunting",1
"2791",163,0,"Killdeer",1
"2792",163,0,"Mourning Dove",1
"2793",163,0,"Northern Cardinal",1
"2794",163,0,"Northern Flicker",1
"2795",163,0,"Northern Mockingbird",1
"2796",163,0,"Northern Parula",1
"2797",163,0,"Osprey",1
"2798",163,0,"Ovenbird",1
"2799",163,0,"Pileated Woodpecker",1
"2800",163,0,"Pine Warbler",1
"2801",163,0,"Red-bellied Woodpecker",1
"2802",163,0,"Red-eyed Vireo",1
"2803",163,0,"Red-headed Woodpecker",1
"2804",163,0,"Red-shouldered Hawk",1
"2805",163,0,"Red-tailed Hawk",1
"2806",163,0,"Red-winged Blackbird",1
"2807",163,0,"Ruby-throated Hummingbird",1
"2808",163,0,"Scarlet Tanager",1
"2809",163,0,"Summer Tanager",1
"2810",163,0,"Tufted Titmouse",1
"2811",163,0,"White-breasted Nuthatch",1
"2812",163,0,"White-eyed Vireo",1
"2813",163,0,"Yellow-billed Cuckoo",1
"2814",163,0,"Yellow-throated Vireo",1
"2815",163,0,"Yellow-throated Warbler",1
"2816",163,1,"Acadian Flycatcher",1200
"2817",163,1,"American Crow",1198
"2818",163,1,"American Goldfinch",1200
"2819",163,1,"American Redstart",1200
"2820",163,1,"Barred Owl",1199
"2821",163,1,"Belted Kingfisher",1199
"2822",163,1,"Black Vulture",1064
"2823",163,1,"Black-and-white Warbler",1200
"2824",163,1,"Blue Grosbeak",1200
"2825",163,1,"Blue Jay",1200
"2826",163,1,"Blue-gray Gnatcatcher",1200
"2827",163,1,"Brown Thrasher",772
"2828",163,1,"Brown-headed Cowbird",1200
"2829",163,1,"Brown-headed Nuthatch",1200
"2830",163,1,"Carolina Chickadee",1200
"2831",163,1,"Carolina Wren",1186
"2832",163,1,"Chimney Swift",1187
"2833",163,1,"Chipping Sparrow",1189
"2834",163,1,"Common Grackle",1194
"2835",163,1,"Common Yellowthroat",1200
"2836",163,1,"Downy Woodpecker",1173
"2837",163,1,"Eastern Bluebird",1200
"2838",163,1,"Eastern Kingbird",1196
"2839",163,1,"Eastern Phoebe",1199
"2840",163,1,"Eastern Towhee",1200
"2841",163,1,"Eastern Wood-Pewee",1200
"2842",163,1,"European Starling",28
"2843",163,1,"Fish Crow",860
"2844",163,1,"Great Blue Heron",1155
"2845",163,1,"Great Crested Flycatcher",1200
"2846",163,1,"Hairy Woodpecker",1159
"2847",163,1,"House Finch",1022
"2848",163,1,"Indigo Bunting",1200
"2849",163,1,"Killdeer",496
"2850",163,1,"Mourning Dove",1200
"2851",163,1,"Northern Cardinal",1199
"2852",163,1,"Northern Flicker",1192
"2853",163,1,"Northern Mockingbird",889
"2854",163,1,"Northern Parula",1200
"2855",163,1,"Osprey",1079
"2856",163,1,"Ovenbird",1200
"2857",163,1,"Pileated Woodpecker",1199
"2858",163,1,"Pine Warbler",1200
"2859",163,1,"Red-bellied Woodpecker",1199
"2860",163,1,"Red-eyed Vireo",1199
"2861",163,1,"Red-headed Woodpecker",1200
"2862",163,1,"Red-shouldered Hawk",1184
"2863",163,1,"Red-tailed Hawk",1200
"2864",163,1,"Red-winged Blackbird",1196
"2865",163,1,"Ruby-throated Hummingbird",1200
"2866",163,1,"Scarlet Tanager",1200
"2867",163,1,"Summer Tanager",1200
"2868",163,1,"Tufted Titmouse",1200
"2869",163,1,"Turkey Vulture",15
"2870",163,1,"White-breasted Nuthatch",1186
"2871",163,1,"White-eyed Vireo",1200
"2872",163,1,"Yellow-billed Cuckoo",1200
"2873",163,1,"Yellow-throated Vireo",1200
"2874",163,1,"Yellow-throated Warbler",1200
"2875",163,2,"Acadian Flycatcher",1200
"2876",163,2,"American Crow",1198
"2877",163,2,"American Goldfinch",1200
"2878",163,2,"American Redstart",1198
"2879",163,2,"Barred Owl",1200
"2880",163,2,"Belted Kingfisher",1196
"2881",163,2,"Black Vulture",1082
"2882",163,2,"Black-and-white Warbler",1200
"2883",163,2,"Blue Grosbeak",1200
"2884",163,2,"Blue Jay",1200
"2885",163,2,"Blue-gray Gnatcatcher",1200
"2886",163,2,"Brown Thrasher",913
"2887",163,2,"Brown-headed Cowbird",1198
"2888",163,2,"Brown-headed Nuthatch",1200
"2889",163,2,"Carolina Chickadee",1200
"2890",163,2,"Carolina Wren",1181
"2891",163,2,"Chimney Swift",1182
"2892",163,2,"Chipping Sparrow",1181
"2893",163,2,"Common Grackle",1194
"2894",163,2,"Common Yellowthroat",1200
"2895",163,2,"Downy Woodpecker",1179
"2896",163,2,"Eastern Bluebird",1196
"2897",163,2,"Eastern Kingbird",1194
"2898",163,2,"Eastern Phoebe",1200
"2899",163,2,"Eastern Towhee",1200
"2900",163,2,"Eastern Wood-Pewee",1200
"2901",163,2,"European Starling",24
"2902",163,2,"Fish Crow",876
"2903",163,2,"Great Blue Heron",1191
"2904",163,2,"Great Crested Flycatcher",1200
"2905",163,2,"Hairy Woodpecker",1185
"2906",163,2,"House Finch",1008
"2907",163,2,"Indigo Bunting",1200
"2908",163,2,"Killdeer",839
"2909",163,2,"Mourning Dove",1200
"2910",163,2,"Northern Cardinal",1188
"2911",163,2,"Northern Flicker",1183
"2912",163,2,"Northern Mockingbird",959
"2913",163,2,"Northern Parula",1200
"2914",163,2,"Osprey",1125
"2915",163,2,"Ovenbird",1200
"2916",163,2,"Pileated Woodpecker",1198
"2917",163,2,"Pine Warbler",1200
"2918",163,2,"Red-bellied Woodpecker",1200
"2919",163,2,"Red-eyed Vireo",1200
"2920",163,2,"Red-headed Woodpecker",1200
"2921",163,2,"Red-shouldered Hawk",1184
"2922",163,2,"Red-tailed Hawk",1200
"2923",163,2,"Red-winged Blackbird",1185
"2924",163,2,"Ruby-throated Hummingbird",1200
"2925",163,2,"Scarlet Tanager",1200
"2926",163,2,"Summer Tanager",1200
"2927",163,2,"Tufted Titmouse",1200
"2928",163,2,"Turkey Vulture",3
"2929",163,2,"White-breasted Nuthatch",1181
"2930",163,2,"White-eyed Vireo",1198
"2931",163,2,"Yellow-billed Cuckoo",1200
"2932",163,2,"Yellow-throated Vireo",1200
"2933",163,2,"Yellow-throated Warbler",1200
"2934",163,3,"Acadian Flycatcher",1199
"2935",163,3,"American Crow",1199
"2936",163,3,"American Goldfinch",1199
"2937",163,3,"American Redstart",1199
"2938",163,3,"Barred Owl",1199
"2939",163,3,"Belted Kingfisher",1199
"2940",163,3,"Black Vulture",1021
"2941",163,3,"Black-and-white Warbler",1199
"2942",163,3,"Blue Grosbeak",1199
"2943",163,3,"Blue Jay",1199
"2944",163,3,"Blue-gray Gnatcatcher",1199
"2945",163,3,"Brown Thrasher",1076
"2946",163,3,"Brown-headed Cowbird",1199
"2947",163,3,"Brown-headed Nuthatch",1199
"2948",163,3,"Carolina Chickadee",1199
"2949",163,3,"Carolina Wren",1182
"2950",163,3,"Chimney Swift",1043
"2951",163,3,"Chipping Sparrow",1198
"2952",163,3,"Common Grackle",1181
"2953",163,3,"Common Yellowthroat",1199
"2954",163,3,"Downy Woodpecker",1177
"2955",163,3,"Eastern Bluebird",1193
"2956",163,3,"Eastern Kingbird",1197
"2957",163,3,"Eastern Phoebe",1199
"2958",163,3,"Eastern Towhee",1199
"2959",163,3,"Eastern Wood-Pewee",1199
"2960",163,3,"European Starling",132
"2961",163,3,"Fish Crow",959
"2962",163,3,"Great Blue Heron",1199
"2963",163,3,"Great Crested Flycatcher",1199
"2964",163,3,"Hairy Woodpecker",1191
"2965",163,3,"House Finch",963
"2966",163,3,"Indigo Bunting",1199
"2967",163,3,"Killdeer",1015
"2968",163,3,"Mourning Dove",1198
"2969",163,3,"Northern Cardinal",1196
"2970",163,3,"Northern Flicker",1197
"2971",163,3,"Northern Mockingbird",962
"2972",163,3,"Northern Parula",1199
"2973",163,3,"Osprey",1169
"2974",163,3,"Ovenbird",1199
"2975",163,3,"Pileated Woodpecker",1199
"2976",163,3,"Pine Warbler",1199
"2977",163,3,"Red-bellied Woodpecker",1199
"2978",163,3,"Red-eyed Vireo",1198
"2979",163,3,"Red-headed Woodpecker",1199
"2980",163,3,"Red-shouldered Hawk",1178
"2981",163,3,"Red-tailed Hawk",1199
"2982",163,3,"Red-winged Blackbird",1177
"2983",163,3,"Ruby-throated Hummingbird",1199
"2984",163,3,"Scarlet Tanager",1199
"2985",163,3,"Summer Tanager",1199
"2986",163,3,"Tufted Titmouse",1199
"2987",163,3,"Turkey Vulture",2
"2988",163,3,"White-breasted Nuthatch",1181
"2989",163,3,"White-eyed Vireo",1199
"2990",163,3,"Yellow-billed Cuckoo",1199
"2991",163,3,"Yellow-throated Vireo",1199
"2992",163,3,"Yellow-throated Warbler",1199
"2993",164,0,"Acadian Flycatcher",1
"2994",164,0,"American Crow",1
"2995",164,0,"American Goldfinch",1
"2996",164,0,"American Redstart",1
"2997",164,0,"Barred Owl",1
"2998",164,0,"Belted Kingfisher",1
"2999",164,0,"Black Vulture",1
"3000",164,0,"Black-and-white Warbler",1
"3001",164,0,"Blue Grosbeak",1
"3002",164,0,"Blue Jay",1
"3003",164,0,"Blue-gray Gnatcatcher",1
"3004",164,0,"Brown Thrasher",1
"3005",164,0,"Brown-headed Cowbird",1
"3006",164,0,"Brown-headed Nuthatch",1
"3007",164,0,"Carolina Chickadee",1
"3008",164,0,"Carolina Wren",1
"3009",164,0,"Chimney Swift",1
"3010",164,0,"Chipping Sparrow",1
"3011",164,0,"Common Grackle",1
"3012",164,0,"Common Yellowthroat",1
"3013",164,0,"Downy Woodpecker",1
"3014",164,0,"Eastern Bluebird",1
"3015",164,0,"Eastern Kingbird",1
"3016",164,0,"Eastern Phoebe",1
"3017",164,0,"Eastern Towhee",1
"3018",164,0,"Eastern Wood-Pewee",1
"3019",164,0,"Fish Crow",1
"3020",164,0,"Great Blue Heron",1
"3021",164,0,"Great Crested Flycatcher",1
"3022",164,0,"Hairy Woodpecker",1
"3023",164,0,"House Finch",1
"3024",164,0,"Indigo Bunting",1
"3025",164,0,"Killdeer",1
"3026",164,0,"Mourning Dove",1
"3027",164,0,"Northern Cardinal",1
"3028",164,0,"Northern Flicker",1
"3029",164,0,"Northern Mockingbird",1
"3030",164,0,"Northern Parula",1
"3031",164,0,"Osprey",1
"3032",164,0,"Ovenbird",1
"3033",164,0,"Pileated Woodpecker",1
"3034",164,0,"Pine Warbler",1
"3035",164,0,"Red-bellied Woodpecker",1
"3036",164,0,"Red-eyed Vireo",1
"3037",164,0,"Red-headed Woodpecker",1
"3038",164,0,"Red-shouldered Hawk",1
"3039",164,0,"Red-tailed Hawk",1
"3040",164,0,"Red-winged Blackbird",1
"3041",164,0,"Ruby-throated Hummingbird",1
"3042",164,0,"Scarlet Tanager",1
"3043",164,0,"Summer Tanager",1
"3044",164,0,"Tufted Titmouse",1
"3045",164,0,"White-breasted Nuthatch",1
"3046",164,0,"White-eyed Vireo",1
"3047",164,0,"Yellow-billed Cuckoo",1
"3048",164,0,"Yellow-throated Vireo",1
"3049",164,0,"Yellow-throated Warbler",1
"3050",164,1,"Acadian Flycatcher",1200
"3051",164,1,"American Crow",1179
"3052",164,1,"American Goldfinch",1200
"3053",164,1,"American Redstart",1195
"3054",164,1,"Barred Owl",1185
"3055",164,1,"Belted Kingfisher",1191
"3056",164,1,"Black Vulture",547
"3057",164,1,"Black-and-white Warbler",1198
"3058",164,1,"Blue Grosbeak",1200
"3059",164,1,"Blue Jay",1200
"3060",164,1,"Blue-gray Gnatcatcher",1197
"3061",164,1,"Brown Thrasher",905
"3062",164,1,"Brown-headed Cowbird",1193
"3063",164,1,"Brown-headed Nuthatch",1199
"3064",164,1,"Carolina Chickadee",1198
"3065",164,1,"Carolina Wren",1150
"3066",164,1,"Chimney Swift",1053
"3067",164,1,"Chipping Sparrow",1174
"3068",164,1,"Common Grackle",1125
"3069",164,1,"Common Yellowthroat",1200
"3070",164,1,"Downy Woodpecker",1068
"3071",164,1,"Eastern Bluebird",1170
"3072",164,1,"Eastern Kingbird",1181
"3073",164,1,"Eastern Phoebe",1199
"3074",164,1,"Eastern Towhee",1196
"3075",164,1,"Eastern Wood-Pewee",1200
"3076",164,1,"European Starling",9
"3077",164,1,"Fish Crow",427
"3078",164,1,"Great Blue Heron",1167
"3079",164,1,"Great Crested Flycatcher",1199
"3080",164,1,"Hairy Woodpecker",1103
"3081",164,1,"House Finch",798
"3082",164,1,"Indigo Bunting",1200
"3083",164,1,"Killdeer",532
"3084",164,1,"Mourning Dove",1196
"3085",164,1,"Northern Cardinal",1169
"3086",164,1,"Northern Flicker",1157
"3087",164,1,"Northern Mockingbird",641
"3088",164,1,"Northern Parula",1200
"3089",164,1,"Osprey",1062
"3090",164,1,"Ovenbird",1199
"3091",164,1,"Pileated Woodpecker",1190
"3092",164,1,"Pine Warbler",1200
"3093",164,1,"Red-bellied Woodpecker",1193
"3094",164,1,"Red-eyed Vireo",1200
"3095",164,1,"Red-headed Woodpecker",1189
"3096",164,1,"Red-shouldered Hawk",1132
"3097",164,1,"Red-tailed Hawk",1200
"3098",164,1,"Red-winged Blackbird",1158
"3099",164,1,"Ruby-throated Hummingbird",1192
"3100",164,1,"Scarlet Tanager",1200
"3101",164,1,"Summer Tanager",1200
"3102",164,1,"Tufted Titmouse",1199
"3103",164,1,"Turkey Vulture",11
"3104",164,1,"White-breasted Nuthatch",1077
"3105",164,1,"White-eyed Vireo",1195
"3106",164,1,"Yellow-billed Cuckoo",1200
"3107",164,1,"Yellow-throated Vireo",1199
"3108",164,1,"Yellow-throated Warbler",1200
"3109",164,2,"Acadian Flycatcher",1200
"3110",164,2,"American Crow",1170
"3111",164,2,"American Goldfinch",1197
"3112",164,2,"American Redstart",1195
"3113",164,2,"Barred Owl",1177
"3114",164,2,"Belted Kingfisher",1145
"3115",164,2,"Black Vulture",513
"3116",164,2,"Black-and-white Warbler",1199
"3117",164,2,"Blue Grosbeak",1200
"3118",164,2,"Blue Jay",1194
"3119",164,2,"Blue-gray Gnatcatcher",1197
"3120",164,2,"Brown Thrasher",793
"3121",164,2,"Brown-headed Cowbird",1193
"3122",164,2,"Brown-headed Nuthatch",1195
"3123",164,2,"Carolina Chickadee",1184
"3124",164,2,"Carolina Wren",1079
"3125",164,2,"Chimney Swift",919
"3126",164,2,"Chipping Sparrow",1124
"3127",164,2,"Common Grackle",967
"3128",164,2,"Common Yellowthroat",1200
"3129",164,2,"Downy Woodpecker",914
"3130",164,2,"Eastern Bluebird",1131
"3131",164,2,"Eastern Kingbird",1172
"3132",164,2,"Eastern Phoebe",1193
"3133",164,2,"Eastern Towhee",1198
"3134",164,2,"Eastern Wood-Pewee",1200
"3135",164,2,"European Starling",31
"3136",164,2,"Fish Crow",386
"3137",164,2,"Great Blue Heron",1118
"3138",164,2,"Great Crested Flycatcher",1200
"3139",164,2,"Hairy Woodpecker",1044
"3140",164,2,"House Finch",784
"3141",164,2,"Indigo Bunting",1200
"3142",164,2,"Killdeer",757
"3143",164,2,"Mourning Dove",1197
"3144",164,2,"Northern Cardinal",1103
"3145",164,2,"Northern Flicker",1117
"3146",164,2,"Northern Mockingbird",705
"3147",164,2,"Northern Parula",1200
"3148",164,2,"Osprey",1000
"3149",164,2,"Ovenbird",1200
"3150",164,2,"Pileated Woodpecker",1165
"3151",164,2,"Pine Warbler",1198
"3152",164,2,"Red-bellied Woodpecker",1194
"3153",164,2,"Red-eyed Vireo",1200
"3154",164,2,"Red-headed Woodpecker",1198
"3155",164,2,"Red-shouldered Hawk",1033
"3156",164,2,"Red-tailed Hawk",1193
"3157",164,2,"Red-winged Blackbird",1090
"3158",164,2,"Ruby-throated Hummingbird",1185
"3159",164,2,"Scarlet Tanager",1200
"3160",164,2,"Summer Tanager",1200
"3161",164,2,"Tufted Titmouse",1197
"3162",164,2,"White-breasted Nuthatch",933
"3163",164,2,"White-eyed Vireo",1180
"3164",164,2,"Yellow-billed Cuckoo",1200
"3165",164,2,"Yellow-throated Vireo",1200
"3166",164,2,"Yellow-throated Warbler",1200
"3167",164,3,"Acadian Flycatcher",1199
"3168",164,3,"American Crow",1199
"3169",164,3,"American Goldfinch",1199
"3170",164,3,"American Redstart",1199
"3171",164,3,"Barred Owl",1199
"3172",164,3,"Belted Kingfisher",1198
"3173",164,3,"Black Vulture",886
"3174",164,3,"Black-and-white Warbler",1199
"3175",164,3,"Blue Grosbeak",1199
"3176",164,3,"Blue Jay",1199
"3177",164,3,"Blue-gray Gnatcatcher",1199
"3178",164,3,"Brown Thrasher",944
"3179",164,3,"Brown-headed Cowbird",1199
"3180",164,3,"Brown-headed Nuthatch",1199
"3181",164,3,"Carolina Chickadee",1199
"3182",164,3,"Carolina Wren",1179
"3183",164,3,"Chimney Swift",979
"3184",164,3,"Chipping Sparrow",1197
"3185",164,3,"Common Grackle",1170
"3186",164,3,"Common Yellowthroat",1199
"3187",164,3,"Downy Woodpecker",1180
"3188",164,3,"Eastern Bluebird",1189
"3189",164,3,"Eastern Kingbird",1199
"3190",164,3,"Eastern Phoebe",1199
"3191",164,3,"Eastern Towhee",1199
"3192",164,3,"Eastern Wood-Pewee",1199
"3193",164,3,"European Starling",46
"3194",164,3,"Fish Crow",953
"3195",164,3,"Great Blue Heron",1198
"3196",164,3,"Great Crested Flycatcher",1199
"3197",164,3,"Hairy Woodpecker",1182
"3198",164,3,"House Finch",721
"3199",164,3,"Indigo Bunting",1199
"3200",164,3,"Killdeer",886
"3201",164,3,"Mourning Dove",1199
"3202",164,3,"Northern Cardinal",1199
"3203",164,3,"Northern Flicker",1199
"3204",164,3,"Northern Mockingbird",849
"3205",164,3,"Northern Parula",1199
"3206",164,3,"Osprey",1137
"3207",164,3,"Ovenbird",1199
"3208",164,3,"Pileated Woodpecker",1199
"3209",164,3,"Pine Warbler",1199
"3210",164,3,"Red-bellied Woodpecker",1199
"3211",164,3,"Red-eyed Vireo",1199
"3212",164,3,"Red-headed Woodpecker",1199
"3213",164,3,"Red-shouldered Hawk",1175
"3214",164,3,"Red-tailed Hawk",1199
"3215",164,3,"Red-winged Blackbird",1187
"3216",164,3,"Ruby-throated Hummingbird",1199
"3217",164,3,"Scarlet Tanager",1199
"3218",164,3,"Summer Tanager",1199
"3219",164,3,"Tufted Titmouse",1199
"3220",164,3,"Turkey Vulture",16
"3221",164,3,"White-breasted Nuthatch",1185
"3222",164,3,"White-eyed Vireo",1199
"3223",164,3,"Yellow-billed Cuckoo",1199
"3224",164,3,"Yellow-throated Vireo",1199
"3225",164,3,"Yellow-throated Warbler",1199
"3226",165,0,"Acadian Flycatcher",1
"3227",165,0,"American Crow",1
"3228",165,0,"American Goldfinch",1
"3229",165,0,"American Redstart",1
"3230",165,0,"Barred Owl",1
"3231",165,0,"Belted Kingfisher",1
"3232",165,0,"Black Vulture",1
"3233",165,0,"Black-and-white Warbler",1
"3234",165,0,"Blue Grosbeak",1
"3235",165,0,"Blue Jay",1
"3236",165,0,"Blue-gray Gnatcatcher",1
"3237",165,0,"Brown Thrasher",1
"3238",165,0,"Brown-headed Cowbird",1
"3239",165,0,"Brown-headed Nuthatch",1
"3240",165,0,"Carolina Chickadee",1
"3241",165,0,"Carolina Wren",1
"3242",165,0,"Chipping Sparrow",1
"3243",165,0,"Common Grackle",1
"3244",165,0,"Common Yellowthroat",1
"3245",165,0,"Downy Woodpecker",1
"3246",165,0,"Eastern Bluebird",1
"3247",165,0,"Eastern Kingbird",1
"3248",165,0,"Eastern Phoebe",1
"3249",165,0,"Eastern Towhee",1
"3250",165,0,"Eastern Wood-Pewee",1
"3251",165,0,"Fish Crow",1
"3252",165,0,"Great Blue Heron",1
"3253",165,0,"Great Crested Flycatcher",1
"3254",165,0,"Hairy Woodpecker",1
"3255",165,0,"House Finch",1
"3256",165,0,"Indigo Bunting",1
"3257",165,0,"Mourning Dove",1
"3258",165,0,"Northern Cardinal",1
"3259",165,0,"Northern Flicker",1
"3260",165,0,"Northern Mockingbird",1
"3261",165,0,"Northern Parula",1
"3262",165,0,"Osprey",1
"3263",165,0,"Ovenbird",1
"3264",165,0,"Pileated Woodpecker",1
"3265",165,0,"Pine Warbler",1
"3266",165,0,"Red-bellied Woodpecker",1
"3267",165,0,"Red-eyed Vireo",1
"3268",165,0,"Red-headed Woodpecker",1
"3269",165,0,"Red-shouldered Hawk",1
"3270",165,0,"Red-tailed Hawk",1
"3271",165,0,"Red-winged Blackbird",1
"3272",165,0,"Ruby-throated Hummingbird",1
"3273",165,0,"Scarlet Tanager",1
"3274",165,0,"Summer Tanager",1
"3275",165,0,"Tufted Titmouse",1
"3276",165,0,"White-breasted Nuthatch",1
"3277",165,0,"White-eyed Vireo",1
"3278",165,0,"Yellow-billed Cuckoo",1
"3279",165,0,"Yellow-throated Vireo",1
"3280",165,0,"Yellow-throated Warbler",1
"3281",165,1,"Acadian Flycatcher",1200
"3282",165,1,"American Crow",1200
"3283",165,1,"American Goldfinch",1200
"3284",165,1,"American Redstart",1200
"3285",165,1,"Barred Owl",1200
"3286",165,1,"Belted Kingfisher",1200
"3287",165,1,"Black Vulture",1137
"3288",165,1,"Black-and-white Warbler",1200
"3289",165,1,"Blue Grosbeak",1200
"3290",165,1,"Blue Jay",1200
"3291",165,1,"Blue-gray Gnatcatcher",1200
"3292",165,1,"Brown Thrasher",906
"3293",165,1,"Brown-headed Cowbird",1200
"3294",165,1,"Brown-headed Nuthatch",1200
"3295",165,1,"Carolina Chickadee",1200
"3296",165,1,"Carolina Wren",1199
"3297",165,1,"Chimney Swift",1059
"3298",165,1,"Chipping Sparrow",1199
"3299",165,1,"Common Grackle",1195
"3300",165,1,"Common Yellowthroat",1200
"3301",165,1,"Downy Woodpecker",1200
"3302",165,1,"Eastern Bluebird",1195
"3303",165,1,"Eastern Kingbird",1168
"3304",165,1,"Eastern Phoebe",1200
"3305",165,1,"Eastern Towhee",1200
"3306",165,1,"Eastern Wood-Pewee",1200
"3307",165,1,"European Starling",26
"3308",165,1,"Fish Crow",991
"3309",165,1,"Great Blue Heron",1172
"3310",165,1,"Great Crested Flycatcher",1200
"3311",165,1,"Hairy Woodpecker",1195
"3312",165,1,"House Finch",551
"3313",165,1,"Indigo Bunting",1200
"3314",165,1,"Killdeer",181
"3315",165,1,"Mourning Dove",1200
"3316",165,1,"Northern Cardinal",1200
"3317",165,1,"Northern Flicker",1200
"3318",165,1,"Northern Mockingbird",915
"3319",165,1,"Northern Parula",1200
"3320",165,1,"Osprey",1198
"3321",165,1,"Ovenbird",1200
"3322",165,1,"Pileated Woodpecker",1200
"3323",165,1,"Pine Warbler",1200
"3324",165,1,"Red-bellied Woodpecker",1200
"3325",165,1,"Red-eyed Vireo",1200
"3326",165,1,"Red-headed Woodpecker",1200
"3327",165,1,"Red-shouldered Hawk",1176
"3328",165,1,"Red-tailed Hawk",1200
"3329",165,1,"Red-winged Blackbird",1163
"3330",165,1,"Ruby-throated Hummingbird",1200
"3331",165,1,"Scarlet Tanager",1200
"3332",165,1,"Summer Tanager",1200
"3333",165,1,"Tufted Titmouse",1200
"3334",165,1,"Turkey Vulture",20
"3335",165,1,"White-breasted Nuthatch",1200
"3336",165,1,"White-eyed Vireo",1200
"3337",165,1,"Yellow-billed Cuckoo",1200
"3338",165,1,"Yellow-throated Vireo",1200
"3339",165,1,"Yellow-throated Warbler",1200
"3340",165,2,"Acadian Flycatcher",1200
"3341",165,2,"American Crow",1200
"3342",165,2,"American Goldfinch",1198
"3343",165,2,"American Redstart",1200
"3344",165,2,"Barred Owl",1200
"3345",165,2,"Belted Kingfisher",1199
"3346",165,2,"Black Vulture",1102
"3347",165,2,"Black-and-white Warbler",1200
"3348",165,2,"Blue Grosbeak",1200
"3349",165,2,"Blue Jay",1199
"3350",165,2,"Blue-gray Gnatcatcher",1200
"3351",165,2,"Brown Thrasher",768
"3352",165,2,"Brown-headed Cowbird",1200
"3353",165,2,"Brown-headed Nuthatch",1200
"3354",165,2,"Carolina Chickadee",1200
"3355",165,2,"Carolina Wren",1178
"3356",165,2,"Chimney Swift",897
"3357",165,2,"Chipping Sparrow",1192
"3358",165,2,"Common Grackle",1162
"3359",165,2,"Common Yellowthroat",1200
"3360",165,2,"Downy Woodpecker",1186
"3361",165,2,"Eastern Bluebird",1186
"3362",165,2,"Eastern Kingbird",1171
"3363",165,2,"Eastern Phoebe",1199
"3364",165,2,"Eastern Towhee",1200
"3365",165,2,"Eastern Wood-Pewee",1200
"3366",165,2,"European Starling",8
"3367",165,2,"Fish Crow",726
"3368",165,2,"Great Blue Heron",1188
"3369",165,2,"Great Crested Flycatcher",1200
"3370",165,2,"Hairy Woodpecker",1186
"3371",165,2,"House Finch",591
"3372",165,2,"Indigo Bunting",1200
"3373",165,2,"Killdeer",471
"3374",165,2,"Mourning Dove",1195
"3375",165,2,"Northern Cardinal",1200
"3376",165,2,"Northern Flicker",1198
"3377",165,2,"Northern Mockingbird",778
"3378",165,2,"Northern Parula",1200
"3379",165,2,"Osprey",1183
"3380",165,2,"Ovenbird",1200
"3381",165,2,"Pileated Woodpecker",1200
"3382",165,2,"Pine Warbler",1200
"3383",165,2,"Red-bellied Woodpecker",1200
"3384",165,2,"Red-eyed Vireo",1199
"3385",165,2,"Red-headed Woodpecker",1200
"3386",165,2,"Red-shouldered Hawk",1136
"3387",165,2,"Red-tailed Hawk",1200
"3388",165,2,"Red-winged Blackbird",1147
"3389",165,2,"Ruby-throated Hummingbird",1200
"3390",165,2,"Scarlet Tanager",1200
"3391",165,2,"Summer Tanager",1200
"3392",165,2,"Tufted Titmouse",1200
"3393",165,2,"Turkey Vulture",9
"3394",165,2,"White-breasted Nuthatch",1193
"3395",165,2,"White-eyed Vireo",1200
"3396",165,2,"Yellow-billed Cuckoo",1200
"3397",165,2,"Yellow-throated Vireo",1200
"3398",165,2,"Yellow-throated Warbler",1200
"3399",165,3,"Acadian Flycatcher",1199
"3400",165,3,"American Crow",1199
"3401",165,3,"American Goldfinch",1198
"3402",165,3,"American Redstart",1199
"3403",165,3,"Barred Owl",1199
"3404",165,3,"Belted Kingfisher",1194
"3405",165,3,"Black Vulture",1103
"3406",165,3,"Black-and-white Warbler",1199
"3407",165,3,"Blue Grosbeak",1199
"3408",165,3,"Blue Jay",1199
"3409",165,3,"Blue-gray Gnatcatcher",1199
"3410",165,3,"Brown Thrasher",570
"3411",165,3,"Brown-headed Cowbird",1199
"3412",165,3,"Brown-headed Nuthatch",1199
"3413",165,3,"Carolina Chickadee",1199
"3414",165,3,"Carolina Wren",1172
"3415",165,3,"Chimney Swift",1058
"3416",165,3,"Chipping Sparrow",1198
"3417",165,3,"Common Grackle",1130
"3418",165,3,"Common Yellowthroat",1199
"3419",165,3,"Downy Woodpecker",1169
"3420",165,3,"Eastern Bluebird",1194
"3421",165,3,"Eastern Kingbird",1186
"3422",165,3,"Eastern Phoebe",1192
"3423",165,3,"Eastern Towhee",1199
"3424",165,3,"Eastern Wood-Pewee",1199
"3425",165,3,"European Starling",12
"3426",165,3,"Fish Crow",771
"3427",165,3,"Great Blue Heron",1181
"3428",165,3,"Great Crested Flycatcher",1199
"3429",165,3,"Hairy Woodpecker",1159
"3430",165,3,"House Finch",763
"3431",165,3,"Indigo Bunting",1199
"3432",165,3,"Killdeer",486
"3433",165,3,"Mourning Dove",1199
"3434",165,3,"Northern Cardinal",1198
"3435",165,3,"Northern Flicker",1198
"3436",165,3,"Northern Mockingbird",772
"3437",165,3,"Northern Parula",1199
"3438",165,3,"Osprey",1185
"3439",165,3,"Ovenbird",1199
"3440",165,3,"Pileated Woodpecker",1199
"3441",165,3,"Pine Warbler",1199
"3442",165,3,"Red-bellied Woodpecker",1199
"3443",165,3,"Red-eyed Vireo",1199
"3444",165,3,"Red-headed Woodpecker",1199
"3445",165,3,"Red-shouldered Hawk",1121
"3446",165,3,"Red-tailed Hawk",1199
"3447",165,3,"Red-winged Blackbird",1122
"3448",165,3,"Ruby-throated Hummingbird",1199
"3449",165,3,"Scarlet Tanager",1199
"3450",165,3,"Summer Tanager",1199
"3451",165,3,"Tufted Titmouse",1199
"3452",165,3,"Turkey Vulture",16
"3453",165,3,"White-breasted Nuthatch",1195
"3454",165,3,"White-eyed Vireo",1199
"3455",165,3,"Yellow-billed Cuckoo",1199
"3456",165,3,"Yellow-throated Vireo",1199
"3457",165,3,"Yellow-throated Warbler",1199
"3458",166,0,"Acadian Flycatcher",1
"3459",166,0,"American Crow",1
"3460",166,0,"American Goldfinch",1
"3461",166,0,"American Redstart",1
"3462",166,0,"Barred Owl",1
"3463",166,0,"Belted Kingfisher",1
"3464",166,0,"Black Vulture",1
"3465",166,0,"Black-and-white Warbler",1
"3466",166,0,"Blue Grosbeak",1
"3467",166,0,"Blue Jay",1
"3468",166,0,"Blue-gray Gnatcatcher",1
"3469",166,0,"Brown Thrasher",1
"3470",166,0,"Brown-headed Cowbird",1
"3471",166,0,"Brown-headed Nuthatch",1
"3472",166,0,"Carolina Chickadee",1
"3473",166,0,"Carolina Wren",1
"3474",166,0,"Chimney Swift",1
"3475",166,0,"Chipping Sparrow",1
"3476",166,0,"Common Grackle",1
"3477",166,0,"Common Yellowthroat",1
"3478",166,0,"Downy Woodpecker",1
"3479",166,0,"Eastern Bluebird",1
"3480",166,0,"Eastern Kingbird",1
"3481",166,0,"Eastern Phoebe",1
"3482",166,0,"Eastern Towhee",1
"3483",166,0,"Eastern Wood-Pewee",1
"3484",166,0,"Fish Crow",1
"3485",166,0,"Great Blue Heron",1
"3486",166,0,"Great Crested Flycatcher",1
"3487",166,0,"Hairy Woodpecker",1
"3488",166,0,"House Finch",1
"3489",166,0,"Indigo Bunting",1
"3490",166,0,"Killdeer",1
"3491",166,0,"Mourning Dove",1
"3492",166,0,"Northern Cardinal",1
"3493",166,0,"Northern Flicker",1
"3494",166,0,"Northern Mockingbird",1
"3495",166,0,"Northern Parula",1
"3496",166,0,"Osprey",1
"3497",166,0,"Ovenbird",1
"3498",166,0,"Pileated Woodpecker",1
"3499",166,0,"Pine Warbler",1
"3500",166,0,"Red-bellied Woodpecker",1
"3501",166,0,"Red-eyed Vireo",1
"3502",166,0,"Red-headed Woodpecker",1
"3503",166,0,"Red-shouldered Hawk",1
"3504",166,0,"Red-tailed Hawk",1
"3505",166,0,"Red-winged Blackbird",1
"3506",166,0,"Ruby-throated Hummingbird",1
"3507",166,0,"Scarlet Tanager",1
"3508",166,0,"Summer Tanager",1
"3509",166,0,"Tufted Titmouse",1
"3510",166,0,"White-breasted Nuthatch",1
"3511",166,0,"White-eyed Vireo",1
"3512",166,0,"Yellow-billed Cuckoo",1
"3513",166,0,"Yellow-throated Vireo",1
"3514",166,0,"Yellow-throated Warbler",1
"3515",166,1,"Acadian Flycatcher",1200
"3516",166,1,"American Crow",1200
"3517",166,1,"American Goldfinch",1198
"3518",166,1,"American Redstart",1200
"3519",166,1,"Barred Owl",1200
"3520",166,1,"Belted Kingfisher",1198
"3521",166,1,"Black Vulture",776
"3522",166,1,"Black-and-white Warbler",1200
"3523",166,1,"Blue Grosbeak",1200
"3524",166,1,"Blue Jay",1200
"3525",166,1,"Blue-gray Gnatcatcher",1200
"3526",166,1,"Brown Thrasher",729
"3527",166,1,"Brown-headed Cowbird",1200
"3528",166,1,"Brown-headed Nuthatch",1200
"3529",166,1,"Carolina Chickadee",1200
"3530",166,1,"Carolina Wren",1176
"3531",166,1,"Chimney Swift",1016
"3532",166,1,"Chipping Sparrow",1195
"3533",166,1,"Common Grackle",1111
"3534",166,1,"Common Yellowthroat",1200
"3535",166,1,"Downy Woodpecker",1181
"3536",166,1,"Eastern Bluebird",1177
"3537",166,1,"Eastern Kingbird",1199
"3538",166,1,"Eastern Phoebe",1200
"3539",166,1,"Eastern Towhee",1200
"3540",166,1,"Eastern Wood-Pewee",1200
"3541",166,1,"European Starling",11
"3542",166,1,"Fish Crow",856
"3543",166,1,"Great Blue Heron",1199
"3544",166,1,"Great Crested Flycatcher",1200
"3545",166,1,"Hairy Woodpecker",1143
"3546",166,1,"House Finch",342
"3547",166,1,"Indigo Bunting",1200
"3548",166,1,"Killdeer",555
"3549",166,1,"Mourning Dove",1196
"3550",166,1,"Northern Cardinal",1198
"3551",166,1,"Northern Flicker",1199
"3552",166,1,"Northern Mockingbird",589
"3553",166,1,"Northern Parula",1200
"3554",166,1,"Osprey",1152
"3555",166,1,"Ovenbird",1200
"3556",166,1,"Pileated Woodpecker",1200
"3557",166,1,"Pine Warbler",1200
"3558",166,1,"Red-bellied Woodpecker",1197
"3559",166,1,"Red-eyed Vireo",1200
"3560",166,1,"Red-headed Woodpecker",1200
"3561",166,1,"Red-shouldered Hawk",1103
"3562",166,1,"Red-tailed Hawk",1200
"3563",166,1,"Red-winged Blackbird",1162
"3564",166,1,"Ruby-throated Hummingbird",1200
"3565",166,1,"Scarlet Tanager",1200
"3566",166,1,"Summer Tanager",1200
"3567",166,1,"Tufted Titmouse",1200
"3568",166,1,"Turkey Vulture",5
"3569",166,1,"White-breasted Nuthatch",1194
"3570",166,1,"White-eyed Vireo",1200
"3571",166,1,"Yellow-billed Cuckoo",1200
"3572",166,1,"Yellow-throated Vireo",1200
"3573",166,1,"Yellow-throated Warbler",1200
"3574",166,2,"Acadian Flycatcher",1200
"3575",166,2,"American Crow",1200
"3576",166,2,"American Goldfinch",1199
"3577",166,2,"American Redstart",1200
"3578",166,2,"Barred Owl",1200
"3579",166,2,"Belted Kingfisher",1192
"3580",166,2,"Black Vulture",605
"3581",166,2,"Black-and-white Warbler",1200
"3582",166,2,"Blue Grosbeak",1200
"3583",166,2,"Blue Jay",1200
"3584",166,2,"Blue-gray Gnatcatcher",1200
"3585",166,2,"Brown Thrasher",714
"3586",166,2,"Brown-headed Cowbird",1200
"3587",166,2,"Brown-headed Nuthatch",1200
"3588",166,2,"Carolina Chickadee",1200
"3589",166,2,"Carolina Wren",1139
"3590",166,2,"Chimney Swift",870
"3591",166,2,"Chipping Sparrow",1191
"3592",166,2,"Common Grackle",1111
"3593",166,2,"Common Yellowthroat",1199
"3594",166,2,"Downy Woodpecker",1133
"3595",166,2,"Eastern Bluebird",1170
"3596",166,2,"Eastern Kingbird",1190
"3597",166,2,"Eastern Phoebe",1200
"3598",166,2,"Eastern Towhee",1200
"3599",166,2,"Eastern Wood-Pewee",1200
"3600",166,2,"European Starling",127
"3601",166,2,"Fish Crow",787
"3602",166,2,"Great Blue Heron",1199
"3603",166,2,"Great Crested Flycatcher",1200
"3604",166,2,"Hairy Woodpecker",1173
"3605",166,2,"House Finch",703
"3606",166,2,"Indigo Bunting",1200
"3607",166,2,"Killdeer",703
"3608",166,2,"Mourning Dove",1196
"3609",166,2,"Northern Cardinal",1200
"3610",166,2,"Northern Flicker",1198
"3611",166,2,"Northern Mockingbird",738
"3612",166,2,"Northern Parula",1200
"3613",166,2,"Osprey",1159
"3614",166,2,"Ovenbird",1200
"3615",166,2,"Pileated Woodpecker",1200
"3616",166,2,"Pine Warbler",1200
"3617",166,2,"Red-bellied Woodpecker",1198
"3618",166,2,"Red-eyed Vireo",1200
"3619",166,2,"Red-headed Woodpecker",1200
"3620",166,2,"Red-shouldered Hawk",1087
"3621",166,2,"Red-tailed Hawk",1200
"3622",166,2,"Red-winged Blackbird",1166
"3623",166,2,"Ruby-throated Hummingbird",1200
"3624",166,2,"Scarlet Tanager",1200
"3625",166,2,"Summer Tanager",1200
"3626",166,2,"Tufted Titmouse",1200
"3627",166,2,"Turkey Vulture",1
"3628",166,2,"White-breasted Nuthatch",1178
"3629",166,2,"White-eyed Vireo",1200
"3630",166,2,"Yellow-billed Cuckoo",1200
"3631",166,2,"Yellow-throated Vireo",1200
"3632",166,2,"Yellow-throated Warbler",1200
"3633",166,3,"Acadian Flycatcher",1199
"3634",166,3,"American Crow",1199
"3635",166,3,"American Goldfinch",1199
"3636",166,3,"American Redstart",1199
"3637",166,3,"Barred Owl",1199
"3638",166,3,"Belted Kingfisher",1198
"3639",166,3,"Black Vulture",930
"3640",166,3,"Black-and-white Warbler",1199
"3641",166,3,"Blue Grosbeak",1199
"3642",166,3,"Blue Jay",1197
"3643",166,3,"Blue-gray Gnatcatcher",1199
"3644",166,3,"Brown Thrasher",662
"3645",166,3,"Brown-headed Cowbird",1198
"3646",166,3,"Brown-headed Nuthatch",1198
"3647",166,3,"Carolina Chickadee",1199
"3648",166,3,"Carolina Wren",1163
"3649",166,3,"Chimney Swift",924
"3650",166,3,"Chipping Sparrow",1183
"3651",166,3,"Common Grackle",1158
"3652",166,3,"Common Yellowthroat",1199
"3653",166,3,"Downy Woodpecker",1191
"3654",166,3,"Eastern Bluebird",1195
"3655",166,3,"Eastern Kingbird",1172
"3656",166,3,"Eastern Phoebe",1192
"3657",166,3,"Eastern Towhee",1199
"3658",166,3,"Eastern Wood-Pewee",1199
"3659",166,3,"European Starling",180
"3660",166,3,"Fish Crow",751
"3661",166,3,"Great Blue Heron",1165
"3662",166,3,"Great Crested Flycatcher",1199
"3663",166,3,"Hairy Woodpecker",1165
"3664",166,3,"House Finch",524
"3665",166,3,"Indigo Bunting",1199
"3666",166,3,"Killdeer",444
"3667",166,3,"Mourning Dove",1196
"3668",166,3,"Northern Cardinal",1199
"3669",166,3,"Northern Flicker",1196
"3670",166,3,"Northern Mockingbird",778
"3671",166,3,"Northern Parula",1199
"3672",166,3,"Osprey",1150
"3673",166,3,"Ovenbird",1197
"3674",166,3,"Pileated Woodpecker",1197
"3675",166,3,"Pine Warbler",1199
"3676",166,3,"Red-bellied Woodpecker",1198
"3677",166,3,"Red-eyed Vireo",1198
"3678",166,3,"Red-headed Woodpecker",1199
"3679",166,3,"Red-shouldered Hawk",1129
"3680",166,3,"Red-tailed Hawk",1199
"3681",166,3,"Red-winged Blackbird",1119
"3682",166,3,"Ruby-throated Hummingbird",1199
"3683",166,3,"Scarlet Tanager",1199
"3684",166,3,"Summer Tanager",1199
"3685",166,3,"Tufted Titmouse",1199
"3686",166,3,"Turkey Vulture",11
"3687",166,3,"White-breasted Nuthatch",1195
"3688",166,3,"White-eyed Vireo",1198
"3689",166,3,"Yellow-billed Cuckoo",1199
"3690",166,3,"Yellow-throated Vireo",1199
"3691",166,3,"Yellow-throated Warbler",1199
"3692",167,0,"Acadian Flycatcher",1
"3693",167,0,"American Crow",1
"3694",167,0,"American Goldfinch",1
"3695",167,0,"American Redstart",1
"3696",167,0,"Barred Owl",1
"3697",167,0,"Belted Kingfisher",1
"3698",167,0,"Black Vulture",1
"3699",167,0,"Black-and-white Warbler",1
"3700",167,0,"Blue Grosbeak",1
"3701",167,0,"Blue Jay",1
"3702",167,0,"Blue-gray Gnatcatcher",1
"3703",167,0,"Brown Thrasher",1
"3704",167,0,"Brown-headed Cowbird",1
"3705",167,0,"Brown-headed Nuthatch",1
"3706",167,0,"Carolina Chickadee",1
"3707",167,0,"Carolina Wren",1
"3708",167,0,"Chimney Swift",1
"3709",167,0,"Chipping Sparrow",1
"3710",167,0,"Common Grackle",1
"3711",167,0,"Common Yellowthroat",1
"3712",167,0,"Downy Woodpecker",1
"3713",167,0,"Eastern Bluebird",1
"3714",167,0,"Eastern Kingbird",1
"3715",167,0,"Eastern Phoebe",1
"3716",167,0,"Eastern Towhee",1
"3717",167,0,"Eastern Wood-Pewee",1
"3718",167,0,"Fish Crow",1
"3719",167,0,"Great Blue Heron",1
"3720",167,0,"Great Crested Flycatcher",1
"3721",167,0,"Hairy Woodpecker",1
"3722",167,0,"House Finch",1
"3723",167,0,"Indigo Bunting",1
"3724",167,0,"Killdeer",1
"3725",167,0,"Mourning Dove",1
"3726",167,0,"Northern Cardinal",1
"3727",167,0,"Northern Flicker",1
"3728",167,0,"Northern Mockingbird",1
"3729",167,0,"Northern Parula",1
"3730",167,0,"Osprey",1
"3731",167,0,"Ovenbird",1
"3732",167,0,"Pileated Woodpecker",1
"3733",167,0,"Pine Warbler",1
"3734",167,0,"Red-bellied Woodpecker",1
"3735",167,0,"Red-eyed Vireo",1
"3736",167,0,"Red-headed Woodpecker",1
"3737",167,0,"Red-shouldered Hawk",1
"3738",167,0,"Red-tailed Hawk",1
"3739",167,0,"Red-winged Blackbird",1
"3740",167,0,"Ruby-throated Hummingbird",1
"3741",167,0,"Scarlet Tanager",1
"3742",167,0,"Summer Tanager",1
"3743",167,0,"Tufted Titmouse",1
"3744",167,0,"White-breasted Nuthatch",1
"3745",167,0,"White-eyed Vireo",1
"3746",167,0,"Yellow-billed Cuckoo",1
"3747",167,0,"Yellow-throated Vireo",1
"3748",167,0,"Yellow-throated Warbler",1
"3749",167,1,"Acadian Flycatcher",1200
"3750",167,1,"American Crow",1193
"3751",167,1,"American Goldfinch",1191
"3752",167,1,"American Redstart",1199
"3753",167,1,"Barred Owl",1200
"3754",167,1,"Belted Kingfisher",1193
"3755",167,1,"Black Vulture",761
"3756",167,1,"Black-and-white Warbler",1200
"3757",167,1,"Blue Grosbeak",1200
"3758",167,1,"Blue Jay",1200
"3759",167,1,"Blue-gray Gnatcatcher",1199
"3760",167,1,"Brown Thrasher",808
"3761",167,1,"Brown-headed Cowbird",1199
"3762",167,1,"Brown-headed Nuthatch",1197
"3763",167,1,"Carolina Chickadee",1198
"3764",167,1,"Carolina Wren",1155
"3765",167,1,"Chimney Swift",1055
"3766",167,1,"Chipping Sparrow",1181
"3767",167,1,"Common Grackle",1153
"3768",167,1,"Common Yellowthroat",1200
"3769",167,1,"Downy Woodpecker",1174
"3770",167,1,"Eastern Bluebird",1177
"3771",167,1,"Eastern Kingbird",1187
"3772",167,1,"Eastern Phoebe",1200
"3773",167,1,"Eastern Towhee",1200
"3774",167,1,"Eastern Wood-Pewee",1200
"3775",167,1,"European Starling",82
"3776",167,1,"Fish Crow",900
"3777",167,1,"Great Blue Heron",1198
"3778",167,1,"Great Crested Flycatcher",1200
"3779",167,1,"Hairy Woodpecker",1155
"3780",167,1,"House Finch",400
"3781",167,1,"Indigo Bunting",1200
"3782",167,1,"Killdeer",659
"3783",167,1,"Mourning Dove",1193
"3784",167,1,"Northern Cardinal",1189
"3785",167,1,"Northern Flicker",1189
"3786",167,1,"Northern Mockingbird",572
"3787",167,1,"Northern Parula",1200
"3788",167,1,"Osprey",1150
"3789",167,1,"Ovenbird",1195
"3790",167,1,"Pileated Woodpecker",1199
"3791",167,1,"Pine Warbler",1200
"3792",167,1,"Red-bellied Woodpecker",1188
"3793",167,1,"Red-eyed Vireo",1197
"3794",167,1,"Red-headed Woodpecker",1199
"3795",167,1,"Red-shouldered Hawk",1119
"3796",167,1,"Red-tailed Hawk",1200
"3797",167,1,"Red-winged Blackbird",1161
"3798",167,1,"Ruby-throated Hummingbird",1198
"3799",167,1,"Scarlet Tanager",1200
"3800",167,1,"Summer Tanager",1200
"3801",167,1,"Tufted Titmouse",1195
"3802",167,1,"Turkey Vulture",26
"3803",167,1,"White-breasted Nuthatch",1178
"3804",167,1,"White-eyed Vireo",1200
"3805",167,1,"Yellow-billed Cuckoo",1200
"3806",167,1,"Yellow-throated Vireo",1197
"3807",167,1,"Yellow-throated Warbler",1200
"3808",167,2,"Acadian Flycatcher",1200
"3809",167,2,"American Crow",1200
"3810",167,2,"American Goldfinch",1198
"3811",167,2,"American Redstart",1200
"3812",167,2,"Barred Owl",1200
"3813",167,2,"Belted Kingfisher",1194
"3814",167,2,"Black Vulture",860
"3815",167,2,"Black-and-white Warbler",1200
"3816",167,2,"Blue Grosbeak",1200
"3817",167,2,"Blue Jay",1200
"3818",167,2,"Blue-gray Gnatcatcher",1200
"3819",167,2,"Brown Thrasher",692
"3820",167,2,"Brown-headed Cowbird",1199
"3821",167,2,"Brown-headed Nuthatch",1200
"3822",167,2,"Carolina Chickadee",1200
"3823",167,2,"Carolina Wren",1158
"3824",167,2,"Chimney Swift",928
"3825",167,2,"Chipping Sparrow",1190
"3826",167,2,"Common Grackle",1103
"3827",167,2,"Common Yellowthroat",1200
"3828",167,2,"Downy Woodpecker",1183
"3829",167,2,"Eastern Bluebird",1185
"3830",167,2,"Eastern Kingbird",1193
"3831",167,2,"Eastern Phoebe",1194
"3832",167,2,"Eastern Towhee",1200
"3833",167,2,"Eastern Wood-Pewee",1200
"3834",167,2,"European Starling",122
"3835",167,2,"Fish Crow",788
"3836",167,2,"Great Blue Heron",1197
"3837",167,2,"Great Crested Flycatcher",1200
"3838",167,2,"Hairy Woodpecker",1178
"3839",167,2,"House Finch",682
"3840",167,2,"Indigo Bunting",1200
"3841",167,2,"Killdeer",927
"3842",167,2,"Mourning Dove",1196
"3843",167,2,"Northern Cardinal",1193
"3844",167,2,"Northern Flicker",1198
"3845",167,2,"Northern Mockingbird",734
"3846",167,2,"Northern Parula",1200
"3847",167,2,"Osprey",1113
"3848",167,2,"Ovenbird",1200
"3849",167,2,"Pileated Woodpecker",1200
"3850",167,2,"Pine Warbler",1200
"3851",167,2,"Red-bellied Woodpecker",1200
"3852",167,2,"Red-eyed Vireo",1197
"3853",167,2,"Red-headed Woodpecker",1200
"3854",167,2,"Red-shouldered Hawk",1148
"3855",167,2,"Red-tailed Hawk",1198
"3856",167,2,"Red-winged Blackbird",1150
"3857",167,2,"Ruby-throated Hummingbird",1199
"3858",167,2,"Scarlet Tanager",1197
"3859",167,2,"Summer Tanager",1200
"3860",167,2,"Tufted Titmouse",1200
"3861",167,2,"Turkey Vulture",8
"3862",167,2,"White-breasted Nuthatch",1187
"3863",167,2,"White-eyed Vireo",1199
"3864",167,2,"Yellow-billed Cuckoo",1200
"3865",167,2,"Yellow-throated Vireo",1200
"3866",167,2,"Yellow-throated Warbler",1200
"3867",167,3,"Acadian Flycatcher",1199
"3868",167,3,"American Crow",1199
"3869",167,3,"American Goldfinch",1199
"3870",167,3,"American Redstart",1199
"3871",167,3,"Barred Owl",1199
"3872",167,3,"Belted Kingfisher",1199
"3873",167,3,"Black Vulture",989
"3874",167,3,"Black-and-white Warbler",1199
"3875",167,3,"Blue Grosbeak",1199
"3876",167,3,"Blue Jay",1199
"3877",167,3,"Blue-gray Gnatcatcher",1199
"3878",167,3,"Brown Thrasher",720
"3879",167,3,"Brown-headed Cowbird",1199
"3880",167,3,"Brown-headed Nuthatch",1199
"3881",167,3,"Carolina Chickadee",1199
"3882",167,3,"Carolina Wren",1172
"3883",167,3,"Chimney Swift",950
"3884",167,3,"Chipping Sparrow",1197
"3885",167,3,"Common Grackle",1143
"3886",167,3,"Common Yellowthroat",1199
"3887",167,3,"Downy Woodpecker",1190
"3888",167,3,"Eastern Bluebird",1190
"3889",167,3,"Eastern Kingbird",1191
"3890",167,3,"Eastern Phoebe",1197
"3891",167,3,"Eastern Towhee",1199
"3892",167,3,"Eastern Wood-Pewee",1199
"3893",167,3,"European Starling",45
"3894",167,3,"Fish Crow",893
"3895",167,3,"Great Blue Heron",1173
"3896",167,3,"Great Crested Flycatcher",1199
"3897",167,3,"Hairy Woodpecker",1159
"3898",167,3,"House Finch",854
"3899",167,3,"Indigo Bunting",1199
"3900",167,3,"Killdeer",690
"3901",167,3,"Mourning Dove",1199
"3902",167,3,"Northern Cardinal",1196
"3903",167,3,"Northern Flicker",1198
"3904",167,3,"Northern Mockingbird",738
"3905",167,3,"Northern Parula",1199
"3906",167,3,"Osprey",1190
"3907",167,3,"Ovenbird",1199
"3908",167,3,"Pileated Woodpecker",1199
"3909",167,3,"Pine Warbler",1199
"3910",167,3,"Red-bellied Woodpecker",1199
"3911",167,3,"Red-eyed Vireo",1198
"3912",167,3,"Red-headed Woodpecker",1199
"3913",167,3,"Red-shouldered Hawk",1140
"3914",167,3,"Red-tailed Hawk",1199
"3915",167,3,"Red-winged Blackbird",1165
"3916",167,3,"Ruby-throated Hummingbird",1199
"3917",167,3,"Scarlet Tanager",1199
"3918",167,3,"Summer Tanager",1199
"3919",167,3,"Tufted Titmouse",1199
"3920",167,3,"Turkey Vulture",10
"3921",167,3,"White-breasted Nuthatch",1196
"3922",167,3,"White-eyed Vireo",1199
"3923",167,3,"Yellow-billed Cuckoo",1199
"3924",167,3,"Yellow-throated Vireo",1199
"3925",167,3,"Yellow-throated Warbler",1199
"3926",168,0,"Acadian Flycatcher",1
"3927",168,0,"American Crow",1
"3928",168,0,"American Goldfinch",1
"3929",168,0,"American Redstart",1
"3930",168,0,"Barred Owl",1
"3931",168,0,"Belted Kingfisher",1
"3932",168,0,"Black Vulture",1
"3933",168,0,"Black-and-white Warbler",1
"3934",168,0,"Blue Grosbeak",1
"3935",168,0,"Blue Jay",1
"3936",168,0,"Blue-gray Gnatcatcher",1
"3937",168,0,"Brown Thrasher",1
"3938",168,0,"Brown-headed Cowbird",1
"3939",168,0,"Brown-headed Nuthatch",1
"3940",168,0,"Carolina Chickadee",1
"3941",168,0,"Carolina Wren",1
"3942",168,0,"Chimney Swift",1
"3943",168,0,"Chipping Sparrow",1
"3944",168,0,"Common Grackle",1
"3945",168,0,"Common Yellowthroat",1
"3946",168,0,"Downy Woodpecker",1
"3947",168,0,"Eastern Bluebird",1
"3948",168,0,"Eastern Kingbird",1
"3949",168,0,"Eastern Phoebe",1
"3950",168,0,"Eastern Towhee",1
"3951",168,0,"Eastern Wood-Pewee",1
"3952",168,0,"Fish Crow",1
"3953",168,0,"Great Blue Heron",1
"3954",168,0,"Great Crested Flycatcher",1
"3955",168,0,"Hairy Woodpecker",1
"3956",168,0,"House Finch",1
"3957",168,0,"Indigo Bunting",1
"3958",168,0,"Killdeer",1
"3959",168,0,"Mourning Dove",1
"3960",168,0,"Northern Cardinal",1
"3961",168,0,"Northern Flicker",1
"3962",168,0,"Northern Mockingbird",1
"3963",168,0,"Northern Parula",1
"3964",168,0,"Osprey",1
"3965",168,0,"Ovenbird",1
"3966",168,0,"Pileated Woodpecker",1
"3967",168,0,"Pine Warbler",1
"3968",168,0,"Red-bellied Woodpecker",1
"3969",168,0,"Red-eyed Vireo",1
"3970",168,0,"Red-headed Woodpecker",1
"3971",168,0,"Red-shouldered Hawk",1
"3972",168,0,"Red-tailed Hawk",1
"3973",168,0,"Red-winged Blackbird",1
"3974",168,0,"Ruby-throated Hummingbird",1
"3975",168,0,"Scarlet Tanager",1
"3976",168,0,"Summer Tanager",1
"3977",168,0,"Tufted Titmouse",1
"3978",168,0,"White-breasted Nuthatch",1
"3979",168,0,"White-eyed Vireo",1
"3980",168,0,"Yellow-billed Cuckoo",1
"3981",168,0,"Yellow-throated Vireo",1
"3982",168,0,"Yellow-throated Warbler",1
"3983",168,1,"Acadian Flycatcher",1200
"3984",168,1,"American Crow",1199
"3985",168,1,"American Goldfinch",1199
"3986",168,1,"American Redstart",1200
"3987",168,1,"Barred Owl",1200
"3988",168,1,"Belted Kingfisher",1199
"3989",168,1,"Black Vulture",1113
"3990",168,1,"Black-and-white Warbler",1200
"3991",168,1,"Blue Grosbeak",1200
"3992",168,1,"Blue Jay",1200
"3993",168,1,"Blue-gray Gnatcatcher",1199
"3994",168,1,"Brown Thrasher",1132
"3995",168,1,"Brown-headed Cowbird",1200
"3996",168,1,"Brown-headed Nuthatch",1199
"3997",168,1,"Carolina Chickadee",1199
"3998",168,1,"Carolina Wren",1196
"3999",168,1,"Chimney Swift",1132
"4000",168,1,"Chipping Sparrow",1197
"4001",168,1,"Common Grackle",1185
"4002",168,1,"Common Yellowthroat",1200
"4003",168,1,"Downy Woodpecker",1200
"4004",168,1,"Eastern Bluebird",1189
"4005",168,1,"Eastern Kingbird",1200
"4006",168,1,"Eastern Phoebe",1198
"4007",168,1,"Eastern Towhee",1199
"4008",168,1,"Eastern Wood-Pewee",1200
"4009",168,1,"European Starling",283
"4010",168,1,"Fish Crow",1171
"4011",168,1,"Great Blue Heron",1199
"4012",168,1,"Great Crested Flycatcher",1200
"4013",168,1,"Hairy Woodpecker",1193
"4014",168,1,"House Finch",732
"4015",168,1,"Indigo Bunting",1200
"4016",168,1,"Killdeer",847
"4017",168,1,"Mourning Dove",1200
"4018",168,1,"Northern Cardinal",1199
"4019",168,1,"Northern Flicker",1200
"4020",168,1,"Northern Mockingbird",1015
"4021",168,1,"Northern Parula",1200
"4022",168,1,"Osprey",1167
"4023",168,1,"Ovenbird",1200
"4024",168,1,"Pileated Woodpecker",1200
"4025",168,1,"Pine Warbler",1199
"4026",168,1,"Red-bellied Woodpecker",1200
"4027",168,1,"Red-eyed Vireo",1198
"4028",168,1,"Red-headed Woodpecker",1200
"4029",168,1,"Red-shouldered Hawk",1188
"4030",168,1,"Red-tailed Hawk",1199
"4031",168,1,"Red-winged Blackbird",1198
"4032",168,1,"Ruby-throated Hummingbird",1199
"4033",168,1,"Scarlet Tanager",1200
"4034",168,1,"Summer Tanager",1200
"4035",168,1,"Tufted Titmouse",1200
"4036",168,1,"Turkey Vulture",36
"4037",168,1,"White-breasted Nuthatch",1200
"4038",168,1,"White-eyed Vireo",1200
"4039",168,1,"Yellow-billed Cuckoo",1200
"4040",168,1,"Yellow-throated Vireo",1200
"4041",168,1,"Yellow-throated Warbler",1200
"4042",168,2,"Acadian Flycatcher",1199
"4043",168,2,"American Crow",1200
"4044",168,2,"American Goldfinch",1199
"4045",168,2,"American Redstart",1198
"4046",168,2,"Barred Owl",1200
"4047",168,2,"Belted Kingfisher",1199
"4048",168,2,"Black Vulture",1161
"4049",168,2,"Black-and-white Warbler",1196
"4050",168,2,"Blue Grosbeak",1200
"4051",168,2,"Blue Jay",1200
"4052",168,2,"Blue-gray Gnatcatcher",1199
"4053",168,2,"Brown Thrasher",1084
"4054",168,2,"Brown-headed Cowbird",1198
"4055",168,2,"Brown-headed Nuthatch",1200
"4056",168,2,"Carolina Chickadee",1197
"4057",168,2,"Carolina Wren",1185
"4058",168,2,"Chimney Swift",1080
"4059",168,2,"Chipping Sparrow",1193
"4060",168,2,"Common Grackle",1185
"4061",168,2,"Common Yellowthroat",1200
"4062",168,2,"Downy Woodpecker",1193
"4063",168,2,"Eastern Bluebird",1191
"4064",168,2,"Eastern Kingbird",1193
"4065",168,2,"Eastern Phoebe",1199
"4066",168,2,"Eastern Towhee",1200
"4067",168,2,"Eastern Wood-Pewee",1200
"4068",168,2,"European Starling",452
"4069",168,2,"Fish Crow",1114
"4070",168,2,"Great Blue Heron",1200
"4071",168,2,"Great Crested Flycatcher",1200
"4072",168,2,"Hairy Woodpecker",1196
"4073",168,2,"House Finch",922
"4074",168,2,"Indigo Bunting",1200
"4075",168,2,"Killdeer",1131
"4076",168,2,"Mourning Dove",1195
"4077",168,2,"Northern Cardinal",1200
"4078",168,2,"Northern Flicker",1197
"4079",168,2,"Northern Mockingbird",1075
"4080",168,2,"Northern Parula",1199
"4081",168,2,"Osprey",1184
"4082",168,2,"Ovenbird",1200
"4083",168,2,"Pileated Woodpecker",1200
"4084",168,2,"Pine Warbler",1198
"4085",168,2,"Red-bellied Woodpecker",1196
"4086",168,2,"Red-eyed Vireo",1199
"4087",168,2,"Red-headed Woodpecker",1200
"4088",168,2,"Red-shouldered Hawk",1190
"4089",168,2,"Red-tailed Hawk",1199
"4090",168,2,"Red-winged Blackbird",1191
"4091",168,2,"Ruby-throated Hummingbird",1199
"4092",168,2,"Scarlet Tanager",1198
"4093",168,2,"Summer Tanager",1200
"4094",168,2,"Tufted Titmouse",1200
"4095",168,2,"Turkey Vulture",17
"4096",168,2,"White-breasted Nuthatch",1194
"4097",168,2,"White-eyed Vireo",1200
"4098",168,2,"Yellow-billed Cuckoo",1200
"4099",168,2,"Yellow-throated Vireo",1200
"4100",168,2,"Yellow-throated Warbler",1200
"4101",168,3,"Acadian Flycatcher",1199
"4102",168,3,"American Crow",1198
"4103",168,3,"American Goldfinch",1193
"4104",168,3,"American Redstart",1199
"4105",168,3,"Barred Owl",1199
"4106",168,3,"Belted Kingfisher",1194
"4107",168,3,"Black Vulture",906
"4108",168,3,"Black-and-white Warbler",1199
"4109",168,3,"Blue Grosbeak",1199
"4110",168,3,"Blue Jay",1198
"4111",168,3,"Blue-gray Gnatcatcher",1199
"4112",168,3,"Brown Thrasher",622
"4113",168,3,"Brown-headed Cowbird",1198
"4114",168,3,"Brown-headed Nuthatch",1199
"4115",168,3,"Carolina Chickadee",1196
"4116",168,3,"Carolina Wren",1143
"4117",168,3,"Chimney Swift",946
"4118",168,3,"Chipping Sparrow",1190
"4119",168,3,"Common Grackle",1086
"4120",168,3,"Common Yellowthroat",1197
"4121",168,3,"Downy Woodpecker",1182
"4122",168,3,"Eastern Bluebird",1169
"4123",168,3,"Eastern Kingbird",1190
"4124",168,3,"Eastern Phoebe",1196
"4125",168,3,"Eastern Towhee",1198
"4126",168,3,"Eastern Wood-Pewee",1199
"4127",168,3,"European Starling",63
"4128",168,3,"Fish Crow",768
"4129",168,3,"Great Blue Heron",1192
"4130",168,3,"Great Crested Flycatcher",1199
"4131",168,3,"Hairy Woodpecker",1174
"4132",168,3,"House Finch",547
"4133",168,3,"Indigo Bunting",1199
"4134",168,3,"Killdeer",672
"4135",168,3,"Mourning Dove",1189
"4136",168,3,"Northern Cardinal",1196
"4137",168,3,"Northern Flicker",1193
"4138",168,3,"Northern Mockingbird",589
"4139",168,3,"Northern Parula",1199
"4140",168,3,"Osprey",1158
"4141",168,3,"Ovenbird",1199
"4142",168,3,"Pileated Woodpecker",1199
"4143",168,3,"Pine Warbler",1199
"4144",168,3,"Red-bellied Woodpecker",1191
"4145",168,3,"Red-eyed Vireo",1199
"4146",168,3,"Red-headed Woodpecker",1196
"4147",168,3,"Red-shouldered Hawk",1126
"4148",168,3,"Red-tailed Hawk",1197
"4149",168,3,"Red-winged Blackbird",1112
"4150",168,3,"Ruby-throated Hummingbird",1199
"4151",168,3,"Scarlet Tanager",1199
"4152",168,3,"Summer Tanager",1199
"4153",168,3,"Tufted Titmouse",1199
"4154",168,3,"Turkey Vulture",10
"4155",168,3,"White-breasted Nuthatch",1186
"4156",168,3,"White-eyed Vireo",1199
"4157",168,3,"Yellow-billed Cuckoo",1199
"4158",168,3,"Yellow-throated Vireo",1199
"4159",168,3,"Yellow-throated Warbler",1199
"4160",169,0,"Acadian Flycatcher",1
"4161",169,0,"American Crow",1
"4162",169,0,"American Goldfinch",1
"4163",169,0,"American Redstart",1
"4164",169,0,"Barred Owl",1
"4165",169,0,"Belted Kingfisher",1
"4166",169,0,"Black Vulture",1
"4167",169,0,"Black-and-white Warbler",1
"4168",169,0,"Blue Grosbeak",1
"4169",169,0,"Blue Jay",1
"4170",169,0,"Blue-gray Gnatcatcher",1
"4171",169,0,"Brown Thrasher",1
"4172",169,0,"Brown-headed Cowbird",1
"4173",169,0,"Brown-headed Nuthatch",1
"4174",169,0,"Carolina Chickadee",1
"4175",169,0,"Carolina Wren",1
"4176",169,0,"Chimney Swift",1
"4177",169,0,"Chipping Sparrow",1
"4178",169,0,"Common Grackle",1
"4179",169,0,"Common Yellowthroat",1
"4180",169,0,"Downy Woodpecker",1
"4181",169,0,"Eastern Bluebird",1
"4182",169,0,"Eastern Kingbird",1
"4183",169,0,"Eastern Phoebe",1
"4184",169,0,"Eastern Towhee",1
"4185",169,0,"Eastern Wood-Pewee",1
"4186",169,0,"European Starling",1
"4187",169,0,"Fish Crow",1
"4188",169,0,"Great Blue Heron",1
"4189",169,0,"Great Crested Flycatcher",1
"4190",169,0,"Hairy Woodpecker",1
"4191",169,0,"House Finch",1
"4192",169,0,"Indigo Bunting",1
"4193",169,0,"Killdeer",1
"4194",169,0,"Mourning Dove",1
"4195",169,0,"Northern Cardinal",1
"4196",169,0,"Northern Flicker",1
"4197",169,0,"Northern Mockingbird",1
"4198",169,0,"Northern Parula",1
"4199",169,0,"Osprey",1
"4200",169,0,"Ovenbird",1
"4201",169,0,"Pileated Woodpecker",1
"4202",169,0,"Pine Warbler",1
"4203",169,0,"Red-bellied Woodpecker",1
"4204",169,0,"Red-eyed Vireo",1
"4205",169,0,"Red-headed Woodpecker",1
"4206",169,0,"Red-shouldered Hawk",1
"4207",169,0,"Red-tailed Hawk",1
"4208",169,0,"Red-winged Blackbird",1
"4209",169,0,"Ruby-throated Hummingbird",1
"4210",169,0,"Scarlet Tanager",1
"4211",169,0,"Summer Tanager",1
"4212",169,0,"Tufted Titmouse",1
"4213",169,0,"White-breasted Nuthatch",1
"4214",169,0,"White-eyed Vireo",1
"4215",169,0,"Yellow-billed Cuckoo",1
"4216",169,0,"Yellow-throated Vireo",1
"4217",169,0,"Yellow-throated Warbler",1
"4218",169,1,"Acadian Flycatcher",1200
"4219",169,1,"American Crow",1199
"4220",169,1,"American Goldfinch",1200
"4221",169,1,"American Redstart",1200
"4222",169,1,"Barred Owl",1200
"4223",169,1,"Belted Kingfisher",1200
"4224",169,1,"Black Vulture",1184
"4225",169,1,"Black-and-white Warbler",1200
"4226",169,1,"Blue Grosbeak",1200
"4227",169,1,"Blue Jay",1200
"4228",169,1,"Blue-gray Gnatcatcher",1200
"4229",169,1,"Brown Thrasher",1040
"4230",169,1,"Brown-headed Cowbird",1200
"4231",169,1,"Brown-headed Nuthatch",1199
"4232",169,1,"Carolina Chickadee",1200
"4233",169,1,"Carolina Wren",1195
"4234",169,1,"Chimney Swift",1198
"4235",169,1,"Chipping Sparrow",1200
"4236",169,1,"Common Grackle",1198
"4237",169,1,"Common Yellowthroat",1200
"4238",169,1,"Downy Woodpecker",1197
"4239",169,1,"Eastern Bluebird",1199
"4240",169,1,"Eastern Kingbird",1200
"4241",169,1,"Eastern Phoebe",1200
"4242",169,1,"Eastern Towhee",1200
"4243",169,1,"Eastern Wood-Pewee",1200
"4244",169,1,"European Starling",339
"4245",169,1,"Fish Crow",1169
"4246",169,1,"Great Blue Heron",1173
"4247",169,1,"Great Crested Flycatcher",1200
"4248",169,1,"Hairy Woodpecker",1192
"4249",169,1,"House Finch",1160
"4250",169,1,"Indigo Bunting",1200
"4251",169,1,"Killdeer",637
"4252",169,1,"Mourning Dove",1200
"4253",169,1,"Northern Cardinal",1200
"4254",169,1,"Northern Flicker",1198
"4255",169,1,"Northern Mockingbird",1023
"4256",169,1,"Northern Parula",1200
"4257",169,1,"Osprey",1175
"4258",169,1,"Ovenbird",1200
"4259",169,1,"Pileated Woodpecker",1200
"4260",169,1,"Pine Warbler",1200
"4261",169,1,"Red-bellied Woodpecker",1200
"4262",169,1,"Red-eyed Vireo",1199
"4263",169,1,"Red-headed Woodpecker",1200
"4264",169,1,"Red-shouldered Hawk",1199
"4265",169,1,"Red-tailed Hawk",1200
"4266",169,1,"Red-winged Blackbird",1195
"4267",169,1,"Ruby-throated Hummingbird",1200
"4268",169,1,"Scarlet Tanager",1199
"4269",169,1,"Summer Tanager",1200
"4270",169,1,"Tufted Titmouse",1200
"4271",169,1,"Turkey Vulture",129
"4272",169,1,"White-breasted Nuthatch",1200
"4273",169,1,"White-eyed Vireo",1200
"4274",169,1,"Yellow-billed Cuckoo",1200
"4275",169,1,"Yellow-throated Vireo",1200
"4276",169,1,"Yellow-throated Warbler",1200
"4277",169,2,"Acadian Flycatcher",1200
"4278",169,2,"American Crow",1200
"4279",169,2,"American Goldfinch",1200
"4280",169,2,"American Redstart",1200
"4281",169,2,"Barred Owl",1200
"4282",169,2,"Belted Kingfisher",1200
"4283",169,2,"Black Vulture",1197
"4284",169,2,"Black-and-white Warbler",1200
"4285",169,2,"Blue Grosbeak",1200
"4286",169,2,"Blue Jay",1200
"4287",169,2,"Blue-gray Gnatcatcher",1200
"4288",169,2,"Brown Thrasher",1042
"4289",169,2,"Brown-headed Cowbird",1200
"4290",169,2,"Brown-headed Nuthatch",1200
"4291",169,2,"Carolina Chickadee",1200
"4292",169,2,"Carolina Wren",1190
"4293",169,2,"Chimney Swift",1196
"4294",169,2,"Chipping Sparrow",1199
"4295",169,2,"Common Grackle",1200
"4296",169,2,"Common Yellowthroat",1200
"4297",169,2,"Downy Woodpecker",1199
"4298",169,2,"Eastern Bluebird",1199
"4299",169,2,"Eastern Kingbird",1198
"4300",169,2,"Eastern Phoebe",1200
"4301",169,2,"Eastern Towhee",1200
"4302",169,2,"Eastern Wood-Pewee",1200
"4303",169,2,"European Starling",303
"4304",169,2,"Fish Crow",1183
"4305",169,2,"Great Blue Heron",1199
"4306",169,2,"Great Crested Flycatcher",1200
"4307",169,2,"Hairy Woodpecker",1200
"4308",169,2,"House Finch",1152
"4309",169,2,"Indigo Bunting",1200
"4310",169,2,"Killdeer",784
"4311",169,2,"Mourning Dove",1200
"4312",169,2,"Northern Cardinal",1200
"4313",169,2,"Northern Flicker",1200
"4314",169,2,"Northern Mockingbird",1030
"4315",169,2,"Northern Parula",1200
"4316",169,2,"Osprey",1184
"4317",169,2,"Ovenbird",1200
"4318",169,2,"Pileated Woodpecker",1200
"4319",169,2,"Pine Warbler",1200
"4320",169,2,"Red-bellied Woodpecker",1200
"4321",169,2,"Red-eyed Vireo",1199
"4322",169,2,"Red-headed Woodpecker",1200
"4323",169,2,"Red-shouldered Hawk",1200
"4324",169,2,"Red-tailed Hawk",1200
"4325",169,2,"Red-winged Blackbird",1199
"4326",169,2,"Ruby-throated Hummingbird",1200
"4327",169,2,"Scarlet Tanager",1200
"4328",169,2,"Summer Tanager",1200
"4329",169,2,"Tufted Titmouse",1200
"4330",169,2,"Turkey Vulture",160
"4331",169,2,"White-breasted Nuthatch",1199
"4332",169,2,"White-eyed Vireo",1200
"4333",169,2,"Yellow-billed Cuckoo",1200
"4334",169,2,"Yellow-throated Vireo",1200
"4335",169,2,"Yellow-throated Warbler",1200
"4336",169,3,"Acadian Flycatcher",1199
"4337",169,3,"American Crow",1195
"4338",169,3,"American Goldfinch",1197
"4339",169,3,"American Redstart",1199
"4340",169,3,"Barred Owl",1199
"4341",169,3,"Belted Kingfisher",1195
"4342",169,3,"Black Vulture",1184
"4343",169,3,"Black-and-white Warbler",1199
"4344",169,3,"Blue Grosbeak",1199
"4345",169,3,"Blue Jay",1199
"4346",169,3,"Blue-gray Gnatcatcher",1198
"4347",169,3,"Brown Thrasher",1151
"4348",169,3,"Brown-headed Cowbird",1199
"4349",169,3,"Brown-headed Nuthatch",1199
"4350",169,3,"Carolina Chickadee",1199
"4351",169,3,"Carolina Wren",1185
"4352",169,3,"Chimney Swift",1098
"4353",169,3,"Chipping Sparrow",1197
"4354",169,3,"Common Grackle",1194
"4355",169,3,"Common Yellowthroat",1199
"4356",169,3,"Downy Woodpecker",1190
"4357",169,3,"Eastern Bluebird",1198
"4358",169,3,"Eastern Kingbird",1176
"4359",169,3,"Eastern Phoebe",1197
"4360",169,3,"Eastern Towhee",1199
"4361",169,3,"Eastern Wood-Pewee",1199
"4362",169,3,"European Starling",496
"4363",169,3,"Fish Crow",1168
"4364",169,3,"Great Blue Heron",1199
"4365",169,3,"Great Crested Flycatcher",1199
"4366",169,3,"Hairy Woodpecker",1199
"4367",169,3,"House Finch",1096
"4368",169,3,"Indigo Bunting",1199
"4369",169,3,"Killdeer",1072
"4370",169,3,"Mourning Dove",1198
"4371",169,3,"Northern Cardinal",1199
"4372",169,3,"Northern Flicker",1188
"4373",169,3,"Northern Mockingbird",1168
"4374",169,3,"Northern Parula",1199
"4375",169,3,"Osprey",1179
"4376",169,3,"Ovenbird",1199
"4377",169,3,"Pileated Woodpecker",1199
"4378",169,3,"Pine Warbler",1199
"4379",169,3,"Red-bellied Woodpecker",1199
"4380",169,3,"Red-eyed Vireo",1199
"4381",169,3,"Red-headed Woodpecker",1199
"4382",169,3,"Red-shouldered Hawk",1198
"4383",169,3,"Red-tailed Hawk",1199
"4384",169,3,"Red-winged Blackbird",1183
"4385",169,3,"Ruby-throated Hummingbird",1198
"4386",169,3,"Scarlet Tanager",1199
"4387",169,3,"Summer Tanager",1199
"4388",169,3,"Tufted Titmouse",1199
"4389",169,3,"Turkey Vulture",39
"4390",169,3,"White-breasted Nuthatch",1186
"4391",169,3,"White-eyed Vireo",1199
"4392",169,3,"Yellow-billed Cuckoo",1199
"4393",169,3,"Yellow-throated Vireo",1199
"4394",169,3,"Yellow-throated Warbler",1199
"4395",170,0,"Acadian Flycatcher",1
"4396",170,0,"American Crow",1
"4397",170,0,"American Goldfinch",1
"4398",170,0,"American Redstart",1
"4399",170,0,"Barred Owl",1
"4400",170,0,"Belted Kingfisher",1
"4401",170,0,"Black Vulture",1
"4402",170,0,"Black-and-white Warbler",1
"4403",170,0,"Blue Grosbeak",1
"4404",170,0,"Blue Jay",1
"4405",170,0,"Blue-gray Gnatcatcher",1
"4406",170,0,"Brown Thrasher",1
"4407",170,0,"Brown-headed Cowbird",1
"4408",170,0,"Brown-headed Nuthatch",1
"4409",170,0,"Carolina Chickadee",1
"4410",170,0,"Carolina Wren",1
"4411",170,0,"Chimney Swift",1
"4412",170,0,"Chipping Sparrow",1
"4413",170,0,"Common Grackle",1
"4414",170,0,"Common Yellowthroat",1
"4415",170,0,"Downy Woodpecker",1
"4416",170,0,"Eastern Bluebird",1
"4417",170,0,"Eastern Kingbird",1
"4418",170,0,"Eastern Phoebe",1
"4419",170,0,"Eastern Towhee",1
"4420",170,0,"Eastern Wood-Pewee",1
"4421",170,0,"Fish Crow",1
"4422",170,0,"Great Blue Heron",1
"4423",170,0,"Great Crested Flycatcher",1
"4424",170,0,"Hairy Woodpecker",1
"4425",170,0,"House Finch",1
"4426",170,0,"Indigo Bunting",1
"4427",170,0,"Mourning Dove",1
"4428",170,0,"Northern Cardinal",1
"4429",170,0,"Northern Flicker",1
"4430",170,0,"Northern Mockingbird",1
"4431",170,0,"Northern Parula",1
"4432",170,0,"Osprey",1
"4433",170,0,"Ovenbird",1
"4434",170,0,"Pileated Woodpecker",1
"4435",170,0,"Pine Warbler",1
"4436",170,0,"Red-bellied Woodpecker",1
"4437",170,0,"Red-eyed Vireo",1
"4438",170,0,"Red-headed Woodpecker",1
"4439",170,0,"Red-shouldered Hawk",1
"4440",170,0,"Red-tailed Hawk",1
"4441",170,0,"Red-winged Blackbird",1
"4442",170,0,"Ruby-throated Hummingbird",1
"4443",170,0,"Scarlet Tanager",1
"4444",170,0,"Summer Tanager",1
"4445",170,0,"Tufted Titmouse",1
"4446",170,0,"White-breasted Nuthatch",1
"4447",170,0,"White-eyed Vireo",1
"4448",170,0,"Yellow-billed Cuckoo",1
"4449",170,0,"Yellow-throated Vireo",1
"4450",170,0,"Yellow-throated Warbler",1
"4451",170,1,"Acadian Flycatcher",1200
"4452",170,1,"American Crow",1181
"4453",170,1,"American Goldfinch",1172
"4454",170,1,"American Redstart",1199
"4455",170,1,"Barred Owl",1188
"4456",170,1,"Belted Kingfisher",1196
"4457",170,1,"Black Vulture",914
"4458",170,1,"Black-and-white Warbler",1200
"4459",170,1,"Blue Grosbeak",1200
"4460",170,1,"Blue Jay",1199
"4461",170,1,"Blue-gray Gnatcatcher",1200
"4462",170,1,"Brown Thrasher",1049
"4463",170,1,"Brown-headed Cowbird",1200
"4464",170,1,"Brown-headed Nuthatch",1190
"4465",170,1,"Carolina Chickadee",1197
"4466",170,1,"Carolina Wren",1147
"4467",170,1,"Chimney Swift",1174
"4468",170,1,"Chipping Sparrow",1195
"4469",170,1,"Common Grackle",1170
"4470",170,1,"Common Yellowthroat",1196
"4471",170,1,"Downy Woodpecker",1187
"4472",170,1,"Eastern Bluebird",1196
"4473",170,1,"Eastern Kingbird",1192
"4474",170,1,"Eastern Phoebe",1189
"4475",170,1,"Eastern Towhee",1200
"4476",170,1,"Eastern Wood-Pewee",1200
"4477",170,1,"European Starling",757
"4478",170,1,"Fish Crow",827
"4479",170,1,"Great Blue Heron",1009
"4480",170,1,"Great Crested Flycatcher",1200
"4481",170,1,"Hairy Woodpecker",1197
"4482",170,1,"House Finch",1098
"4483",170,1,"Indigo Bunting",1200
"4484",170,1,"Killdeer",545
"4485",170,1,"Mourning Dove",1191
"4486",170,1,"Northern Cardinal",1198
"4487",170,1,"Northern Flicker",1193
"4488",170,1,"Northern Mockingbird",1043
"4489",170,1,"Northern Parula",1200
"4490",170,1,"Osprey",1139
"4491",170,1,"Ovenbird",1199
"4492",170,1,"Pileated Woodpecker",1194
"4493",170,1,"Pine Warbler",1200
"4494",170,1,"Red-bellied Woodpecker",1195
"4495",170,1,"Red-eyed Vireo",1147
"4496",170,1,"Red-headed Woodpecker",1194
"4497",170,1,"Red-shouldered Hawk",1134
"4498",170,1,"Red-tailed Hawk",1200
"4499",170,1,"Red-winged Blackbird",1149
"4500",170,1,"Ruby-throated Hummingbird",1155
"4501",170,1,"Scarlet Tanager",1194
"4502",170,1,"Summer Tanager",1200
"4503",170,1,"Tufted Titmouse",1199
"4504",170,1,"Turkey Vulture",262
"4505",170,1,"White-breasted Nuthatch",1157
"4506",170,1,"White-eyed Vireo",1199
"4507",170,1,"Yellow-billed Cuckoo",1200
"4508",170,1,"Yellow-throated Vireo",1072
"4509",170,1,"Yellow-throated Warbler",1199
"4510",170,2,"Acadian Flycatcher",1200
"4511",170,2,"American Crow",1177
"4512",170,2,"American Goldfinch",1188
"4513",170,2,"American Redstart",1198
"4514",170,2,"Barred Owl",1192
"4515",170,2,"Belted Kingfisher",1198
"4516",170,2,"Black Vulture",955
"4517",170,2,"Black-and-white Warbler",1200
"4518",170,2,"Blue Grosbeak",1196
"4519",170,2,"Blue Jay",1194
"4520",170,2,"Blue-gray Gnatcatcher",1200
"4521",170,2,"Brown Thrasher",987
"4522",170,2,"Brown-headed Cowbird",1200
"4523",170,2,"Brown-headed Nuthatch",1196
"4524",170,2,"Carolina Chickadee",1196
"4525",170,2,"Carolina Wren",1157
"4526",170,2,"Chimney Swift",1172
"4527",170,2,"Chipping Sparrow",1196
"4528",170,2,"Common Grackle",1148
"4529",170,2,"Common Yellowthroat",1200
"4530",170,2,"Downy Woodpecker",1183
"4531",170,2,"Eastern Bluebird",1200
"4532",170,2,"Eastern Kingbird",1188
"4533",170,2,"Eastern Phoebe",1164
"4534",170,2,"Eastern Towhee",1200
"4535",170,2,"Eastern Wood-Pewee",1200
"4536",170,2,"European Starling",810
"4537",170,2,"Fish Crow",653
"4538",170,2,"Great Blue Heron",1109
"4539",170,2,"Great Crested Flycatcher",1197
"4540",170,2,"Hairy Woodpecker",1196
"4541",170,2,"House Finch",971
"4542",170,2,"Indigo Bunting",1200
"4543",170,2,"Killdeer",692
"4544",170,2,"Mourning Dove",1198
"4545",170,2,"Northern Cardinal",1196
"4546",170,2,"Northern Flicker",1192
"4547",170,2,"Northern Mockingbird",978
"4548",170,2,"Northern Parula",1200
"4549",170,2,"Osprey",1123
"4550",170,2,"Ovenbird",1200
"4551",170,2,"Pileated Woodpecker",1197
"4552",170,2,"Pine Warbler",1200
"4553",170,2,"Red-bellied Woodpecker",1198
"4554",170,2,"Red-eyed Vireo",1161
"4555",170,2,"Red-headed Woodpecker",1182
"4556",170,2,"Red-shouldered Hawk",1043
"4557",170,2,"Red-tailed Hawk",1198
"4558",170,2,"Red-winged Blackbird",1152
"4559",170,2,"Ruby-throated Hummingbird",1152
"4560",170,2,"Scarlet Tanager",1194
"4561",170,2,"Summer Tanager",1199
"4562",170,2,"Tufted Titmouse",1199
"4563",170,2,"Turkey Vulture",218
"4564",170,2,"White-breasted Nuthatch",1148
"4565",170,2,"White-eyed Vireo",1192
"4566",170,2,"Yellow-billed Cuckoo",1200
"4567",170,2,"Yellow-throated Vireo",1101
"4568",170,2,"Yellow-throated Warbler",1200
"4569",170,3,"Acadian Flycatcher",1199
"4570",170,3,"American Crow",1197
"4571",170,3,"American Goldfinch",1184
"4572",170,3,"American Redstart",1196
"4573",170,3,"Barred Owl",1196
"4574",170,3,"Belted Kingfisher",1196
"4575",170,3,"Black Vulture",973
"4576",170,3,"Black-and-white Warbler",1197
"4577",170,3,"Blue Grosbeak",1198
"4578",170,3,"Blue Jay",1199
"4579",170,3,"Blue-gray Gnatcatcher",1196
"4580",170,3,"Brown Thrasher",544
"4581",170,3,"Brown-headed Cowbird",1199
"4582",170,3,"Brown-headed Nuthatch",1194
"4583",170,3,"Carolina Chickadee",1169
"4584",170,3,"Carolina Wren",1142
"4585",170,3,"Chimney Swift",1193
"4586",170,3,"Chipping Sparrow",1177
"4587",170,3,"Common Grackle",1190
"4588",170,3,"Common Yellowthroat",1199
"4589",170,3,"Downy Woodpecker",1173
"4590",170,3,"Eastern Bluebird",1190
"4591",170,3,"Eastern Kingbird",1189
"4592",170,3,"Eastern Phoebe",1149
"4593",170,3,"Eastern Towhee",1199
"4594",170,3,"Eastern Wood-Pewee",1199
"4595",170,3,"European Starling",556
"4596",170,3,"Fish Crow",979
"4597",170,3,"Great Blue Heron",1121
"4598",170,3,"Great Crested Flycatcher",1198
"4599",170,3,"Hairy Woodpecker",1168
"4600",170,3,"House Finch",1172
"4601",170,3,"Indigo Bunting",1195
"4602",170,3,"Killdeer",766
"4603",170,3,"Mourning Dove",1184
"4604",170,3,"Northern Cardinal",1199
"4605",170,3,"Northern Flicker",1198
"4606",170,3,"Northern Mockingbird",1000
"4607",170,3,"Northern Parula",1199
"4608",170,3,"Osprey",1133
"4609",170,3,"Ovenbird",1199
"4610",170,3,"Pileated Woodpecker",1198
"4611",170,3,"Pine Warbler",1190
"4612",170,3,"Red-bellied Woodpecker",1195
"4613",170,3,"Red-eyed Vireo",1151
"4614",170,3,"Red-headed Woodpecker",1158
"4615",170,3,"Red-shouldered Hawk",1183
"4616",170,3,"Red-tailed Hawk",1198
"4617",170,3,"Red-winged Blackbird",1154
"4618",170,3,"Ruby-throated Hummingbird",1159
"4619",170,3,"Scarlet Tanager",1185
"4620",170,3,"Summer Tanager",1196
"4621",170,3,"Tufted Titmouse",1199
"4622",170,3,"Turkey Vulture",5
"4623",170,3,"White-breasted Nuthatch",1100
"4624",170,3,"White-eyed Vireo",1182
"4625",170,3,"Yellow-billed Cuckoo",1199
"4626",170,3,"Yellow-throated Vireo",1117
"4627",170,3,"Yellow-throated Warbler",1197
"4628",171,0,"Acadian Flycatcher",1
"4629",171,0,"American Crow",1
"4630",171,0,"American Goldfinch",1
"4631",171,0,"American Redstart",1
"4632",171,0,"Barred Owl",1
"4633",171,0,"Belted Kingfisher",1
"4634",171,0,"Black Vulture",1
"4635",171,0,"Black-and-white Warbler",1
"4636",171,0,"Blue Grosbeak",1
"4637",171,0,"Blue Jay",1
"4638",171,0,"Blue-gray Gnatcatcher",1
"4639",171,0,"Brown Thrasher",1
"4640",171,0,"Brown-headed Cowbird",1
"4641",171,0,"Brown-headed Nuthatch",1
"4642",171,0,"Carolina Chickadee",1
"4643",171,0,"Carolina Wren",1
"4644",171,0,"Chimney Swift",1
"4645",171,0,"Chipping Sparrow",1
"4646",171,0,"Common Grackle",1
"4647",171,0,"Common Yellowthroat",1
"4648",171,0,"Downy Woodpecker",1
"4649",171,0,"Eastern Bluebird",1
"4650",171,0,"Eastern Kingbird",1
"4651",171,0,"Eastern Phoebe",1
"4652",171,0,"Eastern Towhee",1
"4653",171,0,"Eastern Wood-Pewee",1
"4654",171,0,"European Starling",1
"4655",171,0,"Fish Crow",1
"4656",171,0,"Great Blue Heron",1
"4657",171,0,"Great Crested Flycatcher",1
"4658",171,0,"Hairy Woodpecker",1
"4659",171,0,"House Finch",1
"4660",171,0,"Indigo Bunting",1
"4661",171,0,"Killdeer",1
"4662",171,0,"Mourning Dove",1
"4663",171,0,"Northern Cardinal",1
"4664",171,0,"Northern Flicker",1
"4665",171,0,"Northern Mockingbird",1
"4666",171,0,"Northern Parula",1
"4667",171,0,"Osprey",1
"4668",171,0,"Ovenbird",1
"4669",171,0,"Pileated Woodpecker",1
"4670",171,0,"Pine Warbler",1
"4671",171,0,"Red-bellied Woodpecker",1
"4672",171,0,"Red-eyed Vireo",1
"4673",171,0,"Red-headed Woodpecker",1
"4674",171,0,"Red-shouldered Hawk",1
"4675",171,0,"Red-tailed Hawk",1
"4676",171,0,"Red-winged Blackbird",1
"4677",171,0,"Ruby-throated Hummingbird",1
"4678",171,0,"Scarlet Tanager",1
"4679",171,0,"Summer Tanager",1
"4680",171,0,"Tufted Titmouse",1
"4681",171,0,"Turkey Vulture",1
"4682",171,0,"White-breasted Nuthatch",1
"4683",171,0,"White-eyed Vireo",1
"4684",171,0,"Yellow-billed Cuckoo",1
"4685",171,0,"Yellow-throated Vireo",1
"4686",171,0,"Yellow-throated Warbler",1
"4687",171,1,"Acadian Flycatcher",1200
"4688",171,1,"American Crow",1190
"4689",171,1,"American Goldfinch",1198
"4690",171,1,"American Redstart",1200
"4691",171,1,"Barred Owl",1191
"4692",171,1,"Belted Kingfisher",1200
"4693",171,1,"Black Vulture",1101
"4694",171,1,"Black-and-white Warbler",1200
"4695",171,1,"Blue Grosbeak",1194
"4696",171,1,"Blue Jay",1198
"4697",171,1,"Blue-gray Gnatcatcher",1200
"4698",171,1,"Brown Thrasher",1075
"4699",171,1,"Brown-headed Cowbird",1200
"4700",171,1,"Brown-headed Nuthatch",1197
"4701",171,1,"Carolina Chickadee",1200
"4702",171,1,"Carolina Wren",1155
"4703",171,1,"Chimney Swift",1187
"4704",171,1,"Chipping Sparrow",1200
"4705",171,1,"Common Grackle",1192
"4706",171,1,"Common Yellowthroat",1199
"4707",171,1,"Downy Woodpecker",1199
"4708",171,1,"Eastern Bluebird",1199
"4709",171,1,"Eastern Kingbird",1198
"4710",171,1,"Eastern Phoebe",1190
"4711",171,1,"Eastern Towhee",1200
"4712",171,1,"Eastern Wood-Pewee",1200
"4713",171,1,"European Starling",807
"4714",171,1,"Fish Crow",1000
"4715",171,1,"Great Blue Heron",1002
"4716",171,1,"Great Crested Flycatcher",1200
"4717",171,1,"Hairy Woodpecker",1199
"4718",171,1,"House Finch",854
"4719",171,1,"Indigo Bunting",1200
"4720",171,1,"Killdeer",483
"4721",171,1,"Mourning Dove",1200
"4722",171,1,"Northern Cardinal",1191
"4723",171,1,"Northern Flicker",1197
"4724",171,1,"Northern Mockingbird",917
"4725",171,1,"Northern Parula",1200
"4726",171,1,"Osprey",1193
"4727",171,1,"Ovenbird",1200
"4728",171,1,"Pileated Woodpecker",1200
"4729",171,1,"Pine Warbler",1200
"4730",171,1,"Red-bellied Woodpecker",1199
"4731",171,1,"Red-eyed Vireo",1188
"4732",171,1,"Red-headed Woodpecker",1198
"4733",171,1,"Red-shouldered Hawk",1121
"4734",171,1,"Red-tailed Hawk",1200
"4735",171,1,"Red-winged Blackbird",1171
"4736",171,1,"Ruby-throated Hummingbird",1195
"4737",171,1,"Scarlet Tanager",1200
"4738",171,1,"Summer Tanager",1200
"4739",171,1,"Tufted Titmouse",1200
"4740",171,1,"Turkey Vulture",415
"4741",171,1,"White-breasted Nuthatch",1191
"4742",171,1,"White-eyed Vireo",1193
"4743",171,1,"Yellow-billed Cuckoo",1199
"4744",171,1,"Yellow-throated Vireo",1196
"4745",171,1,"Yellow-throated Warbler",1200
"4746",171,2,"Acadian Flycatcher",1199
"4747",171,2,"American Crow",1184
"4748",171,2,"American Goldfinch",1197
"4749",171,2,"American Redstart",1199
"4750",171,2,"Barred Owl",1192
"4751",171,2,"Belted Kingfisher",1194
"4752",171,2,"Black Vulture",1122
"4753",171,2,"Black-and-white Warbler",1200
"4754",171,2,"Blue Grosbeak",1198
"4755",171,2,"Blue Jay",1188
"4756",171,2,"Blue-gray Gnatcatcher",1200
"4757",171,2,"Brown Thrasher",1100
"4758",171,2,"Brown-headed Cowbird",1200
"4759",171,2,"Brown-headed Nuthatch",1189
"4760",171,2,"Carolina Chickadee",1199
"4761",171,2,"Carolina Wren",1157
"4762",171,2,"Chimney Swift",1188
"4763",171,2,"Chipping Sparrow",1200
"4764",171,2,"Common Grackle",1146
"4765",171,2,"Common Yellowthroat",1198
"4766",171,2,"Downy Woodpecker",1191
"4767",171,2,"Eastern Bluebird",1199
"4768",171,2,"Eastern Kingbird",1184
"4769",171,2,"Eastern Phoebe",1134
"4770",171,2,"Eastern Towhee",1200
"4771",171,2,"Eastern Wood-Pewee",1200
"4772",171,2,"European Starling",825
"4773",171,2,"Fish Crow",816
"4774",171,2,"Great Blue Heron",1176
"4775",171,2,"Great Crested Flycatcher",1200
"4776",171,2,"Hairy Woodpecker",1194
"4777",171,2,"House Finch",805
"4778",171,2,"Indigo Bunting",1200
"4779",171,2,"Killdeer",763
"4780",171,2,"Mourning Dove",1195
"4781",171,2,"Northern Cardinal",1196
"4782",171,2,"Northern Flicker",1200
"4783",171,2,"Northern Mockingbird",1038
"4784",171,2,"Northern Parula",1199
"4785",171,2,"Osprey",1179
"4786",171,2,"Ovenbird",1200
"4787",171,2,"Pileated Woodpecker",1199
"4788",171,2,"Pine Warbler",1199
"4789",171,2,"Red-bellied Woodpecker",1190
"4790",171,2,"Red-eyed Vireo",1161
"4791",171,2,"Red-headed Woodpecker",1192
"4792",171,2,"Red-shouldered Hawk",1069
"4793",171,2,"Red-tailed Hawk",1200
"4794",171,2,"Red-winged Blackbird",1154
"4795",171,2,"Ruby-throated Hummingbird",1190
"4796",171,2,"Scarlet Tanager",1198
"4797",171,2,"Summer Tanager",1199
"4798",171,2,"Tufted Titmouse",1200
"4799",171,2,"Turkey Vulture",439
"4800",171,2,"White-breasted Nuthatch",1186
"4801",171,2,"White-eyed Vireo",1192
"4802",171,2,"Yellow-billed Cuckoo",1197
"4803",171,2,"Yellow-throated Vireo",1174
"4804",171,2,"Yellow-throated Warbler",1200
"4805",171,3,"Acadian Flycatcher",1199
"4806",171,3,"American Crow",1198
"4807",171,3,"American Goldfinch",1198
"4808",171,3,"American Redstart",1199
"4809",171,3,"Barred Owl",1195
"4810",171,3,"Belted Kingfisher",1199
"4811",171,3,"Black Vulture",1186
"4812",171,3,"Black-and-white Warbler",1199
"4813",171,3,"Blue Grosbeak",1199
"4814",171,3,"Blue Jay",1198
"4815",171,3,"Blue-gray Gnatcatcher",1199
"4816",171,3,"Brown Thrasher",1144
"4817",171,3,"Brown-headed Cowbird",1199
"4818",171,3,"Brown-headed Nuthatch",1198
"4819",171,3,"Carolina Chickadee",1198
"4820",171,3,"Carolina Wren",1188
"4821",171,3,"Chimney Swift",1197
"4822",171,3,"Chipping Sparrow",1199
"4823",171,3,"Common Grackle",1189
"4824",171,3,"Common Yellowthroat",1199
"4825",171,3,"Downy Woodpecker",1199
"4826",171,3,"Eastern Bluebird",1199
"4827",171,3,"Eastern Kingbird",1198
"4828",171,3,"Eastern Phoebe",1191
"4829",171,3,"Eastern Towhee",1199
"4830",171,3,"Eastern Wood-Pewee",1199
"4831",171,3,"European Starling",1069
"4832",171,3,"Fish Crow",944
"4833",171,3,"Great Blue Heron",1194
"4834",171,3,"Great Crested Flycatcher",1199
"4835",171,3,"Hairy Woodpecker",1199
"4836",171,3,"House Finch",1068
"4837",171,3,"Indigo Bunting",1198
"4838",171,3,"Killdeer",866
"4839",171,3,"Mourning Dove",1192
"4840",171,3,"Northern Cardinal",1199
"4841",171,3,"Northern Flicker",1198
"4842",171,3,"Northern Mockingbird",1131
"4843",171,3,"Northern Parula",1199
"4844",171,3,"Osprey",1169
"4845",171,3,"Ovenbird",1199
"4846",171,3,"Pileated Woodpecker",1199
"4847",171,3,"Pine Warbler",1199
"4848",171,3,"Red-bellied Woodpecker",1197
"4849",171,3,"Red-eyed Vireo",1196
"4850",171,3,"Red-headed Woodpecker",1194
"4851",171,3,"Red-shouldered Hawk",1189
"4852",171,3,"Red-tailed Hawk",1199
"4853",171,3,"Red-winged Blackbird",1189
"4854",171,3,"Ruby-throated Hummingbird",1197
"4855",171,3,"Scarlet Tanager",1199
"4856",171,3,"Summer Tanager",1199
"4857",171,3,"Tufted Titmouse",1199
"4858",171,3,"Turkey Vulture",50
"4859",171,3,"White-breasted Nuthatch",1193
"4860",171,3,"White-eyed Vireo",1199
"4861",171,3,"Yellow-billed Cuckoo",1199
"4862",171,3,"Yellow-throated Vireo",1196
"4863",171,3,"Yellow-throated Warbler",1199
"4864",172,0,"Acadian Flycatcher",1
"4865",172,0,"American Crow",1
"4866",172,0,"American Goldfinch",1
"4867",172,0,"American Redstart",1
"4868",172,0,"Barred Owl",1
"4869",172,0,"Belted Kingfisher",1
"4870",172,0,"Black Vulture",1
"4871",172,0,"Black-and-white Warbler",1
"4872",172,0,"Blue Grosbeak",1
"4873",172,0,"Blue Jay",1
"4874",172,0,"Blue-gray Gnatcatcher",1
"4875",172,0,"Brown-headed Cowbird",1
"4876",172,0,"Brown-headed Nuthatch",1
"4877",172,0,"Carolina Chickadee",1
"4878",172,0,"Carolina Wren",1
"4879",172,0,"Chimney Swift",1
"4880",172,0,"Chipping Sparrow",1
"4881",172,0,"Common Grackle",1
"4882",172,0,"Common Yellowthroat",1
"4883",172,0,"Downy Woodpecker",1
"4884",172,0,"Eastern Bluebird",1
"4885",172,0,"Eastern Kingbird",1
"4886",172,0,"Eastern Phoebe",1
"4887",172,0,"Eastern Towhee",1
"4888",172,0,"Eastern Wood-Pewee",1
"4889",172,0,"Fish Crow",1
"4890",172,0,"Great Crested Flycatcher",1
"4891",172,0,"Hairy Woodpecker",1
"4892",172,0,"House Finch",1
"4893",172,0,"Indigo Bunting",1
"4894",172,0,"Mourning Dove",1
"4895",172,0,"Northern Cardinal",1
"4896",172,0,"Northern Flicker",1
"4897",172,0,"Northern Parula",1
"4898",172,0,"Osprey",1
"4899",172,0,"Ovenbird",1
"4900",172,0,"Pileated Woodpecker",1
"4901",172,0,"Pine Warbler",1
"4902",172,0,"Red-bellied Woodpecker",1
"4903",172,0,"Red-eyed Vireo",1
"4904",172,0,"Red-headed Woodpecker",1
"4905",172,0,"Red-shouldered Hawk",1
"4906",172,0,"Red-tailed Hawk",1
"4907",172,0,"Red-winged Blackbird",1
"4908",172,0,"Ruby-throated Hummingbird",1
"4909",172,0,"Scarlet Tanager",1
"4910",172,0,"Summer Tanager",1
"4911",172,0,"Tufted Titmouse",1
"4912",172,0,"White-eyed Vireo",1
"4913",172,0,"Yellow-billed Cuckoo",1
"4914",172,0,"Yellow-throated Vireo",1
"4915",172,0,"Yellow-throated Warbler",1
"4916",172,1,"Acadian Flycatcher",1199
"4917",172,1,"American Crow",1095
"4918",172,1,"American Goldfinch",1062
"4919",172,1,"American Redstart",1184
"4920",172,1,"Barred Owl",1059
"4921",172,1,"Belted Kingfisher",1168
"4922",172,1,"Black Vulture",1003
"4923",172,1,"Black-and-white Warbler",1198
"4924",172,1,"Blue Grosbeak",1195
"4925",172,1,"Blue Jay",1134
"4926",172,1,"Blue-gray Gnatcatcher",1173
"4927",172,1,"Brown Thrasher",301
"4928",172,1,"Brown-headed Cowbird",1200
"4929",172,1,"Brown-headed Nuthatch",1156
"4930",172,1,"Carolina Chickadee",1110
"4931",172,1,"Carolina Wren",1042
"4932",172,1,"Chimney Swift",1196
"4933",172,1,"Chipping Sparrow",1169
"4934",172,1,"Common Grackle",1001
"4935",172,1,"Common Yellowthroat",1161
"4936",172,1,"Downy Woodpecker",1089
"4937",172,1,"Eastern Bluebird",1192
"4938",172,1,"Eastern Kingbird",1119
"4939",172,1,"Eastern Phoebe",885
"4940",172,1,"Eastern Towhee",1197
"4941",172,1,"Eastern Wood-Pewee",1193
"4942",172,1,"European Starling",413
"4943",172,1,"Fish Crow",823
"4944",172,1,"Great Blue Heron",636
"4945",172,1,"Great Crested Flycatcher",1180
"4946",172,1,"Hairy Woodpecker",962
"4947",172,1,"House Finch",1091
"4948",172,1,"Indigo Bunting",1182
"4949",172,1,"Killdeer",138
"4950",172,1,"Mourning Dove",1150
"4951",172,1,"Northern Cardinal",1136
"4952",172,1,"Northern Flicker",1125
"4953",172,1,"Northern Mockingbird",438
"4954",172,1,"Northern Parula",1196
"4955",172,1,"Osprey",1095
"4956",172,1,"Ovenbird",1155
"4957",172,1,"Pileated Woodpecker",1140
"4958",172,1,"Pine Warbler",1174
"4959",172,1,"Red-bellied Woodpecker",1071
"4960",172,1,"Red-eyed Vireo",1075
"4961",172,1,"Red-headed Woodpecker",1107
"4962",172,1,"Red-shouldered Hawk",1015
"4963",172,1,"Red-tailed Hawk",1197
"4964",172,1,"Red-winged Blackbird",921
"4965",172,1,"Ruby-throated Hummingbird",1081
"4966",172,1,"Scarlet Tanager",1197
"4967",172,1,"Summer Tanager",1200
"4968",172,1,"Tufted Titmouse",1180
"4969",172,1,"Turkey Vulture",29
"4970",172,1,"White-breasted Nuthatch",800
"4971",172,1,"White-eyed Vireo",1165
"4972",172,1,"Yellow-billed Cuckoo",1199
"4973",172,1,"Yellow-throated Vireo",1174
"4974",172,1,"Yellow-throated Warbler",1196
"4975",172,2,"Acadian Flycatcher",1200
"4976",172,2,"American Crow",1200
"4977",172,2,"American Goldfinch",1187
"4978",172,2,"American Redstart",1196
"4979",172,2,"Barred Owl",1194
"4980",172,2,"Belted Kingfisher",1195
"4981",172,2,"Black Vulture",1156
"4982",172,2,"Black-and-white Warbler",1200
"4983",172,2,"Blue Grosbeak",1200
"4984",172,2,"Blue Jay",1198
"4985",172,2,"Blue-gray Gnatcatcher",1200
"4986",172,2,"Brown Thrasher",622
"4987",172,2,"Brown-headed Cowbird",1200
"4988",172,2,"Brown-headed Nuthatch",1193
"4989",172,2,"Carolina Chickadee",1173
"4990",172,2,"Carolina Wren",1152
"4991",172,2,"Chimney Swift",1200
"4992",172,2,"Chipping Sparrow",1195
"4993",172,2,"Common Grackle",1162
"4994",172,2,"Common Yellowthroat",1199
"4995",172,2,"Downy Woodpecker",1191
"4996",172,2,"Eastern Bluebird",1199
"4997",172,2,"Eastern Kingbird",1190
"4998",172,2,"Eastern Phoebe",1023
"4999",172,2,"Eastern Towhee",1200
"5000",172,2,"Eastern Wood-Pewee",1200
"5001",172,2,"European Starling",652
"5002",172,2,"Fish Crow",1057
"5003",172,2,"Great Blue Heron",1153
"5004",172,2,"Great Crested Flycatcher",1200
"5005",172,2,"Hairy Woodpecker",1170
"5006",172,2,"House Finch",1102
"5007",172,2,"Indigo Bunting",1200
"5008",172,2,"Killdeer",761
"5009",172,2,"Mourning Dove",1197
"5010",172,2,"Northern Cardinal",1198
"5011",172,2,"Northern Flicker",1200
"5012",172,2,"Northern Mockingbird",789
"5013",172,2,"Northern Parula",1200
"5014",172,2,"Osprey",1165
"5015",172,2,"Ovenbird",1200
"5016",172,2,"Pileated Woodpecker",1197
"5017",172,2,"Pine Warbler",1196
"5018",172,2,"Red-bellied Woodpecker",1191
"5019",172,2,"Red-eyed Vireo",1109
"5020",172,2,"Red-headed Woodpecker",1180
"5021",172,2,"Red-shouldered Hawk",1144
"5022",172,2,"Red-tailed Hawk",1200
"5023",172,2,"Red-winged Blackbird",1092
"5024",172,2,"Ruby-throated Hummingbird",1191
"5025",172,2,"Scarlet Tanager",1200
"5026",172,2,"Summer Tanager",1200
"5027",172,2,"Tufted Titmouse",1199
"5028",172,2,"Turkey Vulture",6
"5029",172,2,"White-breasted Nuthatch",1112
"5030",172,2,"White-eyed Vireo",1200
"5031",172,2,"Yellow-billed Cuckoo",1200
"5032",172,2,"Yellow-throated Vireo",1188
"5033",172,2,"Yellow-throated Warbler",1200
"5034",172,3,"Acadian Flycatcher",1199
"5035",172,3,"American Crow",1199
"5036",172,3,"American Goldfinch",1199
"5037",172,3,"American Redstart",1199
"5038",172,3,"Barred Owl",1197
"5039",172,3,"Belted Kingfisher",1196
"5040",172,3,"Black Vulture",1131
"5041",172,3,"Black-and-white Warbler",1199
"5042",172,3,"Blue Grosbeak",1199
"5043",172,3,"Blue Jay",1199
"5044",172,3,"Blue-gray Gnatcatcher",1199
"5045",172,3,"Brown Thrasher",951
"5046",172,3,"Brown-headed Cowbird",1199
"5047",172,3,"Brown-headed Nuthatch",1191
"5048",172,3,"Carolina Chickadee",1196
"5049",172,3,"Carolina Wren",1191
"5050",172,3,"Chimney Swift",1198
"5051",172,3,"Chipping Sparrow",1198
"5052",172,3,"Common Grackle",1190
"5053",172,3,"Common Yellowthroat",1199
"5054",172,3,"Downy Woodpecker",1195
"5055",172,3,"Eastern Bluebird",1199
"5056",172,3,"Eastern Kingbird",1197
"5057",172,3,"Eastern Phoebe",1169
"5058",172,3,"Eastern Towhee",1199
"5059",172,3,"Eastern Wood-Pewee",1199
"5060",172,3,"European Starling",629
"5061",172,3,"Fish Crow",1139
"5062",172,3,"Great Blue Heron",1178
"5063",172,3,"Great Crested Flycatcher",1199
"5064",172,3,"Hairy Woodpecker",1194
"5065",172,3,"House Finch",1082
"5066",172,3,"Indigo Bunting",1199
"5067",172,3,"Killdeer",893
"5068",172,3,"Mourning Dove",1198
"5069",172,3,"Northern Cardinal",1197
"5070",172,3,"Northern Flicker",1198
"5071",172,3,"Northern Mockingbird",873
"5072",172,3,"Northern Parula",1199
"5073",172,3,"Osprey",1189
"5074",172,3,"Ovenbird",1199
"5075",172,3,"Pileated Woodpecker",1198
"5076",172,3,"Pine Warbler",1198
"5077",172,3,"Red-bellied Woodpecker",1198
"5078",172,3,"Red-eyed Vireo",1192
"5079",172,3,"Red-headed Woodpecker",1197
"5080",172,3,"Red-shouldered Hawk",1187
"5081",172,3,"Red-tailed Hawk",1199
"5082",172,3,"Red-winged Blackbird",1175
"5083",172,3,"Ruby-throated Hummingbird",1198
"5084",172,3,"Scarlet Tanager",1199
"5085",172,3,"Summer Tanager",1199
"5086",172,3,"Tufted Titmouse",1199
"5087",172,3,"Turkey Vulture",63
"5088",172,3,"White-breasted Nuthatch",1196
"5089",172,3,"White-eyed Vireo",1199
"5090",172,3,"Yellow-billed Cuckoo",1199
"5091",172,3,"Yellow-throated Vireo",1198
"5092",172,3,"Yellow-throated Warbler",1199
"5093",173,0,"Acadian Flycatcher",1
"5094",173,0,"American Crow",1
"5095",173,0,"American Goldfinch",1
"5096",173,0,"American Redstart",1
"5097",173,0,"Barred Owl",1
"5098",173,0,"Belted Kingfisher",1
"5099",173,0,"Black Vulture",1
"5100",173,0,"Black-and-white Warbler",1
"5101",173,0,"Blue Grosbeak",1
"5102",173,0,"Blue Jay",1
"5103",173,0,"Blue-gray Gnatcatcher",1
"5104",173,0,"Brown Thrasher",1
"5105",173,0,"Brown-headed Cowbird",1
"5106",173,0,"Brown-headed Nuthatch",1
"5107",173,0,"Carolina Chickadee",1
"5108",173,0,"Carolina Wren",1
"5109",173,0,"Chimney Swift",1
"5110",173,0,"Chipping Sparrow",1
"5111",173,0,"Common Grackle",1
"5112",173,0,"Common Yellowthroat",1
"5113",173,0,"Downy Woodpecker",1
"5114",173,0,"Eastern Bluebird",1
"5115",173,0,"Eastern Kingbird",1
"5116",173,0,"Eastern Phoebe",1
"5117",173,0,"Eastern Towhee",1
"5118",173,0,"Eastern Wood-Pewee",1
"5119",173,0,"European Starling",1
"5120",173,0,"Fish Crow",1
"5121",173,0,"Great Blue Heron",1
"5122",173,0,"Great Crested Flycatcher",1
"5123",173,0,"Hairy Woodpecker",1
"5124",173,0,"House Finch",1
"5125",173,0,"Indigo Bunting",1
"5126",173,0,"Killdeer",1
"5127",173,0,"Mourning Dove",1
"5128",173,0,"Northern Cardinal",1
"5129",173,0,"Northern Flicker",1
"5130",173,0,"Northern Mockingbird",1
"5131",173,0,"Northern Parula",1
"5132",173,0,"Osprey",1
"5133",173,0,"Ovenbird",1
"5134",173,0,"Pileated Woodpecker",1
"5135",173,0,"Pine Warbler",1
"5136",173,0,"Red-bellied Woodpecker",1
"5137",173,0,"Red-eyed Vireo",1
"5138",173,0,"Red-headed Woodpecker",1
"5139",173,0,"Red-shouldered Hawk",1
"5140",173,0,"Red-tailed Hawk",1
"5141",173,0,"Red-winged Blackbird",1
"5142",173,0,"Ruby-throated Hummingbird",1
"5143",173,0,"Scarlet Tanager",1
"5144",173,0,"Summer Tanager",1
"5145",173,0,"Tufted Titmouse",1
"5146",173,0,"White-breasted Nuthatch",1
"5147",173,0,"White-eyed Vireo",1
"5148",173,0,"Yellow-billed Cuckoo",1
"5149",173,0,"Yellow-throated Vireo",1
"5150",173,0,"Yellow-throated Warbler",1
"5151",173,1,"Acadian Flycatcher",1200
"5152",173,1,"American Crow",1187
"5153",173,1,"American Goldfinch",1179
"5154",173,1,"American Redstart",1199
"5155",173,1,"Barred Owl",1180
"5156",173,1,"Belted Kingfisher",1199
"5157",173,1,"Black Vulture",1153
"5158",173,1,"Black-and-white Warbler",1200
"5159",173,1,"Blue Grosbeak",1200
"5160",173,1,"Blue Jay",1196
"5161",173,1,"Blue-gray Gnatcatcher",1198
"5162",173,1,"Brown Thrasher",748
"5163",173,1,"Brown-headed Cowbird",1200
"5164",173,1,"Brown-headed Nuthatch",1193
"5165",173,1,"Carolina Chickadee",1194
"5166",173,1,"Carolina Wren",1177
"5167",173,1,"Chimney Swift",1199
"5168",173,1,"Chipping Sparrow",1192
"5169",173,1,"Common Grackle",1180
"5170",173,1,"Common Yellowthroat",1196
"5171",173,1,"Downy Woodpecker",1189
"5172",173,1,"Eastern Bluebird",1197
"5173",173,1,"Eastern Kingbird",1190
"5174",173,1,"Eastern Phoebe",1133
"5175",173,1,"Eastern Towhee",1200
"5176",173,1,"Eastern Wood-Pewee",1200
"5177",173,1,"European Starling",877
"5178",173,1,"Fish Crow",1114
"5179",173,1,"Great Blue Heron",1105
"5180",173,1,"Great Crested Flycatcher",1199
"5181",173,1,"Hairy Woodpecker",1172
"5182",173,1,"House Finch",1166
"5183",173,1,"Indigo Bunting",1199
"5184",173,1,"Killdeer",649
"5185",173,1,"Mourning Dove",1187
"5186",173,1,"Northern Cardinal",1191
"5187",173,1,"Northern Flicker",1191
"5188",173,1,"Northern Mockingbird",1004
"5189",173,1,"Northern Parula",1198
"5190",173,1,"Osprey",1178
"5191",173,1,"Ovenbird",1199
"5192",173,1,"Pileated Woodpecker",1198
"5193",173,1,"Pine Warbler",1197
"5194",173,1,"Red-bellied Woodpecker",1179
"5195",173,1,"Red-eyed Vireo",1160
"5196",173,1,"Red-headed Woodpecker",1185
"5197",173,1,"Red-shouldered Hawk",1174
"5198",173,1,"Red-tailed Hawk",1200
"5199",173,1,"Red-winged Blackbird",1146
"5200",173,1,"Ruby-throated Hummingbird",1191
"5201",173,1,"Scarlet Tanager",1200
"5202",173,1,"Summer Tanager",1200
"5203",173,1,"Tufted Titmouse",1197
"5204",173,1,"Turkey Vulture",50
"5205",173,1,"White-breasted Nuthatch",1129
"5206",173,1,"White-eyed Vireo",1193
"5207",173,1,"Yellow-billed Cuckoo",1200
"5208",173,1,"Yellow-throated Vireo",1195
"5209",173,1,"Yellow-throated Warbler",1200
"5210",173,2,"Acadian Flycatcher",1200
"5211",173,2,"American Crow",1200
"5212",173,2,"American Goldfinch",1199
"5213",173,2,"American Redstart",1200
"5214",173,2,"Barred Owl",1198
"5215",173,2,"Belted Kingfisher",1200
"5216",173,2,"Black Vulture",1189
"5217",173,2,"Black-and-white Warbler",1200
"5218",173,2,"Blue Grosbeak",1200
"5219",173,2,"Blue Jay",1199
"5220",173,2,"Blue-gray Gnatcatcher",1200
"5221",173,2,"Brown Thrasher",820
"5222",173,2,"Brown-headed Cowbird",1200
"5223",173,2,"Brown-headed Nuthatch",1200
"5224",173,2,"Carolina Chickadee",1200
"5225",173,2,"Carolina Wren",1183
"5226",173,2,"Chimney Swift",1200
"5227",173,2,"Chipping Sparrow",1199
"5228",173,2,"Common Grackle",1185
"5229",173,2,"Common Yellowthroat",1200
"5230",173,2,"Downy Woodpecker",1199
"5231",173,2,"Eastern Bluebird",1200
"5232",173,2,"Eastern Kingbird",1199
"5233",173,2,"Eastern Phoebe",1162
"5234",173,2,"Eastern Towhee",1200
"5235",173,2,"Eastern Wood-Pewee",1200
"5236",173,2,"European Starling",730
"5237",173,2,"Fish Crow",1132
"5238",173,2,"Great Blue Heron",1175
"5239",173,2,"Great Crested Flycatcher",1200
"5240",173,2,"Hairy Woodpecker",1194
"5241",173,2,"House Finch",1173
"5242",173,2,"Indigo Bunting",1200
"5243",173,2,"Killdeer",760
"5244",173,2,"Mourning Dove",1200
"5245",173,2,"Northern Cardinal",1200
"5246",173,2,"Northern Flicker",1200
"5247",173,2,"Northern Mockingbird",931
"5248",173,2,"Northern Parula",1200
"5249",173,2,"Osprey",1192
"5250",173,2,"Ovenbird",1200
"5251",173,2,"Pileated Woodpecker",1200
"5252",173,2,"Pine Warbler",1200
"5253",173,2,"Red-bellied Woodpecker",1200
"5254",173,2,"Red-eyed Vireo",1197
"5255",173,2,"Red-headed Woodpecker",1200
"5256",173,2,"Red-shouldered Hawk",1192
"5257",173,2,"Red-tailed Hawk",1200
"5258",173,2,"Red-winged Blackbird",1124
"5259",173,2,"Ruby-throated Hummingbird",1200
"5260",173,2,"Scarlet Tanager",1200
"5261",173,2,"Summer Tanager",1200
"5262",173,2,"Tufted Titmouse",1200
"5263",173,2,"Turkey Vulture",32
"5264",173,2,"White-breasted Nuthatch",1190
"5265",173,2,"White-eyed Vireo",1200
"5266",173,2,"Yellow-billed Cuckoo",1200
"5267",173,2,"Yellow-throated Vireo",1199
"5268",173,2,"Yellow-throated Warbler",1200
"5269",173,3,"Acadian Flycatcher",1199
"5270",173,3,"American Crow",1199
"5271",173,3,"American Goldfinch",1196
"5272",173,3,"American Redstart",1198
"5273",173,3,"Barred Owl",1199
"5274",173,3,"Belted Kingfisher",1190
"5275",173,3,"Black Vulture",1041
"5276",173,3,"Black-and-white Warbler",1199
"5277",173,3,"Blue Grosbeak",1199
"5278",173,3,"Blue Jay",1199
"5279",173,3,"Blue-gray Gnatcatcher",1199
"5280",173,3,"Brown Thrasher",991
"5281",173,3,"Brown-headed Cowbird",1199
"5282",173,3,"Brown-headed Nuthatch",1196
"5283",173,3,"Carolina Chickadee",1199
"5284",173,3,"Carolina Wren",1177
"5285",173,3,"Chimney Swift",1194
"5286",173,3,"Chipping Sparrow",1199
"5287",173,3,"Common Grackle",1156
"5288",173,3,"Common Yellowthroat",1199
"5289",173,3,"Downy Woodpecker",1193
"5290",173,3,"Eastern Bluebird",1197
"5291",173,3,"Eastern Kingbird",1183
"5292",173,3,"Eastern Phoebe",1138
"5293",173,3,"Eastern Towhee",1199
"5294",173,3,"Eastern Wood-Pewee",1199
"5295",173,3,"European Starling",410
"5296",173,3,"Fish Crow",1069
"5297",173,3,"Great Blue Heron",1176
"5298",173,3,"Great Crested Flycatcher",1199
"5299",173,3,"Hairy Woodpecker",1188
"5300",173,3,"House Finch",1069
"5301",173,3,"Indigo Bunting",1199
"5302",173,3,"Killdeer",605
"5303",173,3,"Mourning Dove",1199
"5304",173,3,"Northern Cardinal",1199
"5305",173,3,"Northern Flicker",1198
"5306",173,3,"Northern Mockingbird",846
"5307",173,3,"Northern Parula",1199
"5308",173,3,"Osprey",1175
"5309",173,3,"Ovenbird",1199
"5310",173,3,"Pileated Woodpecker",1198
"5311",173,3,"Pine Warbler",1199
"5312",173,3,"Red-bellied Woodpecker",1198
"5313",173,3,"Red-eyed Vireo",1193
"5314",173,3,"Red-headed Woodpecker",1199
"5315",173,3,"Red-shouldered Hawk",1178
"5316",173,3,"Red-tailed Hawk",1198
"5317",173,3,"Red-winged Blackbird",1087
"5318",173,3,"Ruby-throated Hummingbird",1195
"5319",173,3,"Scarlet Tanager",1197
"5320",173,3,"Summer Tanager",1199
"5321",173,3,"Tufted Titmouse",1199
"5322",173,3,"Turkey Vulture",133
"5323",173,3,"White-breasted Nuthatch",1195
"5324",173,3,"White-eyed Vireo",1199
"5325",173,3,"Yellow-billed Cuckoo",1198
"5326",173,3,"Yellow-throated Vireo",1199
"5327",173,3,"Yellow-throated Warbler",1199
"5328",174,0,"Acadian Flycatcher",1
"5329",174,0,"American Crow",1
"5330",174,0,"American Goldfinch",1
"5331",174,0,"American Redstart",1
"5332",174,0,"Barred Owl",1
"5333",174,0,"Belted Kingfisher",1
"5334",174,0,"Black Vulture",1
"5335",174,0,"Black-and-white Warbler",1
"5336",174,0,"Blue Grosbeak",1
"5337",174,0,"Blue Jay",1
"5338",174,0,"Blue-gray Gnatcatcher",1
"5339",174,0,"Brown Thrasher",1
"5340",174,0,"Brown-headed Cowbird",1
"5341",174,0,"Brown-headed Nuthatch",1
"5342",174,0,"Carolina Chickadee",1
"5343",174,0,"Carolina Wren",1
"5344",174,0,"Chimney Swift",1
"5345",174,0,"Chipping Sparrow",1
"5346",174,0,"Common Grackle",1
"5347",174,0,"Common Yellowthroat",1
"5348",174,0,"Downy Woodpecker",1
"5349",174,0,"Eastern Bluebird",1
"5350",174,0,"Eastern Kingbird",1
"5351",174,0,"Eastern Phoebe",1
"5352",174,0,"Eastern Towhee",1
"5353",174,0,"Eastern Wood-Pewee",1
"5354",174,0,"European Starling",1
"5355",174,0,"Fish Crow",1
"5356",174,0,"Great Blue Heron",1
"5357",174,0,"Great Crested Flycatcher",1
"5358",174,0,"Hairy Woodpecker",1
"5359",174,0,"House Finch",1
"5360",174,0,"Indigo Bunting",1
"5361",174,0,"Killdeer",1
"5362",174,0,"Mourning Dove",1
"5363",174,0,"Northern Cardinal",1
"5364",174,0,"Northern Flicker",1
"5365",174,0,"Northern Mockingbird",1
"5366",174,0,"Northern Parula",1
"5367",174,0,"Osprey",1
"5368",174,0,"Ovenbird",1
"5369",174,0,"Pileated Woodpecker",1
"5370",174,0,"Pine Warbler",1
"5371",174,0,"Red-bellied Woodpecker",1
"5372",174,0,"Red-eyed Vireo",1
"5373",174,0,"Red-headed Woodpecker",1
"5374",174,0,"Red-shouldered Hawk",1
"5375",174,0,"Red-tailed Hawk",1
"5376",174,0,"Red-winged Blackbird",1
"5377",174,0,"Ruby-throated Hummingbird",1
"5378",174,0,"Scarlet Tanager",1
"5379",174,0,"Summer Tanager",1
"5380",174,0,"Tufted Titmouse",1
"5381",174,0,"White-breasted Nuthatch",1
"5382",174,0,"White-eyed Vireo",1
"5383",174,0,"Yellow-billed Cuckoo",1
"5384",174,0,"Yellow-throated Vireo",1
"5385",174,0,"Yellow-throated Warbler",1
"5386",174,1,"Acadian Flycatcher",1200
"5387",174,1,"American Crow",1198
"5388",174,1,"American Goldfinch",1200
"5389",174,1,"American Redstart",1200
"5390",174,1,"Barred Owl",1200
"5391",174,1,"Belted Kingfisher",1200
"5392",174,1,"Black Vulture",1184
"5393",174,1,"Black-and-white Warbler",1200
"5394",174,1,"Blue Grosbeak",1200
"5395",174,1,"Blue Jay",1200
"5396",174,1,"Blue-gray Gnatcatcher",1200
"5397",174,1,"Brown Thrasher",1039
"5398",174,1,"Brown-headed Cowbird",1200
"5399",174,1,"Brown-headed Nuthatch",1200
"5400",174,1,"Carolina Chickadee",1200
"5401",174,1,"Carolina Wren",1198
"5402",174,1,"Chimney Swift",1195
"5403",174,1,"Chipping Sparrow",1200
"5404",174,1,"Common Grackle",1178
"5405",174,1,"Common Yellowthroat",1200
"5406",174,1,"Downy Woodpecker",1197
"5407",174,1,"Eastern Bluebird",1200
"5408",174,1,"Eastern Kingbird",1200
"5409",174,1,"Eastern Phoebe",1197
"5410",174,1,"Eastern Towhee",1200
"5411",174,1,"Eastern Wood-Pewee",1200
"5412",174,1,"European Starling",181
"5413",174,1,"Fish Crow",1115
"5414",174,1,"Great Blue Heron",1186
"5415",174,1,"Great Crested Flycatcher",1200
"5416",174,1,"Hairy Woodpecker",1181
"5417",174,1,"House Finch",936
"5418",174,1,"Indigo Bunting",1200
"5419",174,1,"Killdeer",723
"5420",174,1,"Mourning Dove",1200
"5421",174,1,"Northern Cardinal",1197
"5422",174,1,"Northern Flicker",1198
"5423",174,1,"Northern Mockingbird",998
"5424",174,1,"Northern Parula",1200
"5425",174,1,"Osprey",1193
"5426",174,1,"Ovenbird",1200
"5427",174,1,"Pileated Woodpecker",1200
"5428",174,1,"Pine Warbler",1200
"5429",174,1,"Red-bellied Woodpecker",1199
"5430",174,1,"Red-eyed Vireo",1198
"5431",174,1,"Red-headed Woodpecker",1200
"5432",174,1,"Red-shouldered Hawk",1184
"5433",174,1,"Red-tailed Hawk",1200
"5434",174,1,"Red-winged Blackbird",1178
"5435",174,1,"Ruby-throated Hummingbird",1200
"5436",174,1,"Scarlet Tanager",1200
"5437",174,1,"Summer Tanager",1200
"5438",174,1,"Tufted Titmouse",1200
"5439",174,1,"Turkey Vulture",46
"5440",174,1,"White-breasted Nuthatch",1183
"5441",174,1,"White-eyed Vireo",1200
"5442",174,1,"Yellow-billed Cuckoo",1200
"5443",174,1,"Yellow-throated Vireo",1200
"5444",174,1,"Yellow-throated Warbler",1200
"5445",174,2,"Acadian Flycatcher",1200
"5446",174,2,"American Crow",1198
"5447",174,2,"American Goldfinch",1200
"5448",174,2,"American Redstart",1199
"5449",174,2,"Barred Owl",1200
"5450",174,2,"Belted Kingfisher",1186
"5451",174,2,"Black Vulture",1041
"5452",174,2,"Black-and-white Warbler",1200
"5453",174,2,"Blue Grosbeak",1200
"5454",174,2,"Blue Jay",1200
"5455",174,2,"Blue-gray Gnatcatcher",1200
"5456",174,2,"Brown Thrasher",840
"5457",174,2,"Brown-headed Cowbird",1200
"5458",174,2,"Brown-headed Nuthatch",1200
"5459",174,2,"Carolina Chickadee",1200
"5460",174,2,"Carolina Wren",1173
"5461",174,2,"Chimney Swift",1127
"5462",174,2,"Chipping Sparrow",1174
"5463",174,2,"Common Grackle",1070
"5464",174,2,"Common Yellowthroat",1200
"5465",174,2,"Downy Woodpecker",1129
"5466",174,2,"Eastern Bluebird",1183
"5467",174,2,"Eastern Kingbird",1197
"5468",174,2,"Eastern Phoebe",1183
"5469",174,2,"Eastern Towhee",1200
"5470",174,2,"Eastern Wood-Pewee",1200
"5471",174,2,"European Starling",97
"5472",174,2,"Fish Crow",846
"5473",174,2,"Great Blue Heron",1195
"5474",174,2,"Great Crested Flycatcher",1200
"5475",174,2,"Hairy Woodpecker",1103
"5476",174,2,"House Finch",540
"5477",174,2,"Indigo Bunting",1200
"5478",174,2,"Killdeer",601
"5479",174,2,"Mourning Dove",1200
"5480",174,2,"Northern Cardinal",1188
"5481",174,2,"Northern Flicker",1190
"5482",174,2,"Northern Mockingbird",667
"5483",174,2,"Northern Parula",1200
"5484",174,2,"Osprey",1155
"5485",174,2,"Ovenbird",1200
"5486",174,2,"Pileated Woodpecker",1200
"5487",174,2,"Pine Warbler",1199
"5488",174,2,"Red-bellied Woodpecker",1200
"5489",174,2,"Red-eyed Vireo",1199
"5490",174,2,"Red-headed Woodpecker",1200
"5491",174,2,"Red-shouldered Hawk",1113
"5492",174,2,"Red-tailed Hawk",1200
"5493",174,2,"Red-winged Blackbird",1124
"5494",174,2,"Ruby-throated Hummingbird",1200
"5495",174,2,"Scarlet Tanager",1200
"5496",174,2,"Summer Tanager",1200
"5497",174,2,"Tufted Titmouse",1200
"5498",174,2,"Turkey Vulture",33
"5499",174,2,"White-breasted Nuthatch",1114
"5500",174,2,"White-eyed Vireo",1200
"5501",174,2,"Yellow-billed Cuckoo",1200
"5502",174,2,"Yellow-throated Vireo",1200
"5503",174,2,"Yellow-throated Warbler",1200
"5504",174,3,"Acadian Flycatcher",1199
"5505",174,3,"American Crow",1197
"5506",174,3,"American Goldfinch",1199
"5507",174,3,"American Redstart",1199
"5508",174,3,"Barred Owl",1199
"5509",174,3,"Belted Kingfisher",1195
"5510",174,3,"Black Vulture",950
"5511",174,3,"Black-and-white Warbler",1199
"5512",174,3,"Blue Grosbeak",1199
"5513",174,3,"Blue Jay",1199
"5514",174,3,"Blue-gray Gnatcatcher",1199
"5515",174,3,"Brown Thrasher",935
"5516",174,3,"Brown-headed Cowbird",1199
"5517",174,3,"Brown-headed Nuthatch",1199
"5518",174,3,"Carolina Chickadee",1199
"5519",174,3,"Carolina Wren",1162
"5520",174,3,"Chimney Swift",1068
"5521",174,3,"Chipping Sparrow",1177
"5522",174,3,"Common Grackle",1086
"5523",174,3,"Common Yellowthroat",1199
"5524",174,3,"Downy Woodpecker",1166
"5525",174,3,"Eastern Bluebird",1177
"5526",174,3,"Eastern Kingbird",1195
"5527",174,3,"Eastern Phoebe",1191
"5528",174,3,"Eastern Towhee",1199
"5529",174,3,"Eastern Wood-Pewee",1199
"5530",174,3,"European Starling",381
"5531",174,3,"Fish Crow",997
"5532",174,3,"Great Blue Heron",1198
"5533",174,3,"Great Crested Flycatcher",1199
"5534",174,3,"Hairy Woodpecker",1160
"5535",174,3,"House Finch",722
"5536",174,3,"Indigo Bunting",1199
"5537",174,3,"Killdeer",901
"5538",174,3,"Mourning Dove",1197
"5539",174,3,"Northern Cardinal",1189
"5540",174,3,"Northern Flicker",1194
"5541",174,3,"Northern Mockingbird",823
"5542",174,3,"Northern Parula",1199
"5543",174,3,"Osprey",1180
"5544",174,3,"Ovenbird",1199
"5545",174,3,"Pileated Woodpecker",1199
"5546",174,3,"Pine Warbler",1199
"5547",174,3,"Red-bellied Woodpecker",1199
"5548",174,3,"Red-eyed Vireo",1199
"5549",174,3,"Red-headed Woodpecker",1199
"5550",174,3,"Red-shouldered Hawk",1146
"5551",174,3,"Red-tailed Hawk",1199
"5552",174,3,"Red-winged Blackbird",1149
"5553",174,3,"Ruby-throated Hummingbird",1199
"5554",174,3,"Scarlet Tanager",1199
"5555",174,3,"Summer Tanager",1199
"5556",174,3,"Tufted Titmouse",1199
"5557",174,3,"Turkey Vulture",32
"5558",174,3,"White-breasted Nuthatch",1166
"5559",174,3,"White-eyed Vireo",1199
"5560",174,3,"Yellow-billed Cuckoo",1199
"5561",174,3,"Yellow-throated Vireo",1199
"5562",174,3,"Yellow-throated Warbler",1199
"5563",175,0,"Acadian Flycatcher",1
"5564",175,0,"American Crow",1
"5565",175,0,"American Goldfinch",1
"5566",175,0,"American Redstart",1
"5567",175,0,"Barred Owl",1
"5568",175,0,"Belted Kingfisher",1
"5569",175,0,"Black Vulture",1
"5570",175,0,"Black-and-white Warbler",1
"5571",175,0,"Blue Grosbeak",1
"5572",175,0,"Blue Jay",1
"5573",175,0,"Blue-gray Gnatcatcher",1
"5574",175,0,"Brown Thrasher",1
"5575",175,0,"Brown-headed Cowbird",1
"5576",175,0,"Brown-headed Nuthatch",1
"5577",175,0,"Carolina Chickadee",1
"5578",175,0,"Carolina Wren",1
"5579",175,0,"Chimney Swift",1
"5580",175,0,"Chipping Sparrow",1
"5581",175,0,"Common Grackle",1
"5582",175,0,"Common Yellowthroat",1
"5583",175,0,"Downy Woodpecker",1
"5584",175,0,"Eastern Bluebird",1
"5585",175,0,"Eastern Kingbird",1
"5586",175,0,"Eastern Phoebe",1
"5587",175,0,"Eastern Towhee",1
"5588",175,0,"Eastern Wood-Pewee",1
"5589",175,0,"Fish Crow",1
"5590",175,0,"Great Blue Heron",1
"5591",175,0,"Great Crested Flycatcher",1
"5592",175,0,"Hairy Woodpecker",1
"5593",175,0,"House Finch",1
"5594",175,0,"Indigo Bunting",1
"5595",175,0,"Killdeer",1
"5596",175,0,"Mourning Dove",1
"5597",175,0,"Northern Cardinal",1
"5598",175,0,"Northern Flicker",1
"5599",175,0,"Northern Mockingbird",1
"5600",175,0,"Northern Parula",1
"5601",175,0,"Osprey",1
"5602",175,0,"Ovenbird",1
"5603",175,0,"Pileated Woodpecker",1
"5604",175,0,"Pine Warbler",1
"5605",175,0,"Red-bellied Woodpecker",1
"5606",175,0,"Red-eyed Vireo",1
"5607",175,0,"Red-headed Woodpecker",1
"5608",175,0,"Red-shouldered Hawk",1
"5609",175,0,"Red-tailed Hawk",1
"5610",175,0,"Red-winged Blackbird",1
"5611",175,0,"Ruby-throated Hummingbird",1
"5612",175,0,"Scarlet Tanager",1
"5613",175,0,"Summer Tanager",1
"5614",175,0,"Tufted Titmouse",1
"5615",175,0,"White-breasted Nuthatch",1
"5616",175,0,"White-eyed Vireo",1
"5617",175,0,"Yellow-billed Cuckoo",1
"5618",175,0,"Yellow-throated Vireo",1
"5619",175,0,"Yellow-throated Warbler",1
"5620",175,1,"Acadian Flycatcher",1200
"5621",175,1,"American Crow",1195
"5622",175,1,"American Goldfinch",1199
"5623",175,1,"American Redstart",1200
"5624",175,1,"Barred Owl",1199
"5625",175,1,"Belted Kingfisher",1183
"5626",175,1,"Black Vulture",1128
"5627",175,1,"Black-and-white Warbler",1200
"5628",175,1,"Blue Grosbeak",1200
"5629",175,1,"Blue Jay",1200
"5630",175,1,"Blue-gray Gnatcatcher",1200
"5631",175,1,"Brown Thrasher",891
"5632",175,1,"Brown-headed Cowbird",1200
"5633",175,1,"Brown-headed Nuthatch",1199
"5634",175,1,"Carolina Chickadee",1200
"5635",175,1,"Carolina Wren",1181
"5636",175,1,"Chimney Swift",1183
"5637",175,1,"Chipping Sparrow",1199
"5638",175,1,"Common Grackle",1139
"5639",175,1,"Common Yellowthroat",1200
"5640",175,1,"Downy Woodpecker",1174
"5641",175,1,"Eastern Bluebird",1197
"5642",175,1,"Eastern Kingbird",1194
"5643",175,1,"Eastern Phoebe",1191
"5644",175,1,"Eastern Towhee",1200
"5645",175,1,"Eastern Wood-Pewee",1200
"5646",175,1,"European Starling",70
"5647",175,1,"Fish Crow",893
"5648",175,1,"Great Blue Heron",1186
"5649",175,1,"Great Crested Flycatcher",1200
"5650",175,1,"Hairy Woodpecker",1154
"5651",175,1,"House Finch",659
"5652",175,1,"Indigo Bunting",1200
"5653",175,1,"Killdeer",510
"5654",175,1,"Mourning Dove",1200
"5655",175,1,"Northern Cardinal",1193
"5656",175,1,"Northern Flicker",1192
"5657",175,1,"Northern Mockingbird",851
"5658",175,1,"Northern Parula",1200
"5659",175,1,"Osprey",1175
"5660",175,1,"Ovenbird",1200
"5661",175,1,"Pileated Woodpecker",1200
"5662",175,1,"Pine Warbler",1200
"5663",175,1,"Red-bellied Woodpecker",1199
"5664",175,1,"Red-eyed Vireo",1200
"5665",175,1,"Red-headed Woodpecker",1199
"5666",175,1,"Red-shouldered Hawk",1176
"5667",175,1,"Red-tailed Hawk",1200
"5668",175,1,"Red-winged Blackbird",1161
"5669",175,1,"Ruby-throated Hummingbird",1200
"5670",175,1,"Scarlet Tanager",1200
"5671",175,1,"Summer Tanager",1200
"5672",175,1,"Tufted Titmouse",1200
"5673",175,1,"Turkey Vulture",46
"5674",175,1,"White-breasted Nuthatch",1163
"5675",175,1,"White-eyed Vireo",1199
"5676",175,1,"Yellow-billed Cuckoo",1200
"5677",175,1,"Yellow-throated Vireo",1200
"5678",175,1,"Yellow-throated Warbler",1200
"5679",175,2,"Acadian Flycatcher",1200
"5680",175,2,"American Crow",1200
"5681",175,2,"American Goldfinch",1200
"5682",175,2,"American Redstart",1200
"5683",175,2,"Barred Owl",1200
"5684",175,2,"Belted Kingfisher",1200
"5685",175,2,"Black Vulture",1172
"5686",175,2,"Black-and-white Warbler",1200
"5687",175,2,"Blue Grosbeak",1200
"5688",175,2,"Blue Jay",1200
"5689",175,2,"Blue-gray Gnatcatcher",1200
"5690",175,2,"Brown Thrasher",851
"5691",175,2,"Brown-headed Cowbird",1200
"5692",175,2,"Brown-headed Nuthatch",1200
"5693",175,2,"Carolina Chickadee",1200
"5694",175,2,"Carolina Wren",1191
"5695",175,2,"Chimney Swift",1197
"5696",175,2,"Chipping Sparrow",1199
"5697",175,2,"Common Grackle",1194
"5698",175,2,"Common Yellowthroat",1200
"5699",175,2,"Downy Woodpecker",1191
"5700",175,2,"Eastern Bluebird",1200
"5701",175,2,"Eastern Kingbird",1193
"5702",175,2,"Eastern Phoebe",1200
"5703",175,2,"Eastern Towhee",1200
"5704",175,2,"Eastern Wood-Pewee",1200
"5705",175,2,"European Starling",48
"5706",175,2,"Fish Crow",816
"5707",175,2,"Great Blue Heron",1200
"5708",175,2,"Great Crested Flycatcher",1200
"5709",175,2,"Hairy Woodpecker",1187
"5710",175,2,"House Finch",558
"5711",175,2,"Indigo Bunting",1200
"5712",175,2,"Killdeer",569
"5713",175,2,"Mourning Dove",1200
"5714",175,2,"Northern Cardinal",1200
"5715",175,2,"Northern Flicker",1198
"5716",175,2,"Northern Mockingbird",667
"5717",175,2,"Northern Parula",1200
"5718",175,2,"Osprey",1190
"5719",175,2,"Ovenbird",1200
"5720",175,2,"Pileated Woodpecker",1200
"5721",175,2,"Pine Warbler",1200
"5722",175,2,"Red-bellied Woodpecker",1200
"5723",175,2,"Red-eyed Vireo",1199
"5724",175,2,"Red-headed Woodpecker",1200
"5725",175,2,"Red-shouldered Hawk",1189
"5726",175,2,"Red-tailed Hawk",1200
"5727",175,2,"Red-winged Blackbird",1184
"5728",175,2,"Ruby-throated Hummingbird",1200
"5729",175,2,"Scarlet Tanager",1200
"5730",175,2,"Summer Tanager",1200
"5731",175,2,"Tufted Titmouse",1200
"5732",175,2,"Turkey Vulture",19
"5733",175,2,"White-breasted Nuthatch",1177
"5734",175,2,"White-eyed Vireo",1200
"5735",175,2,"Yellow-billed Cuckoo",1200
"5736",175,2,"Yellow-throated Vireo",1200
"5737",175,2,"Yellow-throated Warbler",1200
"5738",175,3,"Acadian Flycatcher",1199
"5739",175,3,"American Crow",1197
"5740",175,3,"American Goldfinch",1198
"5741",175,3,"American Redstart",1198
"5742",175,3,"Barred Owl",1198
"5743",175,3,"Belted Kingfisher",1196
"5744",175,3,"Black Vulture",1137
"5745",175,3,"Black-and-white Warbler",1199
"5746",175,3,"Blue Grosbeak",1199
"5747",175,3,"Blue Jay",1199
"5748",175,3,"Blue-gray Gnatcatcher",1199
"5749",175,3,"Brown Thrasher",997
"5750",175,3,"Brown-headed Cowbird",1198
"5751",175,3,"Brown-headed Nuthatch",1198
"5752",175,3,"Carolina Chickadee",1197
"5753",175,3,"Carolina Wren",1166
"5754",175,3,"Chimney Swift",1066
"5755",175,3,"Chipping Sparrow",1190
"5756",175,3,"Common Grackle",1181
"5757",175,3,"Common Yellowthroat",1199
"5758",175,3,"Downy Woodpecker",1192
"5759",175,3,"Eastern Bluebird",1196
"5760",175,3,"Eastern Kingbird",1186
"5761",175,3,"Eastern Phoebe",1190
"5762",175,3,"Eastern Towhee",1199
"5763",175,3,"Eastern Wood-Pewee",1199
"5764",175,3,"European Starling",306
"5765",175,3,"Fish Crow",1025
"5766",175,3,"Great Blue Heron",1198
"5767",175,3,"Great Crested Flycatcher",1199
"5768",175,3,"Hairy Woodpecker",1188
"5769",175,3,"House Finch",984
"5770",175,3,"Indigo Bunting",1199
"5771",175,3,"Killdeer",926
"5772",175,3,"Mourning Dove",1198
"5773",175,3,"Northern Cardinal",1197
"5774",175,3,"Northern Flicker",1199
"5775",175,3,"Northern Mockingbird",1040
"5776",175,3,"Northern Parula",1198
"5777",175,3,"Osprey",1121
"5778",175,3,"Ovenbird",1199
"5779",175,3,"Pileated Woodpecker",1199
"5780",175,3,"Pine Warbler",1198
"5781",175,3,"Red-bellied Woodpecker",1198
"5782",175,3,"Red-eyed Vireo",1190
"5783",175,3,"Red-headed Woodpecker",1198
"5784",175,3,"Red-shouldered Hawk",1191
"5785",175,3,"Red-tailed Hawk",1199
"5786",175,3,"Red-winged Blackbird",1195
"5787",175,3,"Ruby-throated Hummingbird",1197
"5788",175,3,"Scarlet Tanager",1199
"5789",175,3,"Summer Tanager",1199
"5790",175,3,"Tufted Titmouse",1199
"5791",175,3,"Turkey Vulture",56
"5792",175,3,"White-breasted Nuthatch",1184
"5793",175,3,"White-eyed Vireo",1196
"5794",175,3,"Yellow-billed Cuckoo",1199
"5795",175,3,"Yellow-throated Vireo",1198
"5796",175,3,"Yellow-throated Warbler",1199
"5797",176,0,"Acadian Flycatcher",1
"5798",176,0,"American Crow",1
"5799",176,0,"American Goldfinch",1
"5800",176,0,"American Redstart",1
"5801",176,0,"Barred Owl",1
"5802",176,0,"Belted Kingfisher",1
"5803",176,0,"Black Vulture",1
"5804",176,0,"Black-and-white Warbler",1
"5805",176,0,"Blue Grosbeak",1
"5806",176,0,"Blue Jay",1
"5807",176,0,"Blue-gray Gnatcatcher",1
"5808",176,0,"Brown Thrasher",1
"5809",176,0,"Brown-headed Cowbird",1
"5810",176,0,"Brown-headed Nuthatch",1
"5811",176,0,"Carolina Chickadee",1
"5812",176,0,"Carolina Wren",1
"5813",176,0,"Chimney Swift",1
"5814",176,0,"Chipping Sparrow",1
"5815",176,0,"Common Grackle",1
"5816",176,0,"Common Yellowthroat",1
"5817",176,0,"Downy Woodpecker",1
"5818",176,0,"Eastern Bluebird",1
"5819",176,0,"Eastern Kingbird",1
"5820",176,0,"Eastern Phoebe",1
"5821",176,0,"Eastern Towhee",1
"5822",176,0,"Eastern Wood-Pewee",1
"5823",176,0,"European Starling",1
"5824",176,0,"Fish Crow",1
"5825",176,0,"Great Blue Heron",1
"5826",176,0,"Great Crested Flycatcher",1
"5827",176,0,"Hairy Woodpecker",1
"5828",176,0,"House Finch",1
"5829",176,0,"Indigo Bunting",1
"5830",176,0,"Killdeer",1
"5831",176,0,"Mourning Dove",1
"5832",176,0,"Northern Cardinal",1
"5833",176,0,"Northern Flicker",1
"5834",176,0,"Northern Mockingbird",1
"5835",176,0,"Northern Parula",1
"5836",176,0,"Osprey",1
"5837",176,0,"Ovenbird",1
"5838",176,0,"Pileated Woodpecker",1
"5839",176,0,"Pine Warbler",1
"5840",176,0,"Red-bellied Woodpecker",1
"5841",176,0,"Red-eyed Vireo",1
"5842",176,0,"Red-headed Woodpecker",1
"5843",176,0,"Red-shouldered Hawk",1
"5844",176,0,"Red-tailed Hawk",1
"5845",176,0,"Red-winged Blackbird",1
"5846",176,0,"Ruby-throated Hummingbird",1
"5847",176,0,"Scarlet Tanager",1
"5848",176,0,"Summer Tanager",1
"5849",176,0,"Tufted Titmouse",1
"5850",176,0,"White-breasted Nuthatch",1
"5851",176,0,"White-eyed Vireo",1
"5852",176,0,"Yellow-billed Cuckoo",1
"5853",176,0,"Yellow-throated Vireo",1
"5854",176,0,"Yellow-throated Warbler",1
"5855",176,1,"Acadian Flycatcher",1194
"5856",176,1,"American Crow",1103
"5857",176,1,"American Goldfinch",1192
"5858",176,1,"American Redstart",1199
"5859",176,1,"Barred Owl",1167
"5860",176,1,"Belted Kingfisher",1181
"5861",176,1,"Black Vulture",1039
"5862",176,1,"Black-and-white Warbler",1200
"5863",176,1,"Blue Grosbeak",1200
"5864",176,1,"Blue Jay",1193
"5865",176,1,"Blue-gray Gnatcatcher",1200
"5866",176,1,"Brown Thrasher",798
"5867",176,1,"Brown-headed Cowbird",1200
"5868",176,1,"Brown-headed Nuthatch",1186
"5869",176,1,"Carolina Chickadee",1198
"5870",176,1,"Carolina Wren",1175
"5871",176,1,"Chimney Swift",1183
"5872",176,1,"Chipping Sparrow",1199
"5873",176,1,"Common Grackle",1149
"5874",176,1,"Common Yellowthroat",1196
"5875",176,1,"Downy Woodpecker",1177
"5876",176,1,"Eastern Bluebird",1189
"5877",176,1,"Eastern Kingbird",1173
"5878",176,1,"Eastern Phoebe",1155
"5879",176,1,"Eastern Towhee",1200
"5880",176,1,"Eastern Wood-Pewee",1198
"5881",176,1,"European Starling",304
"5882",176,1,"Fish Crow",903
"5883",176,1,"Great Blue Heron",955
"5884",176,1,"Great Crested Flycatcher",1200
"5885",176,1,"Hairy Woodpecker",1111
"5886",176,1,"House Finch",1082
"5887",176,1,"Indigo Bunting",1200
"5888",176,1,"Killdeer",256
"5889",176,1,"Mourning Dove",1200
"5890",176,1,"Northern Cardinal",1186
"5891",176,1,"Northern Flicker",1159
"5892",176,1,"Northern Mockingbird",743
"5893",176,1,"Northern Parula",1200
"5894",176,1,"Osprey",1117
"5895",176,1,"Ovenbird",1199
"5896",176,1,"Pileated Woodpecker",1181
"5897",176,1,"Pine Warbler",1199
"5898",176,1,"Red-bellied Woodpecker",1175
"5899",176,1,"Red-eyed Vireo",1146
"5900",176,1,"Red-headed Woodpecker",1196
"5901",176,1,"Red-shouldered Hawk",1131
"5902",176,1,"Red-tailed Hawk",1200
"5903",176,1,"Red-winged Blackbird",1148
"5904",176,1,"Ruby-throated Hummingbird",1196
"5905",176,1,"Scarlet Tanager",1195
"5906",176,1,"Summer Tanager",1200
"5907",176,1,"Tufted Titmouse",1196
"5908",176,1,"Turkey Vulture",63
"5909",176,1,"White-breasted Nuthatch",1168
"5910",176,1,"White-eyed Vireo",1187
"5911",176,1,"Yellow-billed Cuckoo",1200
"5912",176,1,"Yellow-throated Vireo",1200
"5913",176,1,"Yellow-throated Warbler",1200
"5914",176,2,"Acadian Flycatcher",1200
"5915",176,2,"American Crow",1176
"5916",176,2,"American Goldfinch",1200
"5917",176,2,"American Redstart",1200
"5918",176,2,"Barred Owl",1190
"5919",176,2,"Belted Kingfisher",1196
"5920",176,2,"Black Vulture",1148
"5921",176,2,"Black-and-white Warbler",1200
"5922",176,2,"Blue Grosbeak",1200
"5923",176,2,"Blue Jay",1199
"5924",176,2,"Blue-gray Gnatcatcher",1200
"5925",176,2,"Brown Thrasher",886
"5926",176,2,"Brown-headed Cowbird",1200
"5927",176,2,"Brown-headed Nuthatch",1194
"5928",176,2,"Carolina Chickadee",1198
"5929",176,2,"Carolina Wren",1188
"5930",176,2,"Chimney Swift",1197
"5931",176,2,"Chipping Sparrow",1199
"5932",176,2,"Common Grackle",1184
"5933",176,2,"Common Yellowthroat",1200
"5934",176,2,"Downy Woodpecker",1189
"5935",176,2,"Eastern Bluebird",1199
"5936",176,2,"Eastern Kingbird",1198
"5937",176,2,"Eastern Phoebe",1189
"5938",176,2,"Eastern Towhee",1200
"5939",176,2,"Eastern Wood-Pewee",1200
"5940",176,2,"European Starling",408
"5941",176,2,"Fish Crow",1012
"5942",176,2,"Great Blue Heron",1140
"5943",176,2,"Great Crested Flycatcher",1200
"5944",176,2,"Hairy Woodpecker",1188
"5945",176,2,"House Finch",1163
"5946",176,2,"Indigo Bunting",1200
"5947",176,2,"Killdeer",575
"5948",176,2,"Mourning Dove",1198
"5949",176,2,"Northern Cardinal",1200
"5950",176,2,"Northern Flicker",1191
"5951",176,2,"Northern Mockingbird",942
"5952",176,2,"Northern Parula",1200
"5953",176,2,"Osprey",1164
"5954",176,2,"Ovenbird",1200
"5955",176,2,"Pileated Woodpecker",1200
"5956",176,2,"Pine Warbler",1199
"5957",176,2,"Red-bellied Woodpecker",1191
"5958",176,2,"Red-eyed Vireo",1125
"5959",176,2,"Red-headed Woodpecker",1200
"5960",176,2,"Red-shouldered Hawk",1184
"5961",176,2,"Red-tailed Hawk",1200
"5962",176,2,"Red-winged Blackbird",1193
"5963",176,2,"Ruby-throated Hummingbird",1198
"5964",176,2,"Scarlet Tanager",1197
"5965",176,2,"Summer Tanager",1200
"5966",176,2,"Tufted Titmouse",1200
"5967",176,2,"Turkey Vulture",89
"5968",176,2,"White-breasted Nuthatch",1185
"5969",176,2,"White-eyed Vireo",1197
"5970",176,2,"Yellow-billed Cuckoo",1200
"5971",176,2,"Yellow-throated Vireo",1197
"5972",176,2,"Yellow-throated Warbler",1200
"5973",176,3,"Acadian Flycatcher",1199
"5974",176,3,"American Crow",1194
"5975",176,3,"American Goldfinch",1199
"5976",176,3,"American Redstart",1199
"5977",176,3,"Barred Owl",1198
"5978",176,3,"Belted Kingfisher",1198
"5979",176,3,"Black Vulture",1123
"5980",176,3,"Black-and-white Warbler",1199
"5981",176,3,"Blue Grosbeak",1199
"5982",176,3,"Blue Jay",1197
"5983",176,3,"Blue-gray Gnatcatcher",1199
"5984",176,3,"Brown Thrasher",794
"5985",176,3,"Brown-headed Cowbird",1199
"5986",176,3,"Brown-headed Nuthatch",1199
"5987",176,3,"Carolina Chickadee",1199
"5988",176,3,"Carolina Wren",1188
"5989",176,3,"Chimney Swift",1187
"5990",176,3,"Chipping Sparrow",1199
"5991",176,3,"Common Grackle",1186
"5992",176,3,"Common Yellowthroat",1199
"5993",176,3,"Downy Woodpecker",1197
"5994",176,3,"Eastern Bluebird",1197
"5995",176,3,"Eastern Kingbird",1198
"5996",176,3,"Eastern Phoebe",1197
"5997",176,3,"Eastern Towhee",1199
"5998",176,3,"Eastern Wood-Pewee",1199
"5999",176,3,"European Starling",558
"6000",176,3,"Fish Crow",1062
"6001",176,3,"Great Blue Heron",1188
"6002",176,3,"Great Crested Flycatcher",1199
"6003",176,3,"Hairy Woodpecker",1183
"6004",176,3,"House Finch",1110
"6005",176,3,"Indigo Bunting",1199
"6006",176,3,"Killdeer",884
"6007",176,3,"Mourning Dove",1199
"6008",176,3,"Northern Cardinal",1198
"6009",176,3,"Northern Flicker",1194
"6010",176,3,"Northern Mockingbird",1016
"6011",176,3,"Northern Parula",1199
"6012",176,3,"Osprey",1165
"6013",176,3,"Ovenbird",1199
"6014",176,3,"Pileated Woodpecker",1199
"6015",176,3,"Pine Warbler",1198
"6016",176,3,"Red-bellied Woodpecker",1199
"6017",176,3,"Red-eyed Vireo",1092
"6018",176,3,"Red-headed Woodpecker",1199
"6019",176,3,"Red-shouldered Hawk",1197
"6020",176,3,"Red-tailed Hawk",1199
"6021",176,3,"Red-winged Blackbird",1198
"6022",176,3,"Ruby-throated Hummingbird",1198
"6023",176,3,"Scarlet Tanager",1196
"6024",176,3,"Summer Tanager",1199
"6025",176,3,"Tufted Titmouse",1199
"6026",176,3,"Turkey Vulture",47
"6027",176,3,"White-breasted Nuthatch",1173
"6028",176,3,"White-eyed Vireo",1198
"6029",176,3,"Yellow-billed Cuckoo",1199
"6030",176,3,"Yellow-throated Vireo",1199
"6031",176,3,"Yellow-throated Warbler",1199
"6032",177,0,"Acadian Flycatcher",1
"6033",177,0,"American Crow",1
"6034",177,0,"American Goldfinch",1
"6035",177,0,"American Redstart",1
"6036",177,0,"Barred Owl",1
"6037",177,0,"Belted Kingfisher",1
"6038",177,0,"Black Vulture",1
"6039",177,0,"Black-and-white Warbler",1
"6040",177,0,"Blue Grosbeak",1
"6041",177,0,"Blue Jay",1
"6042",177,0,"Blue-gray Gnatcatcher",1
"6043",177,0,"Brown Thrasher",1
"6044",177,0,"Brown-headed Cowbird",1
"6045",177,0,"Brown-headed Nuthatch",1
"6046",177,0,"Carolina Chickadee",1
"6047",177,0,"Carolina Wren",1
"6048",177,0,"Chimney Swift",1
"6049",177,0,"Chipping Sparrow",1
"6050",177,0,"Common Grackle",1
"6051",177,0,"Common Yellowthroat",1
"6052",177,0,"Downy Woodpecker",1
"6053",177,0,"Eastern Bluebird",1
"6054",177,0,"Eastern Kingbird",1
"6055",177,0,"Eastern Phoebe",1
"6056",177,0,"Eastern Towhee",1
"6057",177,0,"Eastern Wood-Pewee",1
"6058",177,0,"Fish Crow",1
"6059",177,0,"Great Blue Heron",1
"6060",177,0,"Great Crested Flycatcher",1
"6061",177,0,"Hairy Woodpecker",1
"6062",177,0,"House Finch",1
"6063",177,0,"Indigo Bunting",1
"6064",177,0,"Killdeer",1
"6065",177,0,"Mourning Dove",1
"6066",177,0,"Northern Cardinal",1
"6067",177,0,"Northern Flicker",1
"6068",177,0,"Northern Mockingbird",1
"6069",177,0,"Northern Parula",1
"6070",177,0,"Osprey",1
"6071",177,0,"Ovenbird",1
"6072",177,0,"Pileated Woodpecker",1
"6073",177,0,"Pine Warbler",1
"6074",177,0,"Red-bellied Woodpecker",1
"6075",177,0,"Red-eyed Vireo",1
"6076",177,0,"Red-headed Woodpecker",1
"6077",177,0,"Red-shouldered Hawk",1
"6078",177,0,"Red-tailed Hawk",1
"6079",177,0,"Red-winged Blackbird",1
"6080",177,0,"Ruby-throated Hummingbird",1
"6081",177,0,"Scarlet Tanager",1
"6082",177,0,"Summer Tanager",1
"6083",177,0,"Tufted Titmouse",1
"6084",177,0,"White-breasted Nuthatch",1
"6085",177,0,"White-eyed Vireo",1
"6086",177,0,"Yellow-billed Cuckoo",1
"6087",177,0,"Yellow-throated Vireo",1
"6088",177,0,"Yellow-throated Warbler",1
"6089",177,1,"Acadian Flycatcher",1200
"6090",177,1,"American Crow",1170
"6091",177,1,"American Goldfinch",1194
"6092",177,1,"American Redstart",1199
"6093",177,1,"Barred Owl",1186
"6094",177,1,"Belted Kingfisher",1188
"6095",177,1,"Black Vulture",787
"6096",177,1,"Black-and-white Warbler",1200
"6097",177,1,"Blue Grosbeak",1200
"6098",177,1,"Blue Jay",1196
"6099",177,1,"Blue-gray Gnatcatcher",1200
"6100",177,1,"Brown Thrasher",839
"6101",177,1,"Brown-headed Cowbird",1200
"6102",177,1,"Brown-headed Nuthatch",1190
"6103",177,1,"Carolina Chickadee",1198
"6104",177,1,"Carolina Wren",1192
"6105",177,1,"Chimney Swift",1195
"6106",177,1,"Chipping Sparrow",1199
"6107",177,1,"Common Grackle",1176
"6108",177,1,"Common Yellowthroat",1197
"6109",177,1,"Downy Woodpecker",1180
"6110",177,1,"Eastern Bluebird",1196
"6111",177,1,"Eastern Kingbird",1192
"6112",177,1,"Eastern Phoebe",1187
"6113",177,1,"Eastern Towhee",1200
"6114",177,1,"Eastern Wood-Pewee",1198
"6115",177,1,"European Starling",166
"6116",177,1,"Fish Crow",1024
"6117",177,1,"Great Blue Heron",954
"6118",177,1,"Great Crested Flycatcher",1199
"6119",177,1,"Hairy Woodpecker",1167
"6120",177,1,"House Finch",1179
"6121",177,1,"Indigo Bunting",1200
"6122",177,1,"Killdeer",584
"6123",177,1,"Mourning Dove",1198
"6124",177,1,"Northern Cardinal",1193
"6125",177,1,"Northern Flicker",1179
"6126",177,1,"Northern Mockingbird",915
"6127",177,1,"Northern Parula",1200
"6128",177,1,"Osprey",1124
"6129",177,1,"Ovenbird",1197
"6130",177,1,"Pileated Woodpecker",1192
"6131",177,1,"Pine Warbler",1198
"6132",177,1,"Red-bellied Woodpecker",1190
"6133",177,1,"Red-eyed Vireo",1176
"6134",177,1,"Red-headed Woodpecker",1197
"6135",177,1,"Red-shouldered Hawk",1175
"6136",177,1,"Red-tailed Hawk",1200
"6137",177,1,"Red-winged Blackbird",1183
"6138",177,1,"Ruby-throated Hummingbird",1192
"6139",177,1,"Scarlet Tanager",1197
"6140",177,1,"Summer Tanager",1200
"6141",177,1,"Tufted Titmouse",1197
"6142",177,1,"Turkey Vulture",51
"6143",177,1,"White-breasted Nuthatch",1193
"6144",177,1,"White-eyed Vireo",1193
"6145",177,1,"Yellow-billed Cuckoo",1199
"6146",177,1,"Yellow-throated Vireo",1198
"6147",177,1,"Yellow-throated Warbler",1200
"6148",177,2,"Acadian Flycatcher",1200
"6149",177,2,"American Crow",1193
"6150",177,2,"American Goldfinch",1196
"6151",177,2,"American Redstart",1197
"6152",177,2,"Barred Owl",1198
"6153",177,2,"Belted Kingfisher",1193
"6154",177,2,"Black Vulture",501
"6155",177,2,"Black-and-white Warbler",1200
"6156",177,2,"Blue Grosbeak",1200
"6157",177,2,"Blue Jay",1199
"6158",177,2,"Blue-gray Gnatcatcher",1200
"6159",177,2,"Brown Thrasher",619
"6160",177,2,"Brown-headed Cowbird",1200
"6161",177,2,"Brown-headed Nuthatch",1173
"6162",177,2,"Carolina Chickadee",1200
"6163",177,2,"Carolina Wren",1178
"6164",177,2,"Chimney Swift",1196
"6165",177,2,"Chipping Sparrow",1198
"6166",177,2,"Common Grackle",1177
"6167",177,2,"Common Yellowthroat",1199
"6168",177,2,"Downy Woodpecker",1124
"6169",177,2,"Eastern Bluebird",1197
"6170",177,2,"Eastern Kingbird",1170
"6171",177,2,"Eastern Phoebe",1184
"6172",177,2,"Eastern Towhee",1200
"6173",177,2,"Eastern Wood-Pewee",1200
"6174",177,2,"European Starling",109
"6175",177,2,"Fish Crow",823
"6176",177,2,"Great Blue Heron",1129
"6177",177,2,"Great Crested Flycatcher",1198
"6178",177,2,"Hairy Woodpecker",1180
"6179",177,2,"House Finch",1134
"6180",177,2,"Indigo Bunting",1200
"6181",177,2,"Killdeer",679
"6182",177,2,"Mourning Dove",1196
"6183",177,2,"Northern Cardinal",1198
"6184",177,2,"Northern Flicker",1192
"6185",177,2,"Northern Mockingbird",596
"6186",177,2,"Northern Parula",1200
"6187",177,2,"Osprey",1080
"6188",177,2,"Ovenbird",1198
"6189",177,2,"Pileated Woodpecker",1198
"6190",177,2,"Pine Warbler",1200
"6191",177,2,"Red-bellied Woodpecker",1196
"6192",177,2,"Red-eyed Vireo",1160
"6193",177,2,"Red-headed Woodpecker",1195
"6194",177,2,"Red-shouldered Hawk",1194
"6195",177,2,"Red-tailed Hawk",1200
"6196",177,2,"Red-winged Blackbird",1186
"6197",177,2,"Ruby-throated Hummingbird",1197
"6198",177,2,"Scarlet Tanager",1192
"6199",177,2,"Summer Tanager",1199
"6200",177,2,"Tufted Titmouse",1200
"6201",177,2,"Turkey Vulture",10
"6202",177,2,"White-breasted Nuthatch",1195
"6203",177,2,"White-eyed Vireo",1191
"6204",177,2,"Yellow-billed Cuckoo",1200
"6205",177,2,"Yellow-throated Vireo",1199
"6206",177,2,"Yellow-throated Warbler",1200
"6207",177,3,"Acadian Flycatcher",1199
"6208",177,3,"American Crow",1162
"6209",177,3,"American Goldfinch",1183
"6210",177,3,"American Redstart",1196
"6211",177,3,"Barred Owl",1193
"6212",177,3,"Belted Kingfisher",1141
"6213",177,3,"Black Vulture",830
"6214",177,3,"Black-and-white Warbler",1199
"6215",177,3,"Blue Grosbeak",1192
"6216",177,3,"Blue Jay",1193
"6217",177,3,"Blue-gray Gnatcatcher",1198
"6218",177,3,"Brown Thrasher",623
"6219",177,3,"Brown-headed Cowbird",1198
"6220",177,3,"Brown-headed Nuthatch",1184
"6221",177,3,"Carolina Chickadee",1196
"6222",177,3,"Carolina Wren",1154
"6223",177,3,"Chimney Swift",1126
"6224",177,3,"Chipping Sparrow",1187
"6225",177,3,"Common Grackle",1142
"6226",177,3,"Common Yellowthroat",1191
"6227",177,3,"Downy Woodpecker",1156
"6228",177,3,"Eastern Bluebird",1195
"6229",177,3,"Eastern Kingbird",1111
"6230",177,3,"Eastern Phoebe",1156
"6231",177,3,"Eastern Towhee",1197
"6232",177,3,"Eastern Wood-Pewee",1198
"6233",177,3,"European Starling",145
"6234",177,3,"Fish Crow",674
"6235",177,3,"Great Blue Heron",1114
"6236",177,3,"Great Crested Flycatcher",1198
"6237",177,3,"Hairy Woodpecker",1141
"6238",177,3,"House Finch",931
"6239",177,3,"Indigo Bunting",1193
"6240",177,3,"Killdeer",523
"6241",177,3,"Mourning Dove",1179
"6242",177,3,"Northern Cardinal",1190
"6243",177,3,"Northern Flicker",1176
"6244",177,3,"Northern Mockingbird",665
"6245",177,3,"Northern Parula",1199
"6246",177,3,"Osprey",889
"6247",177,3,"Ovenbird",1198
"6248",177,3,"Pileated Woodpecker",1192
"6249",177,3,"Pine Warbler",1199
"6250",177,3,"Red-bellied Woodpecker",1178
"6251",177,3,"Red-eyed Vireo",1163
"6252",177,3,"Red-headed Woodpecker",1182
"6253",177,3,"Red-shouldered Hawk",1181
"6254",177,3,"Red-tailed Hawk",1194
"6255",177,3,"Red-winged Blackbird",1169
"6256",177,3,"Ruby-throated Hummingbird",1192
"6257",177,3,"Scarlet Tanager",1188
"6258",177,3,"Summer Tanager",1198
"6259",177,3,"Tufted Titmouse",1199
"6260",177,3,"Turkey Vulture",41
"6261",177,3,"White-breasted Nuthatch",1171
"6262",177,3,"White-eyed Vireo",1172
"6263",177,3,"Yellow-billed Cuckoo",1194
"6264",177,3,"Yellow-throated Vireo",1195
"6265",177,3,"Yellow-throated Warbler",1199
"6266",178,0,"Acadian Flycatcher",1
"6267",178,0,"American Crow",1
"6268",178,0,"American Goldfinch",1
"6269",178,0,"American Redstart",1
"6270",178,0,"Barred Owl",1
"6271",178,0,"Belted Kingfisher",1
"6272",178,0,"Black Vulture",1
"6273",178,0,"Black-and-white Warbler",1
"6274",178,0,"Blue Grosbeak",1
"6275",178,0,"Blue Jay",1
"6276",178,0,"Blue-gray Gnatcatcher",1
"6277",178,0,"Brown Thrasher",1
"6278",178,0,"Brown-headed Cowbird",1
"6279",178,0,"Brown-headed Nuthatch",1
"6280",178,0,"Carolina Chickadee",1
"6281",178,0,"Carolina Wren",1
"6282",178,0,"Chimney Swift",1
"6283",178,0,"Chipping Sparrow",1
"6284",178,0,"Common Grackle",1
"6285",178,0,"Common Yellowthroat",1
"6286",178,0,"Downy Woodpecker",1
"6287",178,0,"Eastern Bluebird",1
"6288",178,0,"Eastern Kingbird",1
"6289",178,0,"Eastern Phoebe",1
"6290",178,0,"Eastern Towhee",1
"6291",178,0,"Eastern Wood-Pewee",1
"6292",178,0,"Fish Crow",1
"6293",178,0,"Great Blue Heron",1
"6294",178,0,"Great Crested Flycatcher",1
"6295",178,0,"Hairy Woodpecker",1
"6296",178,0,"House Finch",1
"6297",178,0,"Indigo Bunting",1
"6298",178,0,"Killdeer",1
"6299",178,0,"Mourning Dove",1
"6300",178,0,"Northern Cardinal",1
"6301",178,0,"Northern Flicker",1
"6302",178,0,"Northern Mockingbird",1
"6303",178,0,"Northern Parula",1
"6304",178,0,"Osprey",1
"6305",178,0,"Ovenbird",1
"6306",178,0,"Pileated Woodpecker",1
"6307",178,0,"Pine Warbler",1
"6308",178,0,"Red-bellied Woodpecker",1
"6309",178,0,"Red-eyed Vireo",1
"6310",178,0,"Red-headed Woodpecker",1
"6311",178,0,"Red-shouldered Hawk",1
"6312",178,0,"Red-tailed Hawk",1
"6313",178,0,"Red-winged Blackbird",1
"6314",178,0,"Ruby-throated Hummingbird",1
"6315",178,0,"Scarlet Tanager",1
"6316",178,0,"Summer Tanager",1
"6317",178,0,"Tufted Titmouse",1
"6318",178,0,"White-breasted Nuthatch",1
"6319",178,0,"White-eyed Vireo",1
"6320",178,0,"Yellow-billed Cuckoo",1
"6321",178,0,"Yellow-throated Vireo",1
"6322",178,0,"Yellow-throated Warbler",1
"6323",178,1,"Acadian Flycatcher",1200
"6324",178,1,"American Crow",1198
"6325",178,1,"American Goldfinch",1200
"6326",178,1,"American Redstart",1200
"6327",178,1,"Barred Owl",1198
"6328",178,1,"Belted Kingfisher",1200
"6329",178,1,"Black Vulture",1147
"6330",178,1,"Black-and-white Warbler",1200
"6331",178,1,"Blue Grosbeak",1200
"6332",178,1,"Blue Jay",1198
"6333",178,1,"Blue-gray Gnatcatcher",1200
"6334",178,1,"Brown Thrasher",813
"6335",178,1,"Brown-headed Cowbird",1200
"6336",178,1,"Brown-headed Nuthatch",1199
"6337",178,1,"Carolina Chickadee",1198
"6338",178,1,"Carolina Wren",1151
"6339",178,1,"Chimney Swift",1194
"6340",178,1,"Chipping Sparrow",1200
"6341",178,1,"Common Grackle",1193
"6342",178,1,"Common Yellowthroat",1200
"6343",178,1,"Downy Woodpecker",1199
"6344",178,1,"Eastern Bluebird",1200
"6345",178,1,"Eastern Kingbird",1200
"6346",178,1,"Eastern Phoebe",1198
"6347",178,1,"Eastern Towhee",1200
"6348",178,1,"Eastern Wood-Pewee",1199
"6349",178,1,"European Starling",374
"6350",178,1,"Fish Crow",1173
"6351",178,1,"Great Blue Heron",1197
"6352",178,1,"Great Crested Flycatcher",1199
"6353",178,1,"Hairy Woodpecker",1165
"6354",178,1,"House Finch",1048
"6355",178,1,"Indigo Bunting",1200
"6356",178,1,"Killdeer",1001
"6357",178,1,"Mourning Dove",1200
"6358",178,1,"Northern Cardinal",1196
"6359",178,1,"Northern Flicker",1197
"6360",178,1,"Northern Mockingbird",871
"6361",178,1,"Northern Parula",1200
"6362",178,1,"Osprey",1200
"6363",178,1,"Ovenbird",1200
"6364",178,1,"Pileated Woodpecker",1200
"6365",178,1,"Pine Warbler",1200
"6366",178,1,"Red-bellied Woodpecker",1199
"6367",178,1,"Red-eyed Vireo",1193
"6368",178,1,"Red-headed Woodpecker",1200
"6369",178,1,"Red-shouldered Hawk",1192
"6370",178,1,"Red-tailed Hawk",1200
"6371",178,1,"Red-winged Blackbird",1196
"6372",178,1,"Ruby-throated Hummingbird",1200
"6373",178,1,"Scarlet Tanager",1200
"6374",178,1,"Summer Tanager",1200
"6375",178,1,"Tufted Titmouse",1199
"6376",178,1,"Turkey Vulture",15
"6377",178,1,"White-breasted Nuthatch",1197
"6378",178,1,"White-eyed Vireo",1198
"6379",178,1,"Yellow-billed Cuckoo",1200
"6380",178,1,"Yellow-throated Vireo",1200
"6381",178,1,"Yellow-throated Warbler",1200
"6382",178,2,"Acadian Flycatcher",1200
"6383",178,2,"American Crow",1196
"6384",178,2,"American Goldfinch",1199
"6385",178,2,"American Redstart",1200
"6386",178,2,"Barred Owl",1193
"6387",178,2,"Belted Kingfisher",1200
"6388",178,2,"Black Vulture",1155
"6389",178,2,"Black-and-white Warbler",1200
"6390",178,2,"Blue Grosbeak",1200
"6391",178,2,"Blue Jay",1177
"6392",178,2,"Blue-gray Gnatcatcher",1200
"6393",178,2,"Brown Thrasher",837
"6394",178,2,"Brown-headed Cowbird",1200
"6395",178,2,"Brown-headed Nuthatch",1197
"6396",178,2,"Carolina Chickadee",1198
"6397",178,2,"Carolina Wren",1131
"6398",178,2,"Chimney Swift",1189
"6399",178,2,"Chipping Sparrow",1200
"6400",178,2,"Common Grackle",1174
"6401",178,2,"Common Yellowthroat",1200
"6402",178,2,"Downy Woodpecker",1192
"6403",178,2,"Eastern Bluebird",1197
"6404",178,2,"Eastern Kingbird",1200
"6405",178,2,"Eastern Phoebe",1184
"6406",178,2,"Eastern Towhee",1200
"6407",178,2,"Eastern Wood-Pewee",1200
"6408",178,2,"European Starling",452
"6409",178,2,"Fish Crow",1135
"6410",178,2,"Great Blue Heron",1174
"6411",178,2,"Great Crested Flycatcher",1200
"6412",178,2,"Hairy Woodpecker",1188
"6413",178,2,"House Finch",1121
"6414",178,2,"Indigo Bunting",1200
"6415",178,2,"Killdeer",1146
"6416",178,2,"Mourning Dove",1200
"6417",178,2,"Northern Cardinal",1190
"6418",178,2,"Northern Flicker",1190
"6419",178,2,"Northern Mockingbird",833
"6420",178,2,"Northern Parula",1200
"6421",178,2,"Osprey",1198
"6422",178,2,"Ovenbird",1200
"6423",178,2,"Pileated Woodpecker",1200
"6424",178,2,"Pine Warbler",1200
"6425",178,2,"Red-bellied Woodpecker",1191
"6426",178,2,"Red-eyed Vireo",1107
"6427",178,2,"Red-headed Woodpecker",1198
"6428",178,2,"Red-shouldered Hawk",1167
"6429",178,2,"Red-tailed Hawk",1200
"6430",178,2,"Red-winged Blackbird",1187
"6431",178,2,"Ruby-throated Hummingbird",1200
"6432",178,2,"Scarlet Tanager",1200
"6433",178,2,"Summer Tanager",1200
"6434",178,2,"Tufted Titmouse",1197
"6435",178,2,"Turkey Vulture",3
"6436",178,2,"White-breasted Nuthatch",1180
"6437",178,2,"White-eyed Vireo",1193
"6438",178,2,"Yellow-billed Cuckoo",1200
"6439",178,2,"Yellow-throated Vireo",1200
"6440",178,2,"Yellow-throated Warbler",1200
"6441",178,3,"Acadian Flycatcher",1199
"6442",178,3,"American Crow",1194
"6443",178,3,"American Goldfinch",1198
"6444",178,3,"American Redstart",1199
"6445",178,3,"Barred Owl",1192
"6446",178,3,"Belted Kingfisher",1199
"6447",178,3,"Black Vulture",1131
"6448",178,3,"Black-and-white Warbler",1199
"6449",178,3,"Blue Grosbeak",1199
"6450",178,3,"Blue Jay",1160
"6451",178,3,"Blue-gray Gnatcatcher",1199
"6452",178,3,"Brown Thrasher",848
"6453",178,3,"Brown-headed Cowbird",1199
"6454",178,3,"Brown-headed Nuthatch",1191
"6455",178,3,"Carolina Chickadee",1198
"6456",178,3,"Carolina Wren",1136
"6457",178,3,"Chimney Swift",1182
"6458",178,3,"Chipping Sparrow",1199
"6459",178,3,"Common Grackle",1145
"6460",178,3,"Common Yellowthroat",1199
"6461",178,3,"Downy Woodpecker",1196
"6462",178,3,"Eastern Bluebird",1199
"6463",178,3,"Eastern Kingbird",1199
"6464",178,3,"Eastern Phoebe",1179
"6465",178,3,"Eastern Towhee",1199
"6466",178,3,"Eastern Wood-Pewee",1199
"6467",178,3,"European Starling",436
"6468",178,3,"Fish Crow",1093
"6469",178,3,"Great Blue Heron",1167
"6470",178,3,"Great Crested Flycatcher",1197
"6471",178,3,"Hairy Woodpecker",1196
"6472",178,3,"House Finch",1126
"6473",178,3,"Indigo Bunting",1199
"6474",178,3,"Killdeer",1106
"6475",178,3,"Mourning Dove",1198
"6476",178,3,"Northern Cardinal",1191
"6477",178,3,"Northern Flicker",1169
"6478",178,3,"Northern Mockingbird",783
"6479",178,3,"Northern Parula",1199
"6480",178,3,"Osprey",1190
"6481",178,3,"Ovenbird",1198
"6482",178,3,"Pileated Woodpecker",1197
"6483",178,3,"Pine Warbler",1199
"6484",178,3,"Red-bellied Woodpecker",1191
"6485",178,3,"Red-eyed Vireo",1012
"6486",178,3,"Red-headed Woodpecker",1193
"6487",178,3,"Red-shouldered Hawk",1162
"6488",178,3,"Red-tailed Hawk",1199
"6489",178,3,"Red-winged Blackbird",1176
"6490",178,3,"Ruby-throated Hummingbird",1199
"6491",178,3,"Scarlet Tanager",1199
"6492",178,3,"Summer Tanager",1199
"6493",178,3,"Tufted Titmouse",1197
"6494",178,3,"Turkey Vulture",11
"6495",178,3,"White-breasted Nuthatch",1146
"6496",178,3,"White-eyed Vireo",1186
"6497",178,3,"Yellow-billed Cuckoo",1199
"6498",178,3,"Yellow-throated Vireo",1196
"6499",178,3,"Yellow-throated Warbler",1199
"6500",179,0,"Acadian Flycatcher",1
"6501",179,0,"American Crow",1
"6502",179,0,"American Goldfinch",1
"6503",179,0,"American Redstart",1
"6504",179,0,"Barred Owl",1
"6505",179,0,"Belted Kingfisher",1
"6506",179,0,"Black Vulture",1
"6507",179,0,"Black-and-white Warbler",1
"6508",179,0,"Blue Grosbeak",1
"6509",179,0,"Blue Jay",1
"6510",179,0,"Blue-gray Gnatcatcher",1
"6511",179,0,"Brown Thrasher",1
"6512",179,0,"Brown-headed Cowbird",1
"6513",179,0,"Brown-headed Nuthatch",1
"6514",179,0,"Carolina Chickadee",1
"6515",179,0,"Carolina Wren",1
"6516",179,0,"Chimney Swift",1
"6517",179,0,"Chipping Sparrow",1
"6518",179,0,"Common Grackle",1
"6519",179,0,"Common Yellowthroat",1
"6520",179,0,"Downy Woodpecker",1
"6521",179,0,"Eastern Bluebird",1
"6522",179,0,"Eastern Kingbird",1
"6523",179,0,"Eastern Phoebe",1
"6524",179,0,"Eastern Towhee",1
"6525",179,0,"Eastern Wood-Pewee",1
"6526",179,0,"Fish Crow",1
"6527",179,0,"Great Blue Heron",1
"6528",179,0,"Great Crested Flycatcher",1
"6529",179,0,"Hairy Woodpecker",1
"6530",179,0,"House Finch",1
"6531",179,0,"Indigo Bunting",1
"6532",179,0,"Killdeer",1
"6533",179,0,"Mourning Dove",1
"6534",179,0,"Northern Cardinal",1
"6535",179,0,"Northern Flicker",1
"6536",179,0,"Northern Mockingbird",1
"6537",179,0,"Northern Parula",1
"6538",179,0,"Osprey",1
"6539",179,0,"Ovenbird",1
"6540",179,0,"Pileated Woodpecker",1
"6541",179,0,"Pine Warbler",1
"6542",179,0,"Red-bellied Woodpecker",1
"6543",179,0,"Red-eyed Vireo",1
"6544",179,0,"Red-headed Woodpecker",1
"6545",179,0,"Red-shouldered Hawk",1
"6546",179,0,"Red-tailed Hawk",1
"6547",179,0,"Red-winged Blackbird",1
"6548",179,0,"Ruby-throated Hummingbird",1
"6549",179,0,"Scarlet Tanager",1
"6550",179,0,"Summer Tanager",1
"6551",179,0,"Tufted Titmouse",1
"6552",179,0,"White-breasted Nuthatch",1
"6553",179,0,"White-eyed Vireo",1
"6554",179,0,"Yellow-billed Cuckoo",1
"6555",179,0,"Yellow-throated Vireo",1
"6556",179,0,"Yellow-throated Warbler",1
"6557",179,1,"Acadian Flycatcher",1200
"6558",179,1,"American Crow",1200
"6559",179,1,"American Goldfinch",1200
"6560",179,1,"American Redstart",1200
"6561",179,1,"Barred Owl",1200
"6562",179,1,"Belted Kingfisher",1200
"6563",179,1,"Black Vulture",1198
"6564",179,1,"Black-and-white Warbler",1200
"6565",179,1,"Blue Grosbeak",1200
"6566",179,1,"Blue Jay",1200
"6567",179,1,"Blue-gray Gnatcatcher",1200
"6568",179,1,"Brown Thrasher",1050
"6569",179,1,"Brown-headed Cowbird",1200
"6570",179,1,"Brown-headed Nuthatch",1200
"6571",179,1,"Carolina Chickadee",1200
"6572",179,1,"Carolina Wren",1194
"6573",179,1,"Chimney Swift",1197
"6574",179,1,"Chipping Sparrow",1200
"6575",179,1,"Common Grackle",1198
"6576",179,1,"Common Yellowthroat",1200
"6577",179,1,"Downy Woodpecker",1200
"6578",179,1,"Eastern Bluebird",1200
"6579",179,1,"Eastern Kingbird",1199
"6580",179,1,"Eastern Phoebe",1200
"6581",179,1,"Eastern Towhee",1200
"6582",179,1,"Eastern Wood-Pewee",1200
"6583",179,1,"European Starling",140
"6584",179,1,"Fish Crow",1171
"6585",179,1,"Great Blue Heron",1194
"6586",179,1,"Great Crested Flycatcher",1200
"6587",179,1,"Hairy Woodpecker",1193
"6588",179,1,"House Finch",1069
"6589",179,1,"Indigo Bunting",1200
"6590",179,1,"Killdeer",313
"6591",179,1,"Mourning Dove",1200
"6592",179,1,"Northern Cardinal",1200
"6593",179,1,"Northern Flicker",1200
"6594",179,1,"Northern Mockingbird",962
"6595",179,1,"Northern Parula",1200
"6596",179,1,"Osprey",1194
"6597",179,1,"Ovenbird",1200
"6598",179,1,"Pileated Woodpecker",1200
"6599",179,1,"Pine Warbler",1200
"6600",179,1,"Red-bellied Woodpecker",1200
"6601",179,1,"Red-eyed Vireo",1200
"6602",179,1,"Red-headed Woodpecker",1200
"6603",179,1,"Red-shouldered Hawk",1200
"6604",179,1,"Red-tailed Hawk",1200
"6605",179,1,"Red-winged Blackbird",1199
"6606",179,1,"Ruby-throated Hummingbird",1200
"6607",179,1,"Scarlet Tanager",1200
"6608",179,1,"Summer Tanager",1200
"6609",179,1,"Tufted Titmouse",1200
"6610",179,1,"Turkey Vulture",162
"6611",179,1,"White-breasted Nuthatch",1199
"6612",179,1,"White-eyed Vireo",1200
"6613",179,1,"Yellow-billed Cuckoo",1200
"6614",179,1,"Yellow-throated Vireo",1200
"6615",179,1,"Yellow-throated Warbler",1200
"6616",179,2,"Acadian Flycatcher",1200
"6617",179,2,"American Crow",1199
"6618",179,2,"American Goldfinch",1200
"6619",179,2,"American Redstart",1200
"6620",179,2,"Barred Owl",1200
"6621",179,2,"Belted Kingfisher",1199
"6622",179,2,"Black Vulture",1192
"6623",179,2,"Black-and-white Warbler",1200
"6624",179,2,"Blue Grosbeak",1200
"6625",179,2,"Blue Jay",1200
"6626",179,2,"Blue-gray Gnatcatcher",1199
"6627",179,2,"Brown Thrasher",934
"6628",179,2,"Brown-headed Cowbird",1200
"6629",179,2,"Brown-headed Nuthatch",1200
"6630",179,2,"Carolina Chickadee",1200
"6631",179,2,"Carolina Wren",1181
"6632",179,2,"Chimney Swift",1188
"6633",179,2,"Chipping Sparrow",1200
"6634",179,2,"Common Grackle",1192
"6635",179,2,"Common Yellowthroat",1200
"6636",179,2,"Downy Woodpecker",1200
"6637",179,2,"Eastern Bluebird",1197
"6638",179,2,"Eastern Kingbird",1198
"6639",179,2,"Eastern Phoebe",1199
"6640",179,2,"Eastern Towhee",1200
"6641",179,2,"Eastern Wood-Pewee",1200
"6642",179,2,"European Starling",94
"6643",179,2,"Fish Crow",1078
"6644",179,2,"Great Blue Heron",1197
"6645",179,2,"Great Crested Flycatcher",1200
"6646",179,2,"Hairy Woodpecker",1198
"6647",179,2,"House Finch",903
"6648",179,2,"Indigo Bunting",1200
"6649",179,2,"Killdeer",145
"6650",179,2,"Mourning Dove",1196
"6651",179,2,"Northern Cardinal",1200
"6652",179,2,"Northern Flicker",1199
"6653",179,2,"Northern Mockingbird",774
"6654",179,2,"Northern Parula",1200
"6655",179,2,"Osprey",1177
"6656",179,2,"Ovenbird",1200
"6657",179,2,"Pileated Woodpecker",1200
"6658",179,2,"Pine Warbler",1200
"6659",179,2,"Red-bellied Woodpecker",1199
"6660",179,2,"Red-eyed Vireo",1198
"6661",179,2,"Red-headed Woodpecker",1200
"6662",179,2,"Red-shouldered Hawk",1197
"6663",179,2,"Red-tailed Hawk",1200
"6664",179,2,"Red-winged Blackbird",1192
"6665",179,2,"Ruby-throated Hummingbird",1200
"6666",179,2,"Scarlet Tanager",1200
"6667",179,2,"Summer Tanager",1200
"6668",179,2,"Tufted Titmouse",1200
"6669",179,2,"Turkey Vulture",194
"6670",179,2,"White-breasted Nuthatch",1197
"6671",179,2,"White-eyed Vireo",1199
"6672",179,2,"Yellow-billed Cuckoo",1200
"6673",179,2,"Yellow-throated Vireo",1200
"6674",179,2,"Yellow-throated Warbler",1200
"6675",179,3,"Acadian Flycatcher",1199
"6676",179,3,"American Crow",1199
"6677",179,3,"American Goldfinch",1199
"6678",179,3,"American Redstart",1199
"6679",179,3,"Barred Owl",1199
"6680",179,3,"Belted Kingfisher",1198
"6681",179,3,"Black Vulture",1189
"6682",179,3,"Black-and-white Warbler",1199
"6683",179,3,"Blue Grosbeak",1199
"6684",179,3,"Blue Jay",1199
"6685",179,3,"Blue-gray Gnatcatcher",1199
"6686",179,3,"Brown Thrasher",992
"6687",179,3,"Brown-headed Cowbird",1199
"6688",179,3,"Brown-headed Nuthatch",1199
"6689",179,3,"Carolina Chickadee",1199
"6690",179,3,"Carolina Wren",1194
"6691",179,3,"Chimney Swift",1186
"6692",179,3,"Chipping Sparrow",1199
"6693",179,3,"Common Grackle",1197
"6694",179,3,"Common Yellowthroat",1199
"6695",179,3,"Downy Woodpecker",1199
"6696",179,3,"Eastern Bluebird",1199
"6697",179,3,"Eastern Kingbird",1194
"6698",179,3,"Eastern Phoebe",1198
"6699",179,3,"Eastern Towhee",1199
"6700",179,3,"Eastern Wood-Pewee",1199
"6701",179,3,"European Starling",275
"6702",179,3,"Fish Crow",1154
"6703",179,3,"Great Blue Heron",1199
"6704",179,3,"Great Crested Flycatcher",1199
"6705",179,3,"Hairy Woodpecker",1197
"6706",179,3,"House Finch",894
"6707",179,3,"Indigo Bunting",1199
"6708",179,3,"Killdeer",649
"6709",179,3,"Mourning Dove",1199
"6710",179,3,"Northern Cardinal",1199
"6711",179,3,"Northern Flicker",1198
"6712",179,3,"Northern Mockingbird",903
"6713",179,3,"Northern Parula",1199
"6714",179,3,"Osprey",1183
"6715",179,3,"Ovenbird",1199
"6716",179,3,"Pileated Woodpecker",1199
"6717",179,3,"Pine Warbler",1199
"6718",179,3,"Red-bellied Woodpecker",1199
"6719",179,3,"Red-eyed Vireo",1197
"6720",179,3,"Red-headed Woodpecker",1199
"6721",179,3,"Red-shouldered Hawk",1198
"6722",179,3,"Red-tailed Hawk",1199
"6723",179,3,"Red-winged Blackbird",1194
"6724",179,3,"Ruby-throated Hummingbird",1199
"6725",179,3,"Scarlet Tanager",1199
"6726",179,3,"Summer Tanager",1199
"6727",179,3,"Tufted Titmouse",1199
"6728",179,3,"Turkey Vulture",158
"6729",179,3,"White-breasted Nuthatch",1198
"6730",179,3,"White-eyed Vireo",1199
"6731",179,3,"Yellow-billed Cuckoo",1199
"6732",179,3,"Yellow-throated Vireo",1199
"6733",179,3,"Yellow-throated Warbler",1199
"6734",180,0,"Acadian Flycatcher",1
"6735",180,0,"American Crow",1
"6736",180,0,"American Goldfinch",1
"6737",180,0,"American Redstart",1
"6738",180,0,"Barred Owl",1
"6739",180,0,"Belted Kingfisher",1
"6740",180,0,"Black Vulture",1
"6741",180,0,"Black-and-white Warbler",1
"6742",180,0,"Blue Grosbeak",1
"6743",180,0,"Blue Jay",1
"6744",180,0,"Blue-gray Gnatcatcher",1
"6745",180,0,"Brown Thrasher",1
"6746",180,0,"Brown-headed Cowbird",1
"6747",180,0,"Brown-headed Nuthatch",1
"6748",180,0,"Carolina Chickadee",1
"6749",180,0,"Carolina Wren",1
"6750",180,0,"Chimney Swift",1
"6751",180,0,"Chipping Sparrow",1
"6752",180,0,"Common Grackle",1
"6753",180,0,"Common Yellowthroat",1
"6754",180,0,"Downy Woodpecker",1
"6755",180,0,"Eastern Bluebird",1
"6756",180,0,"Eastern Kingbird",1
"6757",180,0,"Eastern Phoebe",1
"6758",180,0,"Eastern Towhee",1
"6759",180,0,"Eastern Wood-Pewee",1
"6760",180,0,"Fish Crow",1
"6761",180,0,"Great Blue Heron",1
"6762",180,0,"Great Crested Flycatcher",1
"6763",180,0,"Hairy Woodpecker",1
"6764",180,0,"House Finch",1
"6765",180,0,"Indigo Bunting",1
"6766",180,0,"Killdeer",1
"6767",180,0,"Mourning Dove",1
"6768",180,0,"Northern Cardinal",1
"6769",180,0,"Northern Flicker",1
"6770",180,0,"Northern Mockingbird",1
"6771",180,0,"Northern Parula",1
"6772",180,0,"Osprey",1
"6773",180,0,"Ovenbird",1
"6774",180,0,"Pileated Woodpecker",1
"6775",180,0,"Pine Warbler",1
"6776",180,0,"Red-bellied Woodpecker",1
"6777",180,0,"Red-eyed Vireo",1
"6778",180,0,"Red-headed Woodpecker",1
"6779",180,0,"Red-shouldered Hawk",1
"6780",180,0,"Red-tailed Hawk",1
"6781",180,0,"Red-winged Blackbird",1
"6782",180,0,"Ruby-throated Hummingbird",1
"6783",180,0,"Scarlet Tanager",1
"6784",180,0,"Summer Tanager",1
"6785",180,0,"Tufted Titmouse",1
"6786",180,0,"White-breasted Nuthatch",1
"6787",180,0,"White-eyed Vireo",1
"6788",180,0,"Yellow-billed Cuckoo",1
"6789",180,0,"Yellow-throated Vireo",1
"6790",180,0,"Yellow-throated Warbler",1
"6791",180,1,"Acadian Flycatcher",1197
"6792",180,1,"American Crow",1094
"6793",180,1,"American Goldfinch",1174
"6794",180,1,"American Redstart",1178
"6795",180,1,"Barred Owl",1040
"6796",180,1,"Belted Kingfisher",1079
"6797",180,1,"Black Vulture",818
"6798",180,1,"Black-and-white Warbler",1199
"6799",180,1,"Blue Grosbeak",1199
"6800",180,1,"Blue Jay",1161
"6801",180,1,"Blue-gray Gnatcatcher",1200
"6802",180,1,"Brown Thrasher",705
"6803",180,1,"Brown-headed Cowbird",1200
"6804",180,1,"Brown-headed Nuthatch",1140
"6805",180,1,"Carolina Chickadee",1192
"6806",180,1,"Carolina Wren",1034
"6807",180,1,"Chimney Swift",1162
"6808",180,1,"Chipping Sparrow",1176
"6809",180,1,"Common Grackle",1038
"6810",180,1,"Common Yellowthroat",1190
"6811",180,1,"Downy Woodpecker",1051
"6812",180,1,"Eastern Bluebird",1193
"6813",180,1,"Eastern Kingbird",1186
"6814",180,1,"Eastern Phoebe",1141
"6815",180,1,"Eastern Towhee",1199
"6816",180,1,"Eastern Wood-Pewee",1197
"6817",180,1,"European Starling",203
"6818",180,1,"Fish Crow",736
"6819",180,1,"Great Blue Heron",970
"6820",180,1,"Great Crested Flycatcher",1191
"6821",180,1,"Hairy Woodpecker",995
"6822",180,1,"House Finch",1093
"6823",180,1,"Indigo Bunting",1199
"6824",180,1,"Killdeer",400
"6825",180,1,"Mourning Dove",1181
"6826",180,1,"Northern Cardinal",1137
"6827",180,1,"Northern Flicker",1080
"6828",180,1,"Northern Mockingbird",769
"6829",180,1,"Northern Parula",1194
"6830",180,1,"Osprey",1140
"6831",180,1,"Ovenbird",1178
"6832",180,1,"Pileated Woodpecker",1137
"6833",180,1,"Pine Warbler",1186
"6834",180,1,"Red-bellied Woodpecker",1099
"6835",180,1,"Red-eyed Vireo",1082
"6836",180,1,"Red-headed Woodpecker",1149
"6837",180,1,"Red-shouldered Hawk",1080
"6838",180,1,"Red-tailed Hawk",1200
"6839",180,1,"Red-winged Blackbird",1151
"6840",180,1,"Ruby-throated Hummingbird",1182
"6841",180,1,"Scarlet Tanager",1167
"6842",180,1,"Summer Tanager",1199
"6843",180,1,"Tufted Titmouse",1169
"6844",180,1,"Turkey Vulture",79
"6845",180,1,"White-breasted Nuthatch",1030
"6846",180,1,"White-eyed Vireo",1148
"6847",180,1,"Yellow-billed Cuckoo",1190
"6848",180,1,"Yellow-throated Vireo",1178
"6849",180,1,"Yellow-throated Warbler",1200
"6850",180,2,"Acadian Flycatcher",1197
"6851",180,2,"American Crow",1100
"6852",180,2,"American Goldfinch",1178
"6853",180,2,"American Redstart",1192
"6854",180,2,"Barred Owl",1129
"6855",180,2,"Belted Kingfisher",1103
"6856",180,2,"Black Vulture",882
"6857",180,2,"Black-and-white Warbler",1200
"6858",180,2,"Blue Grosbeak",1195
"6859",180,2,"Blue Jay",1156
"6860",180,2,"Blue-gray Gnatcatcher",1198
"6861",180,2,"Brown Thrasher",739
"6862",180,2,"Brown-headed Cowbird",1199
"6863",180,2,"Brown-headed Nuthatch",1171
"6864",180,2,"Carolina Chickadee",1199
"6865",180,2,"Carolina Wren",1091
"6866",180,2,"Chimney Swift",1144
"6867",180,2,"Chipping Sparrow",1183
"6868",180,2,"Common Grackle",979
"6869",180,2,"Common Yellowthroat",1191
"6870",180,2,"Downy Woodpecker",1095
"6871",180,2,"Eastern Bluebird",1190
"6872",180,2,"Eastern Kingbird",1136
"6873",180,2,"Eastern Phoebe",1093
"6874",180,2,"Eastern Towhee",1199
"6875",180,2,"Eastern Wood-Pewee",1200
"6876",180,2,"European Starling",422
"6877",180,2,"Fish Crow",662
"6878",180,2,"Great Blue Heron",939
"6879",180,2,"Great Crested Flycatcher",1190
"6880",180,2,"Hairy Woodpecker",1090
"6881",180,2,"House Finch",1097
"6882",180,2,"Indigo Bunting",1200
"6883",180,2,"Killdeer",669
"6884",180,2,"Mourning Dove",1181
"6885",180,2,"Northern Cardinal",1182
"6886",180,2,"Northern Flicker",1122
"6887",180,2,"Northern Mockingbird",706
"6888",180,2,"Northern Parula",1199
"6889",180,2,"Osprey",1039
"6890",180,2,"Ovenbird",1197
"6891",180,2,"Pileated Woodpecker",1176
"6892",180,2,"Pine Warbler",1196
"6893",180,2,"Red-bellied Woodpecker",1111
"6894",180,2,"Red-eyed Vireo",1004
"6895",180,2,"Red-headed Woodpecker",1152
"6896",180,2,"Red-shouldered Hawk",1084
"6897",180,2,"Red-tailed Hawk",1199
"6898",180,2,"Red-winged Blackbird",1147
"6899",180,2,"Ruby-throated Hummingbird",1189
"6900",180,2,"Scarlet Tanager",1165
"6901",180,2,"Summer Tanager",1199
"6902",180,2,"Tufted Titmouse",1187
"6903",180,2,"Turkey Vulture",504
"6904",180,2,"White-breasted Nuthatch",1100
"6905",180,2,"White-eyed Vireo",1157
"6906",180,2,"Yellow-billed Cuckoo",1193
"6907",180,2,"Yellow-throated Vireo",1186
"6908",180,2,"Yellow-throated Warbler",1198
"6909",180,3,"Acadian Flycatcher",1199
"6910",180,3,"American Crow",1199
"6911",180,3,"American Goldfinch",1199
"6912",180,3,"American Redstart",1199
"6913",180,3,"Barred Owl",1199
"6914",180,3,"Belted Kingfisher",1199
"6915",180,3,"Black Vulture",1199
"6916",180,3,"Black-and-white Warbler",1199
"6917",180,3,"Blue Grosbeak",1199
"6918",180,3,"Blue Jay",1199
"6919",180,3,"Blue-gray Gnatcatcher",1199
"6920",180,3,"Brown Thrasher",1172
"6921",180,3,"Brown-headed Cowbird",1199
"6922",180,3,"Brown-headed Nuthatch",1199
"6923",180,3,"Carolina Chickadee",1199
"6924",180,3,"Carolina Wren",1199
"6925",180,3,"Chimney Swift",1197
"6926",180,3,"Chipping Sparrow",1199
"6927",180,3,"Common Grackle",1199
"6928",180,3,"Common Yellowthroat",1199
"6929",180,3,"Downy Woodpecker",1199
"6930",180,3,"Eastern Bluebird",1199
"6931",180,3,"Eastern Kingbird",1199
"6932",180,3,"Eastern Phoebe",1199
"6933",180,3,"Eastern Towhee",1199
"6934",180,3,"Eastern Wood-Pewee",1199
"6935",180,3,"European Starling",999
"6936",180,3,"Fish Crow",1199
"6937",180,3,"Great Blue Heron",1199
"6938",180,3,"Great Crested Flycatcher",1199
"6939",180,3,"Hairy Woodpecker",1199
"6940",180,3,"House Finch",1198
"6941",180,3,"Indigo Bunting",1199
"6942",180,3,"Killdeer",1198
"6943",180,3,"Mourning Dove",1199
"6944",180,3,"Northern Cardinal",1199
"6945",180,3,"Northern Flicker",1199
"6946",180,3,"Northern Mockingbird",1197
"6947",180,3,"Northern Parula",1199
"6948",180,3,"Osprey",1199
"6949",180,3,"Ovenbird",1199
"6950",180,3,"Pileated Woodpecker",1199
"6951",180,3,"Pine Warbler",1199
"6952",180,3,"Red-bellied Woodpecker",1199
"6953",180,3,"Red-eyed Vireo",1199
"6954",180,3,"Red-headed Woodpecker",1199
"6955",180,3,"Red-shouldered Hawk",1199
"6956",180,3,"Red-tailed Hawk",1199
"6957",180,3,"Red-winged Blackbird",1199
"6958",180,3,"Ruby-throated Hummingbird",1199
"6959",180,3,"Scarlet Tanager",1199
"6960",180,3,"Summer Tanager",1199
"6961",180,3,"Tufted Titmouse",1199
"6962",180,3,"Turkey Vulture",1186
"6963",180,3,"White-breasted Nuthatch",1199
"6964",180,3,"White-eyed Vireo",1199
"6965",180,3,"Yellow-billed Cuckoo",1199
"6966",180,3,"Yellow-throated Vireo",1199
"6967",180,3,"Yellow-throated Warbler",1199
"6968",181,0,"Acadian Flycatcher",1
"6969",181,0,"American Crow",1
"6970",181,0,"American Goldfinch",1
"6971",181,0,"American Redstart",1
"6972",181,0,"Barred Owl",1
"6973",181,0,"Belted Kingfisher",1
"6974",181,0,"Black Vulture",1
"6975",181,0,"Black-and-white Warbler",1
"6976",181,0,"Blue Grosbeak",1
"6977",181,0,"Blue Jay",1
"6978",181,0,"Blue-gray Gnatcatcher",1
"6979",181,0,"Brown Thrasher",1
"6980",181,0,"Brown-headed Cowbird",1
"6981",181,0,"Brown-headed Nuthatch",1
"6982",181,0,"Carolina Chickadee",1
"6983",181,0,"Chimney Swift",1
"6984",181,0,"Chipping Sparrow",1
"6985",181,0,"Common Grackle",1
"6986",181,0,"Common Yellowthroat",1
"6987",181,0,"Downy Woodpecker",1
"6988",181,0,"Eastern Bluebird",1
"6989",181,0,"Eastern Kingbird",1
"6990",181,0,"Eastern Phoebe",1
"6991",181,0,"Eastern Towhee",1
"6992",181,0,"Eastern Wood-Pewee",1
"6993",181,0,"Fish Crow",1
"6994",181,0,"Great Blue Heron",1
"6995",181,0,"Great Crested Flycatcher",1
"6996",181,0,"Hairy Woodpecker",1
"6997",181,0,"House Finch",1
"6998",181,0,"Indigo Bunting",1
"6999",181,0,"Killdeer",1
"7000",181,0,"Mourning Dove",1
"7001",181,0,"Northern Cardinal",1
"7002",181,0,"Northern Flicker",1
"7003",181,0,"Northern Mockingbird",1
"7004",181,0,"Northern Parula",1
"7005",181,0,"Osprey",1
"7006",181,0,"Ovenbird",1
"7007",181,0,"Pileated Woodpecker",1
"7008",181,0,"Pine Warbler",1
"7009",181,0,"Red-bellied Woodpecker",1
"7010",181,0,"Red-eyed Vireo",1
"7011",181,0,"Red-headed Woodpecker",1
"7012",181,0,"Red-shouldered Hawk",1
"7013",181,0,"Red-tailed Hawk",1
"7014",181,0,"Red-winged Blackbird",1
"7015",181,0,"Ruby-throated Hummingbird",1
"7016",181,0,"Scarlet Tanager",1
"7017",181,0,"Summer Tanager",1
"7018",181,0,"Tufted Titmouse",1
"7019",181,0,"White-breasted Nuthatch",1
"7020",181,0,"White-eyed Vireo",1
"7021",181,0,"Yellow-billed Cuckoo",1
"7022",181,0,"Yellow-throated Vireo",1
"7023",181,0,"Yellow-throated Warbler",1
"7024",181,1,"Acadian Flycatcher",1200
"7025",181,1,"American Crow",1177
"7026",181,1,"American Goldfinch",1192
"7027",181,1,"American Redstart",1200
"7028",181,1,"Barred Owl",1186
"7029",181,1,"Belted Kingfisher",1191
"7030",181,1,"Black Vulture",1150
"7031",181,1,"Black-and-white Warbler",1200
"7032",181,1,"Blue Grosbeak",1200
"7033",181,1,"Blue Jay",1192
"7034",181,1,"Blue-gray Gnatcatcher",1200
"7035",181,1,"Brown Thrasher",935
"7036",181,1,"Brown-headed Cowbird",1200
"7037",181,1,"Brown-headed Nuthatch",1194
"7038",181,1,"Carolina Chickadee",1198
"7039",181,1,"Carolina Wren",1108
"7040",181,1,"Chimney Swift",1178
"7041",181,1,"Chipping Sparrow",1200
"7042",181,1,"Common Grackle",1182
"7043",181,1,"Common Yellowthroat",1200
"7044",181,1,"Downy Woodpecker",1193
"7045",181,1,"Eastern Bluebird",1197
"7046",181,1,"Eastern Kingbird",1199
"7047",181,1,"Eastern Phoebe",1182
"7048",181,1,"Eastern Towhee",1200
"7049",181,1,"Eastern Wood-Pewee",1200
"7050",181,1,"European Starling",466
"7051",181,1,"Fish Crow",1068
"7052",181,1,"Great Blue Heron",1181
"7053",181,1,"Great Crested Flycatcher",1200
"7054",181,1,"Hairy Woodpecker",1190
"7055",181,1,"House Finch",1029
"7056",181,1,"Indigo Bunting",1200
"7057",181,1,"Killdeer",841
"7058",181,1,"Mourning Dove",1196
"7059",181,1,"Northern Cardinal",1184
"7060",181,1,"Northern Flicker",1187
"7061",181,1,"Northern Mockingbird",921
"7062",181,1,"Northern Parula",1200
"7063",181,1,"Osprey",1186
"7064",181,1,"Ovenbird",1198
"7065",181,1,"Pileated Woodpecker",1198
"7066",181,1,"Pine Warbler",1200
"7067",181,1,"Red-bellied Woodpecker",1189
"7068",181,1,"Red-eyed Vireo",1133
"7069",181,1,"Red-headed Woodpecker",1195
"7070",181,1,"Red-shouldered Hawk",1169
"7071",181,1,"Red-tailed Hawk",1200
"7072",181,1,"Red-winged Blackbird",1191
"7073",181,1,"Ruby-throated Hummingbird",1199
"7074",181,1,"Scarlet Tanager",1199
"7075",181,1,"Summer Tanager",1200
"7076",181,1,"Tufted Titmouse",1197
"7077",181,1,"Turkey Vulture",50
"7078",181,1,"White-breasted Nuthatch",1142
"7079",181,1,"White-eyed Vireo",1198
"7080",181,1,"Yellow-billed Cuckoo",1200
"7081",181,1,"Yellow-throated Vireo",1193
"7082",181,1,"Yellow-throated Warbler",1200
"7083",181,2,"Acadian Flycatcher",1200
"7084",181,2,"American Crow",1192
"7085",181,2,"American Goldfinch",1197
"7086",181,2,"American Redstart",1200
"7087",181,2,"Barred Owl",1198
"7088",181,2,"Belted Kingfisher",1199
"7089",181,2,"Black Vulture",1132
"7090",181,2,"Black-and-white Warbler",1200
"7091",181,2,"Blue Grosbeak",1200
"7092",181,2,"Blue Jay",1192
"7093",181,2,"Blue-gray Gnatcatcher",1199
"7094",181,2,"Brown Thrasher",1019
"7095",181,2,"Brown-headed Cowbird",1200
"7096",181,2,"Brown-headed Nuthatch",1199
"7097",181,2,"Carolina Chickadee",1200
"7098",181,2,"Carolina Wren",1142
"7099",181,2,"Chimney Swift",1177
"7100",181,2,"Chipping Sparrow",1198
"7101",181,2,"Common Grackle",1146
"7102",181,2,"Common Yellowthroat",1200
"7103",181,2,"Downy Woodpecker",1193
"7104",181,2,"Eastern Bluebird",1193
"7105",181,2,"Eastern Kingbird",1199
"7106",181,2,"Eastern Phoebe",1197
"7107",181,2,"Eastern Towhee",1200
"7108",181,2,"Eastern Wood-Pewee",1200
"7109",181,2,"European Starling",456
"7110",181,2,"Fish Crow",1033
"7111",181,2,"Great Blue Heron",1196
"7112",181,2,"Great Crested Flycatcher",1200
"7113",181,2,"Hairy Woodpecker",1197
"7114",181,2,"House Finch",1031
"7115",181,2,"Indigo Bunting",1200
"7116",181,2,"Killdeer",1027
"7117",181,2,"Mourning Dove",1198
"7118",181,2,"Northern Cardinal",1198
"7119",181,2,"Northern Flicker",1197
"7120",181,2,"Northern Mockingbird",1001
"7121",181,2,"Northern Parula",1200
"7122",181,2,"Osprey",1189
"7123",181,2,"Ovenbird",1200
"7124",181,2,"Pileated Woodpecker",1200
"7125",181,2,"Pine Warbler",1200
"7126",181,2,"Red-bellied Woodpecker",1196
"7127",181,2,"Red-eyed Vireo",1103
"7128",181,2,"Red-headed Woodpecker",1200
"7129",181,2,"Red-shouldered Hawk",1181
"7130",181,2,"Red-tailed Hawk",1200
"7131",181,2,"Red-winged Blackbird",1160
"7132",181,2,"Ruby-throated Hummingbird",1200
"7133",181,2,"Scarlet Tanager",1200
"7134",181,2,"Summer Tanager",1200
"7135",181,2,"Tufted Titmouse",1200
"7136",181,2,"Turkey Vulture",28
"7137",181,2,"White-breasted Nuthatch",1138
"7138",181,2,"White-eyed Vireo",1200
"7139",181,2,"Yellow-billed Cuckoo",1200
"7140",181,2,"Yellow-throated Vireo",1197
"7141",181,2,"Yellow-throated Warbler",1200
"7142",181,3,"Acadian Flycatcher",1199
"7143",181,3,"American Crow",1187
"7144",181,3,"American Goldfinch",1198
"7145",181,3,"American Redstart",1199
"7146",181,3,"Barred Owl",1195
"7147",181,3,"Belted Kingfisher",1198
"7148",181,3,"Black Vulture",1157
"7149",181,3,"Black-and-white Warbler",1199
"7150",181,3,"Blue Grosbeak",1199
"7151",181,3,"Blue Jay",1164
"7152",181,3,"Blue-gray Gnatcatcher",1199
"7153",181,3,"Brown Thrasher",942
"7154",181,3,"Brown-headed Cowbird",1199
"7155",181,3,"Brown-headed Nuthatch",1190
"7156",181,3,"Carolina Chickadee",1199
"7157",181,3,"Carolina Wren",1003
"7158",181,3,"Chimney Swift",1170
"7159",181,3,"Chipping Sparrow",1199
"7160",181,3,"Common Grackle",1161
"7161",181,3,"Common Yellowthroat",1199
"7162",181,3,"Downy Woodpecker",1195
"7163",181,3,"Eastern Bluebird",1195
"7164",181,3,"Eastern Kingbird",1199
"7165",181,3,"Eastern Phoebe",1177
"7166",181,3,"Eastern Towhee",1199
"7167",181,3,"Eastern Wood-Pewee",1199
"7168",181,3,"European Starling",646
"7169",181,3,"Fish Crow",1056
"7170",181,3,"Great Blue Heron",1190
"7171",181,3,"Great Crested Flycatcher",1198
"7172",181,3,"Hairy Woodpecker",1197
"7173",181,3,"House Finch",1058
"7174",181,3,"Indigo Bunting",1199
"7175",181,3,"Killdeer",1129
"7176",181,3,"Mourning Dove",1196
"7177",181,3,"Northern Cardinal",1193
"7178",181,3,"Northern Flicker",1195
"7179",181,3,"Northern Mockingbird",846
"7180",181,3,"Northern Parula",1199
"7181",181,3,"Osprey",1193
"7182",181,3,"Ovenbird",1199
"7183",181,3,"Pileated Woodpecker",1198
"7184",181,3,"Pine Warbler",1198
"7185",181,3,"Red-bellied Woodpecker",1190
"7186",181,3,"Red-eyed Vireo",970
"7187",181,3,"Red-headed Woodpecker",1192
"7188",181,3,"Red-shouldered Hawk",1146
"7189",181,3,"Red-tailed Hawk",1199
"7190",181,3,"Red-winged Blackbird",1185
"7191",181,3,"Ruby-throated Hummingbird",1199
"7192",181,3,"Scarlet Tanager",1199
"7193",181,3,"Summer Tanager",1199
"7194",181,3,"Tufted Titmouse",1196
"7195",181,3,"Turkey Vulture",9
"7196",181,3,"White-breasted Nuthatch",1141
"7197",181,3,"White-eyed Vireo",1194
"7198",181,3,"Yellow-billed Cuckoo",1198
"7199",181,3,"Yellow-throated Vireo",1188
"7200",181,3,"Yellow-throated Warbler",1199
"7201",182,0,"Acadian Flycatcher",1
"7202",182,0,"American Crow",1
"7203",182,0,"American Goldfinch",1
"7204",182,0,"American Redstart",1
"7205",182,0,"Barred Owl",1
"7206",182,0,"Belted Kingfisher",1
"7207",182,0,"Black Vulture",1
"7208",182,0,"Black-and-white Warbler",1
"7209",182,0,"Blue Grosbeak",1
"7210",182,0,"Blue Jay",1
"7211",182,0,"Blue-gray Gnatcatcher",1
"7212",182,0,"Brown Thrasher",1
"7213",182,0,"Brown-headed Cowbird",1
"7214",182,0,"Brown-headed Nuthatch",1
"7215",182,0,"Carolina Chickadee",1
"7216",182,0,"Carolina Wren",1
"7217",182,0,"Chimney Swift",1
"7218",182,0,"Chipping Sparrow",1
"7219",182,0,"Common Grackle",1
"7220",182,0,"Common Yellowthroat",1
"7221",182,0,"Downy Woodpecker",1
"7222",182,0,"Eastern Bluebird",1
"7223",182,0,"Eastern Kingbird",1
"7224",182,0,"Eastern Phoebe",1
"7225",182,0,"Eastern Towhee",1
"7226",182,0,"Eastern Wood-Pewee",1
"7227",182,0,"European Starling",1
"7228",182,0,"Fish Crow",1
"7229",182,0,"Great Blue Heron",1
"7230",182,0,"Great Crested Flycatcher",1
"7231",182,0,"Hairy Woodpecker",1
"7232",182,0,"House Finch",1
"7233",182,0,"Indigo Bunting",1
"7234",182,0,"Killdeer",1
"7235",182,0,"Mourning Dove",1
"7236",182,0,"Northern Cardinal",1
"7237",182,0,"Northern Flicker",1
"7238",182,0,"Northern Mockingbird",1
"7239",182,0,"Northern Parula",1
"7240",182,0,"Osprey",1
"7241",182,0,"Ovenbird",1
"7242",182,0,"Pileated Woodpecker",1
"7243",182,0,"Pine Warbler",1
"7244",182,0,"Red-bellied Woodpecker",1
"7245",182,0,"Red-eyed Vireo",1
"7246",182,0,"Red-headed Woodpecker",1
"7247",182,0,"Red-shouldered Hawk",1
"7248",182,0,"Red-tailed Hawk",1
"7249",182,0,"Red-winged Blackbird",1
"7250",182,0,"Ruby-throated Hummingbird",1
"7251",182,0,"Scarlet Tanager",1
"7252",182,0,"Summer Tanager",1
"7253",182,0,"Tufted Titmouse",1
"7254",182,0,"White-breasted Nuthatch",1
"7255",182,0,"White-eyed Vireo",1
"7256",182,0,"Yellow-billed Cuckoo",1
"7257",182,0,"Yellow-throated Vireo",1
"7258",182,0,"Yellow-throated Warbler",1
"7259",182,1,"Acadian Flycatcher",1200
"7260",182,1,"American Crow",1193
"7261",182,1,"American Goldfinch",1199
"7262",182,1,"American Redstart",1200
"7263",182,1,"Barred Owl",1198
"7264",182,1,"Belted Kingfisher",1199
"7265",182,1,"Black Vulture",1186
"7266",182,1,"Black-and-white Warbler",1200
"7267",182,1,"Blue Grosbeak",1200
"7268",182,1,"Blue Jay",1199
"7269",182,1,"Blue-gray Gnatcatcher",1200
"7270",182,1,"Brown Thrasher",1080
"7271",182,1,"Brown-headed Cowbird",1200
"7272",182,1,"Brown-headed Nuthatch",1197
"7273",182,1,"Carolina Chickadee",1199
"7274",182,1,"Carolina Wren",1177
"7275",182,1,"Chimney Swift",1192
"7276",182,1,"Chipping Sparrow",1199
"7277",182,1,"Common Grackle",1197
"7278",182,1,"Common Yellowthroat",1200
"7279",182,1,"Downy Woodpecker",1199
"7280",182,1,"Eastern Bluebird",1200
"7281",182,1,"Eastern Kingbird",1199
"7282",182,1,"Eastern Phoebe",1199
"7283",182,1,"Eastern Towhee",1200
"7284",182,1,"Eastern Wood-Pewee",1200
"7285",182,1,"European Starling",476
"7286",182,1,"Fish Crow",1166
"7287",182,1,"Great Blue Heron",1196
"7288",182,1,"Great Crested Flycatcher",1200
"7289",182,1,"Hairy Woodpecker",1199
"7290",182,1,"House Finch",1152
"7291",182,1,"Indigo Bunting",1200
"7292",182,1,"Killdeer",801
"7293",182,1,"Mourning Dove",1200
"7294",182,1,"Northern Cardinal",1198
"7295",182,1,"Northern Flicker",1197
"7296",182,1,"Northern Mockingbird",1064
"7297",182,1,"Northern Parula",1200
"7298",182,1,"Osprey",1195
"7299",182,1,"Ovenbird",1200
"7300",182,1,"Pileated Woodpecker",1200
"7301",182,1,"Pine Warbler",1200
"7302",182,1,"Red-bellied Woodpecker",1199
"7303",182,1,"Red-eyed Vireo",1168
"7304",182,1,"Red-headed Woodpecker",1199
"7305",182,1,"Red-shouldered Hawk",1195
"7306",182,1,"Red-tailed Hawk",1200
"7307",182,1,"Red-winged Blackbird",1199
"7308",182,1,"Ruby-throated Hummingbird",1200
"7309",182,1,"Scarlet Tanager",1200
"7310",182,1,"Summer Tanager",1200
"7311",182,1,"Tufted Titmouse",1199
"7312",182,1,"Turkey Vulture",117
"7313",182,1,"White-breasted Nuthatch",1194
"7314",182,1,"White-eyed Vireo",1200
"7315",182,1,"Yellow-billed Cuckoo",1200
"7316",182,1,"Yellow-throated Vireo",1197
"7317",182,1,"Yellow-throated Warbler",1200
"7318",182,2,"Acadian Flycatcher",1189
"7319",182,2,"American Crow",1173
"7320",182,2,"American Goldfinch",1165
"7321",182,2,"American Redstart",1173
"7322",182,2,"Barred Owl",1183
"7323",182,2,"Belted Kingfisher",1157
"7324",182,2,"Black Vulture",1112
"7325",182,2,"Black-and-white Warbler",1191
"7326",182,2,"Blue Grosbeak",1178
"7327",182,2,"Blue Jay",1198
"7328",182,2,"Blue-gray Gnatcatcher",1183
"7329",182,2,"Brown Thrasher",965
"7330",182,2,"Brown-headed Cowbird",1180
"7331",182,2,"Brown-headed Nuthatch",1172
"7332",182,2,"Carolina Chickadee",1183
"7333",182,2,"Carolina Wren",1091
"7334",182,2,"Chimney Swift",1084
"7335",182,2,"Chipping Sparrow",1165
"7336",182,2,"Common Grackle",1146
"7337",182,2,"Common Yellowthroat",1178
"7338",182,2,"Downy Woodpecker",1165
"7339",182,2,"Eastern Bluebird",1158
"7340",182,2,"Eastern Kingbird",1128
"7341",182,2,"Eastern Phoebe",1146
"7342",182,2,"Eastern Towhee",1189
"7343",182,2,"Eastern Wood-Pewee",1194
"7344",182,2,"European Starling",463
"7345",182,2,"Fish Crow",1023
"7346",182,2,"Great Blue Heron",1155
"7347",182,2,"Great Crested Flycatcher",1190
"7348",182,2,"Hairy Woodpecker",1167
"7349",182,2,"House Finch",1016
"7350",182,2,"Indigo Bunting",1178
"7351",182,2,"Killdeer",792
"7352",182,2,"Mourning Dove",1175
"7353",182,2,"Northern Cardinal",1168
"7354",182,2,"Northern Flicker",1151
"7355",182,2,"Northern Mockingbird",995
"7356",182,2,"Northern Parula",1191
"7357",182,2,"Osprey",1096
"7358",182,2,"Ovenbird",1184
"7359",182,2,"Pileated Woodpecker",1191
"7360",182,2,"Pine Warbler",1190
"7361",182,2,"Red-bellied Woodpecker",1191
"7362",182,2,"Red-eyed Vireo",1099
"7363",182,2,"Red-headed Woodpecker",1186
"7364",182,2,"Red-shouldered Hawk",1189
"7365",182,2,"Red-tailed Hawk",1199
"7366",182,2,"Red-winged Blackbird",1156
"7367",182,2,"Ruby-throated Hummingbird",1187
"7368",182,2,"Scarlet Tanager",1177
"7369",182,2,"Summer Tanager",1185
"7370",182,2,"Tufted Titmouse",1188
"7371",182,2,"Turkey Vulture",49
"7372",182,2,"White-breasted Nuthatch",1133
"7373",182,2,"White-eyed Vireo",1164
"7374",182,2,"Yellow-billed Cuckoo",1195
"7375",182,2,"Yellow-throated Vireo",1183
"7376",182,2,"Yellow-throated Warbler",1190
"7377",182,3,"Acadian Flycatcher",1199
"7378",182,3,"American Crow",1153
"7379",182,3,"American Goldfinch",1160
"7380",182,3,"American Redstart",1197
"7381",182,3,"Barred Owl",1159
"7382",182,3,"Belted Kingfisher",1173
"7383",182,3,"Black Vulture",863
"7384",182,3,"Black-and-white Warbler",1198
"7385",182,3,"Blue Grosbeak",1199
"7386",182,3,"Blue Jay",1126
"7387",182,3,"Blue-gray Gnatcatcher",1196
"7388",182,3,"Brown Thrasher",691
"7389",182,3,"Brown-headed Cowbird",1197
"7390",182,3,"Brown-headed Nuthatch",1167
"7391",182,3,"Carolina Chickadee",1182
"7392",182,3,"Carolina Wren",944
"7393",182,3,"Chimney Swift",1101
"7394",182,3,"Chipping Sparrow",1192
"7395",182,3,"Common Grackle",1070
"7396",182,3,"Common Yellowthroat",1194
"7397",182,3,"Downy Woodpecker",1156
"7398",182,3,"Eastern Bluebird",1164
"7399",182,3,"Eastern Kingbird",1195
"7400",182,3,"Eastern Phoebe",1120
"7401",182,3,"Eastern Towhee",1199
"7402",182,3,"Eastern Wood-Pewee",1199
"7403",182,3,"European Starling",458
"7404",182,3,"Fish Crow",886
"7405",182,3,"Great Blue Heron",1136
"7406",182,3,"Great Crested Flycatcher",1190
"7407",182,3,"Hairy Woodpecker",1148
"7408",182,3,"House Finch",1016
"7409",182,3,"Indigo Bunting",1199
"7410",182,3,"Killdeer",976
"7411",182,3,"Mourning Dove",1177
"7412",182,3,"Northern Cardinal",1113
"7413",182,3,"Northern Flicker",1150
"7414",182,3,"Northern Mockingbird",646
"7415",182,3,"Northern Parula",1193
"7416",182,3,"Osprey",1149
"7417",182,3,"Ovenbird",1196
"7418",182,3,"Pileated Woodpecker",1189
"7419",182,3,"Pine Warbler",1189
"7420",182,3,"Red-bellied Woodpecker",1129
"7421",182,3,"Red-eyed Vireo",1051
"7422",182,3,"Red-headed Woodpecker",1151
"7423",182,3,"Red-shouldered Hawk",1025
"7424",182,3,"Red-tailed Hawk",1199
"7425",182,3,"Red-winged Blackbird",1128
"7426",182,3,"Ruby-throated Hummingbird",1191
"7427",182,3,"Scarlet Tanager",1191
"7428",182,3,"Summer Tanager",1196
"7429",182,3,"Tufted Titmouse",1168
"7430",182,3,"Turkey Vulture",137
"7431",182,3,"White-breasted Nuthatch",1039
"7432",182,3,"White-eyed Vireo",1147
"7433",182,3,"Yellow-billed Cuckoo",1196
"7434",182,3,"Yellow-throated Vireo",1184
"7435",182,3,"Yellow-throated Warbler",1197
"7436",183,0,"Acadian Flycatcher",1
"7437",183,0,"American Crow",1
"7438",183,0,"American Goldfinch",1
"7439",183,0,"American Redstart",1
"7440",183,0,"Barred Owl",1
"7441",183,0,"Belted Kingfisher",1
"7442",183,0,"Black Vulture",1
"7443",183,0,"Black-and-white Warbler",1
"7444",183,0,"Blue Grosbeak",1
"7445",183,0,"Blue Jay",1
"7446",183,0,"Blue-gray Gnatcatcher",1
"7447",183,0,"Brown Thrasher",1
"7448",183,0,"Brown-headed Cowbird",1
"7449",183,0,"Brown-headed Nuthatch",1
"7450",183,0,"Carolina Chickadee",1
"7451",183,0,"Carolina Wren",1
"7452",183,0,"Chimney Swift",1
"7453",183,0,"Chipping Sparrow",1
"7454",183,0,"Common Grackle",1
"7455",183,0,"Common Yellowthroat",1
"7456",183,0,"Downy Woodpecker",1
"7457",183,0,"Eastern Bluebird",1
"7458",183,0,"Eastern Kingbird",1
"7459",183,0,"Eastern Phoebe",1
"7460",183,0,"Eastern Towhee",1
"7461",183,0,"Eastern Wood-Pewee",1
"7462",183,0,"European Starling",1
"7463",183,0,"Fish Crow",1
"7464",183,0,"Great Blue Heron",1
"7465",183,0,"Great Crested Flycatcher",1
"7466",183,0,"Hairy Woodpecker",1
"7467",183,0,"House Finch",1
"7468",183,0,"Indigo Bunting",1
"7469",183,0,"Killdeer",1
"7470",183,0,"Mourning Dove",1
"7471",183,0,"Northern Cardinal",1
"7472",183,0,"Northern Flicker",1
"7473",183,0,"Northern Mockingbird",1
"7474",183,0,"Northern Parula",1
"7475",183,0,"Osprey",1
"7476",183,0,"Ovenbird",1
"7477",183,0,"Pileated Woodpecker",1
"7478",183,0,"Pine Warbler",1
"7479",183,0,"Red-bellied Woodpecker",1
"7480",183,0,"Red-eyed Vireo",1
"7481",183,0,"Red-headed Woodpecker",1
"7482",183,0,"Red-shouldered Hawk",1
"7483",183,0,"Red-tailed Hawk",1
"7484",183,0,"Red-winged Blackbird",1
"7485",183,0,"Ruby-throated Hummingbird",1
"7486",183,0,"Scarlet Tanager",1
"7487",183,0,"Summer Tanager",1
"7488",183,0,"Tufted Titmouse",1
"7489",183,0,"White-breasted Nuthatch",1
"7490",183,0,"White-eyed Vireo",1
"7491",183,0,"Yellow-billed Cuckoo",1
"7492",183,0,"Yellow-throated Vireo",1
"7493",183,0,"Yellow-throated Warbler",1
"7494",183,1,"Acadian Flycatcher",1200
"7495",183,1,"American Crow",1193
"7496",183,1,"American Goldfinch",1197
"7497",183,1,"American Redstart",1200
"7498",183,1,"Barred Owl",1197
"7499",183,1,"Belted Kingfisher",1194
"7500",183,1,"Black Vulture",1086
"7501",183,1,"Black-and-white Warbler",1200
"7502",183,1,"Blue Grosbeak",1199
"7503",183,1,"Blue Jay",1195
"7504",183,1,"Blue-gray Gnatcatcher",1200
"7505",183,1,"Brown Thrasher",932
"7506",183,1,"Brown-headed Cowbird",1200
"7507",183,1,"Brown-headed Nuthatch",1199
"7508",183,1,"Carolina Chickadee",1198
"7509",183,1,"Carolina Wren",1105
"7510",183,1,"Chimney Swift",1190
"7511",183,1,"Chipping Sparrow",1200
"7512",183,1,"Common Grackle",1179
"7513",183,1,"Common Yellowthroat",1199
"7514",183,1,"Downy Woodpecker",1198
"7515",183,1,"Eastern Bluebird",1194
"7516",183,1,"Eastern Kingbird",1199
"7517",183,1,"Eastern Phoebe",1191
"7518",183,1,"Eastern Towhee",1200
"7519",183,1,"Eastern Wood-Pewee",1200
"7520",183,1,"European Starling",618
"7521",183,1,"Fish Crow",1147
"7522",183,1,"Great Blue Heron",1196
"7523",183,1,"Great Crested Flycatcher",1200
"7524",183,1,"Hairy Woodpecker",1193
"7525",183,1,"House Finch",990
"7526",183,1,"Indigo Bunting",1200
"7527",183,1,"Killdeer",946
"7528",183,1,"Mourning Dove",1196
"7529",183,1,"Northern Cardinal",1192
"7530",183,1,"Northern Flicker",1196
"7531",183,1,"Northern Mockingbird",825
"7532",183,1,"Northern Parula",1200
"7533",183,1,"Osprey",1195
"7534",183,1,"Ovenbird",1200
"7535",183,1,"Pileated Woodpecker",1199
"7536",183,1,"Pine Warbler",1200
"7537",183,1,"Red-bellied Woodpecker",1196
"7538",183,1,"Red-eyed Vireo",1172
"7539",183,1,"Red-headed Woodpecker",1197
"7540",183,1,"Red-shouldered Hawk",1167
"7541",183,1,"Red-tailed Hawk",1200
"7542",183,1,"Red-winged Blackbird",1188
"7543",183,1,"Ruby-throated Hummingbird",1200
"7544",183,1,"Scarlet Tanager",1200
"7545",183,1,"Summer Tanager",1200
"7546",183,1,"Tufted Titmouse",1199
"7547",183,1,"Turkey Vulture",29
"7548",183,1,"White-breasted Nuthatch",1188
"7549",183,1,"White-eyed Vireo",1198
"7550",183,1,"Yellow-billed Cuckoo",1200
"7551",183,1,"Yellow-throated Vireo",1199
"7552",183,1,"Yellow-throated Warbler",1200
"7553",183,2,"Acadian Flycatcher",1200
"7554",183,2,"American Crow",1197
"7555",183,2,"American Goldfinch",1200
"7556",183,2,"American Redstart",1200
"7557",183,2,"Barred Owl",1199
"7558",183,2,"Belted Kingfisher",1200
"7559",183,2,"Black Vulture",1128
"7560",183,2,"Black-and-white Warbler",1200
"7561",183,2,"Blue Grosbeak",1200
"7562",183,2,"Blue Jay",1189
"7563",183,2,"Blue-gray Gnatcatcher",1200
"7564",183,2,"Brown Thrasher",1016
"7565",183,2,"Brown-headed Cowbird",1200
"7566",183,2,"Brown-headed Nuthatch",1199
"7567",183,2,"Carolina Chickadee",1200
"7568",183,2,"Carolina Wren",1070
"7569",183,2,"Chimney Swift",1168
"7570",183,2,"Chipping Sparrow",1200
"7571",183,2,"Common Grackle",1169
"7572",183,2,"Common Yellowthroat",1200
"7573",183,2,"Downy Woodpecker",1200
"7574",183,2,"Eastern Bluebird",1195
"7575",183,2,"Eastern Kingbird",1199
"7576",183,2,"Eastern Phoebe",1199
"7577",183,2,"Eastern Towhee",1200
"7578",183,2,"Eastern Wood-Pewee",1200
"7579",183,2,"European Starling",687
"7580",183,2,"Fish Crow",1141
"7581",183,2,"Great Blue Heron",1198
"7582",183,2,"Great Crested Flycatcher",1200
"7583",183,2,"Hairy Woodpecker",1199
"7584",183,2,"House Finch",1160
"7585",183,2,"Indigo Bunting",1200
"7586",183,2,"Killdeer",1174
"7587",183,2,"Mourning Dove",1199
"7588",183,2,"Northern Cardinal",1196
"7589",183,2,"Northern Flicker",1198
"7590",183,2,"Northern Mockingbird",892
"7591",183,2,"Northern Parula",1200
"7592",183,2,"Osprey",1193
"7593",183,2,"Ovenbird",1200
"7594",183,2,"Pileated Woodpecker",1200
"7595",183,2,"Pine Warbler",1200
"7596",183,2,"Red-bellied Woodpecker",1195
"7597",183,2,"Red-eyed Vireo",1098
"7598",183,2,"Red-headed Woodpecker",1200
"7599",183,2,"Red-shouldered Hawk",1186
"7600",183,2,"Red-tailed Hawk",1200
"7601",183,2,"Red-winged Blackbird",1188
"7602",183,2,"Ruby-throated Hummingbird",1200
"7603",183,2,"Scarlet Tanager",1200
"7604",183,2,"Summer Tanager",1200
"7605",183,2,"Tufted Titmouse",1200
"7606",183,2,"Turkey Vulture",5
"7607",183,2,"White-breasted Nuthatch",1181
"7608",183,2,"White-eyed Vireo",1198
"7609",183,2,"Yellow-billed Cuckoo",1200
"7610",183,2,"Yellow-throated Vireo",1200
"7611",183,2,"Yellow-throated Warbler",1200
"7612",183,3,"Acadian Flycatcher",1199
"7613",183,3,"American Crow",1198
"7614",183,3,"American Goldfinch",1198
"7615",183,3,"American Redstart",1199
"7616",183,3,"Barred Owl",1197
"7617",183,3,"Belted Kingfisher",1199
"7618",183,3,"Black Vulture",1076
"7619",183,3,"Black-and-white Warbler",1199
"7620",183,3,"Blue Grosbeak",1199
"7621",183,3,"Blue Jay",1197
"7622",183,3,"Blue-gray Gnatcatcher",1199
"7623",183,3,"Brown Thrasher",974
"7624",183,3,"Brown-headed Cowbird",1199
"7625",183,3,"Brown-headed Nuthatch",1197
"7626",183,3,"Carolina Chickadee",1198
"7627",183,3,"Carolina Wren",1114
"7628",183,3,"Chimney Swift",1182
"7629",183,3,"Chipping Sparrow",1199
"7630",183,3,"Common Grackle",1152
"7631",183,3,"Common Yellowthroat",1199
"7632",183,3,"Downy Woodpecker",1192
"7633",183,3,"Eastern Bluebird",1195
"7634",183,3,"Eastern Kingbird",1195
"7635",183,3,"Eastern Phoebe",1184
"7636",183,3,"Eastern Towhee",1199
"7637",183,3,"Eastern Wood-Pewee",1199
"7638",183,3,"European Starling",495
"7639",183,3,"Fish Crow",1069
"7640",183,3,"Great Blue Heron",1173
"7641",183,3,"Great Crested Flycatcher",1199
"7642",183,3,"Hairy Woodpecker",1192
"7643",183,3,"House Finch",1102
"7644",183,3,"Indigo Bunting",1199
"7645",183,3,"Killdeer",1083
"7646",183,3,"Mourning Dove",1197
"7647",183,3,"Northern Cardinal",1196
"7648",183,3,"Northern Flicker",1189
"7649",183,3,"Northern Mockingbird",812
"7650",183,3,"Northern Parula",1199
"7651",183,3,"Osprey",1193
"7652",183,3,"Ovenbird",1199
"7653",183,3,"Pileated Woodpecker",1199
"7654",183,3,"Pine Warbler",1199
"7655",183,3,"Red-bellied Woodpecker",1196
"7656",183,3,"Red-eyed Vireo",1141
"7657",183,3,"Red-headed Woodpecker",1199
"7658",183,3,"Red-shouldered Hawk",1141
"7659",183,3,"Red-tailed Hawk",1199
"7660",183,3,"Red-winged Blackbird",1157
"7661",183,3,"Ruby-throated Hummingbird",1199
"7662",183,3,"Scarlet Tanager",1199
"7663",183,3,"Summer Tanager",1199
"7664",183,3,"Tufted Titmouse",1199
"7665",183,3,"Turkey Vulture",6
"7666",183,3,"White-breasted Nuthatch",1189
"7667",183,3,"White-eyed Vireo",1194
"7668",183,3,"Yellow-billed Cuckoo",1199
"7669",183,3,"Yellow-throated Vireo",1199
"7670",183,3,"Yellow-throated Warbler",1199
"7671",184,0,"Acadian Flycatcher",1
"7672",184,0,"American Crow",1
"7673",184,0,"American Goldfinch",1
"7674",184,0,"American Redstart",1
"7675",184,0,"Barred Owl",1
"7676",184,0,"Belted Kingfisher",1
"7677",184,0,"Black Vulture",1
"7678",184,0,"Black-and-white Warbler",1
"7679",184,0,"Blue Grosbeak",1
"7680",184,0,"Blue Jay",1
"7681",184,0,"Blue-gray Gnatcatcher",1
"7682",184,0,"Brown Thrasher",1
"7683",184,0,"Brown-headed Cowbird",1
"7684",184,0,"Brown-headed Nuthatch",1
"7685",184,0,"Carolina Chickadee",1
"7686",184,0,"Carolina Wren",1
"7687",184,0,"Chimney Swift",1
"7688",184,0,"Chipping Sparrow",1
"7689",184,0,"Common Grackle",1
"7690",184,0,"Common Yellowthroat",1
"7691",184,0,"Downy Woodpecker",1
"7692",184,0,"Eastern Bluebird",1
"7693",184,0,"Eastern Kingbird",1
"7694",184,0,"Eastern Phoebe",1
"7695",184,0,"Eastern Towhee",1
"7696",184,0,"Eastern Wood-Pewee",1
"7697",184,0,"Fish Crow",1
"7698",184,0,"Great Blue Heron",1
"7699",184,0,"Great Crested Flycatcher",1
"7700",184,0,"Hairy Woodpecker",1
"7701",184,0,"Indigo Bunting",1
"7702",184,0,"Killdeer",1
"7703",184,0,"Mourning Dove",1
"7704",184,0,"Northern Cardinal",1
"7705",184,0,"Northern Flicker",1
"7706",184,0,"Northern Mockingbird",1
"7707",184,0,"Northern Parula",1
"7708",184,0,"Osprey",1
"7709",184,0,"Ovenbird",1
"7710",184,0,"Pileated Woodpecker",1
"7711",184,0,"Pine Warbler",1
"7712",184,0,"Red-bellied Woodpecker",1
"7713",184,0,"Red-eyed Vireo",1
"7714",184,0,"Red-headed Woodpecker",1
"7715",184,0,"Red-shouldered Hawk",1
"7716",184,0,"Red-tailed Hawk",1
"7717",184,0,"Red-winged Blackbird",1
"7718",184,0,"Ruby-throated Hummingbird",1
"7719",184,0,"Scarlet Tanager",1
"7720",184,0,"Summer Tanager",1
"7721",184,0,"Tufted Titmouse",1
"7722",184,0,"White-breasted Nuthatch",1
"7723",184,0,"White-eyed Vireo",1
"7724",184,0,"Yellow-billed Cuckoo",1
"7725",184,0,"Yellow-throated Vireo",1
"7726",184,0,"Yellow-throated Warbler",1
"7727",184,1,"Acadian Flycatcher",1200
"7728",184,1,"American Crow",1200
"7729",184,1,"American Goldfinch",1200
"7730",184,1,"American Redstart",1200
"7731",184,1,"Barred Owl",1200
"7732",184,1,"Belted Kingfisher",1199
"7733",184,1,"Black Vulture",1075
"7734",184,1,"Black-and-white Warbler",1200
"7735",184,1,"Blue Grosbeak",1200
"7736",184,1,"Blue Jay",1200
"7737",184,1,"Blue-gray Gnatcatcher",1200
"7738",184,1,"Brown Thrasher",843
"7739",184,1,"Brown-headed Cowbird",1200
"7740",184,1,"Brown-headed Nuthatch",1200
"7741",184,1,"Carolina Chickadee",1200
"7742",184,1,"Carolina Wren",1170
"7743",184,1,"Chimney Swift",1134
"7744",184,1,"Chipping Sparrow",1200
"7745",184,1,"Common Grackle",1178
"7746",184,1,"Common Yellowthroat",1200
"7747",184,1,"Downy Woodpecker",1196
"7748",184,1,"Eastern Bluebird",1196
"7749",184,1,"Eastern Kingbird",1195
"7750",184,1,"Eastern Phoebe",1198
"7751",184,1,"Eastern Towhee",1200
"7752",184,1,"Eastern Wood-Pewee",1200
"7753",184,1,"European Starling",104
"7754",184,1,"Fish Crow",1097
"7755",184,1,"Great Blue Heron",1170
"7756",184,1,"Great Crested Flycatcher",1200
"7757",184,1,"Hairy Woodpecker",1139
"7758",184,1,"House Finch",635
"7759",184,1,"Indigo Bunting",1200
"7760",184,1,"Killdeer",538
"7761",184,1,"Mourning Dove",1200
"7762",184,1,"Northern Cardinal",1200
"7763",184,1,"Northern Flicker",1199
"7764",184,1,"Northern Mockingbird",788
"7765",184,1,"Northern Parula",1200
"7766",184,1,"Osprey",1192
"7767",184,1,"Ovenbird",1200
"7768",184,1,"Pileated Woodpecker",1200
"7769",184,1,"Pine Warbler",1200
"7770",184,1,"Red-bellied Woodpecker",1200
"7771",184,1,"Red-eyed Vireo",1199
"7772",184,1,"Red-headed Woodpecker",1200
"7773",184,1,"Red-shouldered Hawk",1189
"7774",184,1,"Red-tailed Hawk",1200
"7775",184,1,"Red-winged Blackbird",1196
"7776",184,1,"Ruby-throated Hummingbird",1200
"7777",184,1,"Scarlet Tanager",1200
"7778",184,1,"Summer Tanager",1200
"7779",184,1,"Tufted Titmouse",1200
"7780",184,1,"Turkey Vulture",13
"7781",184,1,"White-breasted Nuthatch",1192
"7782",184,1,"White-eyed Vireo",1200
"7783",184,1,"Yellow-billed Cuckoo",1200
"7784",184,1,"Yellow-throated Vireo",1200
"7785",184,1,"Yellow-throated Warbler",1200
"7786",184,2,"Acadian Flycatcher",1200
"7787",184,2,"American Crow",1196
"7788",184,2,"American Goldfinch",1200
"7789",184,2,"American Redstart",1200
"7790",184,2,"Barred Owl",1197
"7791",184,2,"Belted Kingfisher",1200
"7792",184,2,"Black Vulture",1127
"7793",184,2,"Black-and-white Warbler",1200
"7794",184,2,"Blue Grosbeak",1200
"7795",184,2,"Blue Jay",1197
"7796",184,2,"Blue-gray Gnatcatcher",1199
"7797",184,2,"Brown Thrasher",978
"7798",184,2,"Brown-headed Cowbird",1200
"7799",184,2,"Brown-headed Nuthatch",1195
"7800",184,2,"Carolina Chickadee",1200
"7801",184,2,"Carolina Wren",1116
"7802",184,2,"Chimney Swift",1158
"7803",184,2,"Chipping Sparrow",1199
"7804",184,2,"Common Grackle",1162
"7805",184,2,"Common Yellowthroat",1200
"7806",184,2,"Downy Woodpecker",1194
"7807",184,2,"Eastern Bluebird",1190
"7808",184,2,"Eastern Kingbird",1196
"7809",184,2,"Eastern Phoebe",1194
"7810",184,2,"Eastern Towhee",1200
"7811",184,2,"Eastern Wood-Pewee",1200
"7812",184,2,"European Starling",414
"7813",184,2,"Fish Crow",1087
"7814",184,2,"Great Blue Heron",1172
"7815",184,2,"Great Crested Flycatcher",1200
"7816",184,2,"Hairy Woodpecker",1191
"7817",184,2,"House Finch",1130
"7818",184,2,"Indigo Bunting",1200
"7819",184,2,"Killdeer",1036
"7820",184,2,"Mourning Dove",1197
"7821",184,2,"Northern Cardinal",1197
"7822",184,2,"Northern Flicker",1197
"7823",184,2,"Northern Mockingbird",891
"7824",184,2,"Northern Parula",1200
"7825",184,2,"Osprey",1189
"7826",184,2,"Ovenbird",1200
"7827",184,2,"Pileated Woodpecker",1200
"7828",184,2,"Pine Warbler",1200
"7829",184,2,"Red-bellied Woodpecker",1200
"7830",184,2,"Red-eyed Vireo",1145
"7831",184,2,"Red-headed Woodpecker",1200
"7832",184,2,"Red-shouldered Hawk",1189
"7833",184,2,"Red-tailed Hawk",1200
"7834",184,2,"Red-winged Blackbird",1190
"7835",184,2,"Ruby-throated Hummingbird",1200
"7836",184,2,"Scarlet Tanager",1200
"7837",184,2,"Summer Tanager",1200
"7838",184,2,"Tufted Titmouse",1200
"7839",184,2,"Turkey Vulture",7
"7840",184,2,"White-breasted Nuthatch",1172
"7841",184,2,"White-eyed Vireo",1200
"7842",184,2,"Yellow-billed Cuckoo",1200
"7843",184,2,"Yellow-throated Vireo",1200
"7844",184,2,"Yellow-throated Warbler",1200
"7845",184,3,"Acadian Flycatcher",1199
"7846",184,3,"American Crow",1194
"7847",184,3,"American Goldfinch",1197
"7848",184,3,"American Redstart",1199
"7849",184,3,"Barred Owl",1191
"7850",184,3,"Belted Kingfisher",1199
"7851",184,3,"Black Vulture",1115
"7852",184,3,"Black-and-white Warbler",1199
"7853",184,3,"Blue Grosbeak",1199
"7854",184,3,"Blue Jay",1179
"7855",184,3,"Blue-gray Gnatcatcher",1199
"7856",184,3,"Brown Thrasher",978
"7857",184,3,"Brown-headed Cowbird",1199
"7858",184,3,"Brown-headed Nuthatch",1195
"7859",184,3,"Carolina Chickadee",1199
"7860",184,3,"Carolina Wren",1114
"7861",184,3,"Chimney Swift",1192
"7862",184,3,"Chipping Sparrow",1199
"7863",184,3,"Common Grackle",1161
"7864",184,3,"Common Yellowthroat",1199
"7865",184,3,"Downy Woodpecker",1196
"7866",184,3,"Eastern Bluebird",1198
"7867",184,3,"Eastern Kingbird",1199
"7868",184,3,"Eastern Phoebe",1191
"7869",184,3,"Eastern Towhee",1199
"7870",184,3,"Eastern Wood-Pewee",1199
"7871",184,3,"European Starling",469
"7872",184,3,"Fish Crow",1047
"7873",184,3,"Great Blue Heron",1143
"7874",184,3,"Great Crested Flycatcher",1199
"7875",184,3,"Hairy Woodpecker",1195
"7876",184,3,"House Finch",1131
"7877",184,3,"Indigo Bunting",1199
"7878",184,3,"Killdeer",1119
"7879",184,3,"Mourning Dove",1197
"7880",184,3,"Northern Cardinal",1189
"7881",184,3,"Northern Flicker",1195
"7882",184,3,"Northern Mockingbird",809
"7883",184,3,"Northern Parula",1199
"7884",184,3,"Osprey",1189
"7885",184,3,"Ovenbird",1199
"7886",184,3,"Pileated Woodpecker",1198
"7887",184,3,"Pine Warbler",1199
"7888",184,3,"Red-bellied Woodpecker",1188
"7889",184,3,"Red-eyed Vireo",1128
"7890",184,3,"Red-headed Woodpecker",1194
"7891",184,3,"Red-shouldered Hawk",1169
"7892",184,3,"Red-tailed Hawk",1199
"7893",184,3,"Red-winged Blackbird",1183
"7894",184,3,"Ruby-throated Hummingbird",1199
"7895",184,3,"Scarlet Tanager",1199
"7896",184,3,"Summer Tanager",1199
"7897",184,3,"Tufted Titmouse",1197
"7898",184,3,"Turkey Vulture",9
"7899",184,3,"White-breasted Nuthatch",1146
"7900",184,3,"White-eyed Vireo",1195
"7901",184,3,"Yellow-billed Cuckoo",1199
"7902",184,3,"Yellow-throated Vireo",1199
"7903",184,3,"Yellow-throated Warbler",1199
"7904",185,0,"Acadian Flycatcher",1
"7905",185,0,"American Crow",1
"7906",185,0,"American Goldfinch",1
"7907",185,0,"American Redstart",1
"7908",185,0,"Barred Owl",1
"7909",185,0,"Belted Kingfisher",1
"7910",185,0,"Black-and-white Warbler",1
"7911",185,0,"Blue Grosbeak",1
"7912",185,0,"Blue Jay",1
"7913",185,0,"Blue-gray Gnatcatcher",1
"7914",185,0,"Brown Thrasher",1
"7915",185,0,"Brown-headed Cowbird",1
"7916",185,0,"Brown-headed Nuthatch",1
"7917",185,0,"Carolina Chickadee",1
"7918",185,0,"Carolina Wren",1
"7919",185,0,"Chimney Swift",1
"7920",185,0,"Chipping Sparrow",1
"7921",185,0,"Common Yellowthroat",1
"7922",185,0,"Downy Woodpecker",1
"7923",185,0,"Eastern Bluebird",1
"7924",185,0,"Eastern Kingbird",1
"7925",185,0,"Eastern Phoebe",1
"7926",185,0,"Eastern Towhee",1
"7927",185,0,"Eastern Wood-Pewee",1
"7928",185,0,"Great Crested Flycatcher",1
"7929",185,0,"Hairy Woodpecker",1
"7930",185,0,"House Finch",1
"7931",185,0,"Indigo Bunting",1
"7932",185,0,"Mourning Dove",1
"7933",185,0,"Northern Cardinal",1
"7934",185,0,"Northern Flicker",1
"7935",185,0,"Northern Mockingbird",1
"7936",185,0,"Northern Parula",1
"7937",185,0,"Osprey",1
"7938",185,0,"Ovenbird",1
"7939",185,0,"Pileated Woodpecker",1
"7940",185,0,"Pine Warbler",1
"7941",185,0,"Red-bellied Woodpecker",1
"7942",185,0,"Red-eyed Vireo",1
"7943",185,0,"Red-headed Woodpecker",1
"7944",185,0,"Red-shouldered Hawk",1
"7945",185,0,"Red-tailed Hawk",1
"7946",185,0,"Red-winged Blackbird",1
"7947",185,0,"Ruby-throated Hummingbird",1
"7948",185,0,"Scarlet Tanager",1
"7949",185,0,"Summer Tanager",1
"7950",185,0,"Tufted Titmouse",1
"7951",185,0,"White-breasted Nuthatch",1
"7952",185,0,"White-eyed Vireo",1
"7953",185,0,"Yellow-billed Cuckoo",1
"7954",185,0,"Yellow-throated Vireo",1
"7955",185,0,"Yellow-throated Warbler",1
"7956",185,1,"Acadian Flycatcher",1200
"7957",185,1,"American Crow",1171
"7958",185,1,"American Goldfinch",1188
"7959",185,1,"American Redstart",1199
"7960",185,1,"Barred Owl",1188
"7961",185,1,"Belted Kingfisher",1194
"7962",185,1,"Black Vulture",1036
"7963",185,1,"Black-and-white Warbler",1199
"7964",185,1,"Blue Grosbeak",1199
"7965",185,1,"Blue Jay",1138
"7966",185,1,"Blue-gray Gnatcatcher",1199
"7967",185,1,"Brown Thrasher",665
"7968",185,1,"Brown-headed Cowbird",1200
"7969",185,1,"Brown-headed Nuthatch",1183
"7970",185,1,"Carolina Chickadee",1191
"7971",185,1,"Carolina Wren",1040
"7972",185,1,"Chimney Swift",1112
"7973",185,1,"Chipping Sparrow",1198
"7974",185,1,"Common Grackle",1108
"7975",185,1,"Common Yellowthroat",1198
"7976",185,1,"Downy Woodpecker",1183
"7977",185,1,"Eastern Bluebird",1193
"7978",185,1,"Eastern Kingbird",1191
"7979",185,1,"Eastern Phoebe",1158
"7980",185,1,"Eastern Towhee",1200
"7981",185,1,"Eastern Wood-Pewee",1199
"7982",185,1,"European Starling",155
"7983",185,1,"Fish Crow",925
"7984",185,1,"Great Blue Heron",1031
"7985",185,1,"Great Crested Flycatcher",1196
"7986",185,1,"Hairy Woodpecker",1183
"7987",185,1,"House Finch",661
"7988",185,1,"Indigo Bunting",1200
"7989",185,1,"Killdeer",312
"7990",185,1,"Mourning Dove",1192
"7991",185,1,"Northern Cardinal",1168
"7992",185,1,"Northern Flicker",1167
"7993",185,1,"Northern Mockingbird",837
"7994",185,1,"Northern Parula",1199
"7995",185,1,"Osprey",1158
"7996",185,1,"Ovenbird",1198
"7997",185,1,"Pileated Woodpecker",1192
"7998",185,1,"Pine Warbler",1198
"7999",185,1,"Red-bellied Woodpecker",1164
"8000",185,1,"Red-eyed Vireo",1118
"8001",185,1,"Red-headed Woodpecker",1186
"8002",185,1,"Red-shouldered Hawk",1115
"8003",185,1,"Red-tailed Hawk",1198
"8004",185,1,"Red-winged Blackbird",1056
"8005",185,1,"Ruby-throated Hummingbird",1198
"8006",185,1,"Scarlet Tanager",1194
"8007",185,1,"Summer Tanager",1200
"8008",185,1,"Tufted Titmouse",1186
"8009",185,1,"Turkey Vulture",3
"8010",185,1,"White-breasted Nuthatch",1153
"8011",185,1,"White-eyed Vireo",1174
"8012",185,1,"Yellow-billed Cuckoo",1197
"8013",185,1,"Yellow-throated Vireo",1195
"8014",185,1,"Yellow-throated Warbler",1197
"8015",185,2,"Acadian Flycatcher",1200
"8016",185,2,"American Crow",1152
"8017",185,2,"American Goldfinch",1190
"8018",185,2,"American Redstart",1199
"8019",185,2,"Barred Owl",1185
"8020",185,2,"Belted Kingfisher",1195
"8021",185,2,"Black Vulture",993
"8022",185,2,"Black-and-white Warbler",1200
"8023",185,2,"Blue Grosbeak",1200
"8024",185,2,"Blue Jay",1061
"8025",185,2,"Blue-gray Gnatcatcher",1200
"8026",185,2,"Brown Thrasher",737
"8027",185,2,"Brown-headed Cowbird",1200
"8028",185,2,"Brown-headed Nuthatch",1182
"8029",185,2,"Carolina Chickadee",1189
"8030",185,2,"Carolina Wren",882
"8031",185,2,"Chimney Swift",1108
"8032",185,2,"Chipping Sparrow",1198
"8033",185,2,"Common Grackle",1014
"8034",185,2,"Common Yellowthroat",1199
"8035",185,2,"Downy Woodpecker",1184
"8036",185,2,"Eastern Bluebird",1197
"8037",185,2,"Eastern Kingbird",1200
"8038",185,2,"Eastern Phoebe",1116
"8039",185,2,"Eastern Towhee",1200
"8040",185,2,"Eastern Wood-Pewee",1199
"8041",185,2,"European Starling",273
"8042",185,2,"Fish Crow",906
"8043",185,2,"Great Blue Heron",1085
"8044",185,2,"Great Crested Flycatcher",1190
"8045",185,2,"Hairy Woodpecker",1177
"8046",185,2,"House Finch",1079
"8047",185,2,"Indigo Bunting",1200
"8048",185,2,"Killdeer",865
"8049",185,2,"Mourning Dove",1192
"8050",185,2,"Northern Cardinal",1145
"8051",185,2,"Northern Flicker",1139
"8052",185,2,"Northern Mockingbird",621
"8053",185,2,"Northern Parula",1200
"8054",185,2,"Osprey",1160
"8055",185,2,"Ovenbird",1199
"8056",185,2,"Pileated Woodpecker",1191
"8057",185,2,"Pine Warbler",1199
"8058",185,2,"Red-bellied Woodpecker",1140
"8059",185,2,"Red-eyed Vireo",953
"8060",185,2,"Red-headed Woodpecker",1161
"8061",185,2,"Red-shouldered Hawk",1075
"8062",185,2,"Red-tailed Hawk",1198
"8063",185,2,"Red-winged Blackbird",1111
"8064",185,2,"Ruby-throated Hummingbird",1197
"8065",185,2,"Scarlet Tanager",1196
"8066",185,2,"Summer Tanager",1200
"8067",185,2,"Tufted Titmouse",1180
"8068",185,2,"Turkey Vulture",5
"8069",185,2,"White-breasted Nuthatch",1010
"8070",185,2,"White-eyed Vireo",1166
"8071",185,2,"Yellow-billed Cuckoo",1200
"8072",185,2,"Yellow-throated Vireo",1194
"8073",185,2,"Yellow-throated Warbler",1199
"8074",185,3,"Acadian Flycatcher",1198
"8075",185,3,"American Crow",1167
"8076",185,3,"American Goldfinch",1180
"8077",185,3,"American Redstart",1199
"8078",185,3,"Barred Owl",1153
"8079",185,3,"Belted Kingfisher",1197
"8080",185,3,"Black Vulture",1125
"8081",185,3,"Black-and-white Warbler",1198
"8082",185,3,"Blue Grosbeak",1198
"8083",185,3,"Blue Jay",1102
"8084",185,3,"Blue-gray Gnatcatcher",1199
"8085",185,3,"Brown Thrasher",1019
"8086",185,3,"Brown-headed Cowbird",1199
"8087",185,3,"Brown-headed Nuthatch",1155
"8088",185,3,"Carolina Chickadee",1187
"8089",185,3,"Carolina Wren",1076
"8090",185,3,"Chimney Swift",1186
"8091",185,3,"Chipping Sparrow",1199
"8092",185,3,"Common Grackle",1094
"8093",185,3,"Common Yellowthroat",1193
"8094",185,3,"Downy Woodpecker",1192
"8095",185,3,"Eastern Bluebird",1191
"8096",185,3,"Eastern Kingbird",1198
"8097",185,3,"Eastern Phoebe",1146
"8098",185,3,"Eastern Towhee",1199
"8099",185,3,"Eastern Wood-Pewee",1197
"8100",185,3,"European Starling",682
"8101",185,3,"Fish Crow",1006
"8102",185,3,"Great Blue Heron",1004
"8103",185,3,"Great Crested Flycatcher",1183
"8104",185,3,"Hairy Woodpecker",1186
"8105",185,3,"House Finch",1169
"8106",185,3,"Indigo Bunting",1199
"8107",185,3,"Killdeer",1057
"8108",185,3,"Mourning Dove",1189
"8109",185,3,"Northern Cardinal",1186
"8110",185,3,"Northern Flicker",1164
"8111",185,3,"Northern Mockingbird",993
"8112",185,3,"Northern Parula",1197
"8113",185,3,"Osprey",1179
"8114",185,3,"Ovenbird",1194
"8115",185,3,"Pileated Woodpecker",1186
"8116",185,3,"Pine Warbler",1195
"8117",185,3,"Red-bellied Woodpecker",1173
"8118",185,3,"Red-eyed Vireo",915
"8119",185,3,"Red-headed Woodpecker",1157
"8120",185,3,"Red-shouldered Hawk",1097
"8121",185,3,"Red-tailed Hawk",1195
"8122",185,3,"Red-winged Blackbird",1176
"8123",185,3,"Ruby-throated Hummingbird",1191
"8124",185,3,"Scarlet Tanager",1187
"8125",185,3,"Summer Tanager",1199
"8126",185,3,"Tufted Titmouse",1185
"8127",185,3,"Turkey Vulture",105
"8128",185,3,"White-breasted Nuthatch",1098
"8129",185,3,"White-eyed Vireo",1177
"8130",185,3,"Yellow-billed Cuckoo",1194
"8131",185,3,"Yellow-throated Vireo",1169
"8132",185,3,"Yellow-throated Warbler",1198
"8133",186,0,"Acadian Flycatcher",1
"8134",186,0,"American Crow",1
"8135",186,0,"American Goldfinch",1
"8136",186,0,"American Redstart",1
"8137",186,0,"Barred Owl",1
"8138",186,0,"Belted Kingfisher",1
"8139",186,0,"Black Vulture",1
"8140",186,0,"Black-and-white Warbler",1
"8141",186,0,"Blue Grosbeak",1
"8142",186,0,"Blue Jay",1
"8143",186,0,"Blue-gray Gnatcatcher",1
"8144",186,0,"Brown Thrasher",1
"8145",186,0,"Brown-headed Cowbird",1
"8146",186,0,"Brown-headed Nuthatch",1
"8147",186,0,"Carolina Chickadee",1
"8148",186,0,"Carolina Wren",1
"8149",186,0,"Chimney Swift",1
"8150",186,0,"Chipping Sparrow",1
"8151",186,0,"Common Grackle",1
"8152",186,0,"Common Yellowthroat",1
"8153",186,0,"Downy Woodpecker",1
"8154",186,0,"Eastern Bluebird",1
"8155",186,0,"Eastern Kingbird",1
"8156",186,0,"Eastern Phoebe",1
"8157",186,0,"Eastern Towhee",1
"8158",186,0,"Eastern Wood-Pewee",1
"8159",186,0,"Fish Crow",1
"8160",186,0,"Great Blue Heron",1
"8161",186,0,"Great Crested Flycatcher",1
"8162",186,0,"Hairy Woodpecker",1
"8163",186,0,"Indigo Bunting",1
"8164",186,0,"Mourning Dove",1
"8165",186,0,"Northern Cardinal",1
"8166",186,0,"Northern Flicker",1
"8167",186,0,"Northern Mockingbird",1
"8168",186,0,"Northern Parula",1
"8169",186,0,"Osprey",1
"8170",186,0,"Ovenbird",1
"8171",186,0,"Pileated Woodpecker",1
"8172",186,0,"Pine Warbler",1
"8173",186,0,"Red-bellied Woodpecker",1
"8174",186,0,"Red-eyed Vireo",1
"8175",186,0,"Red-headed Woodpecker",1
"8176",186,0,"Red-shouldered Hawk",1
"8177",186,0,"Red-tailed Hawk",1
"8178",186,0,"Red-winged Blackbird",1
"8179",186,0,"Ruby-throated Hummingbird",1
"8180",186,0,"Scarlet Tanager",1
"8181",186,0,"Summer Tanager",1
"8182",186,0,"Tufted Titmouse",1
"8183",186,0,"White-breasted Nuthatch",1
"8184",186,0,"White-eyed Vireo",1
"8185",186,0,"Yellow-billed Cuckoo",1
"8186",186,0,"Yellow-throated Vireo",1
"8187",186,0,"Yellow-throated Warbler",1
"8188",186,1,"Acadian Flycatcher",1200
"8189",186,1,"American Crow",1198
"8190",186,1,"American Goldfinch",1199
"8191",186,1,"American Redstart",1200
"8192",186,1,"Barred Owl",1191
"8193",186,1,"Belted Kingfisher",1199
"8194",186,1,"Black Vulture",1131
"8195",186,1,"Black-and-white Warbler",1200
"8196",186,1,"Blue Grosbeak",1200
"8197",186,1,"Blue Jay",1197
"8198",186,1,"Blue-gray Gnatcatcher",1200
"8199",186,1,"Brown Thrasher",879
"8200",186,1,"Brown-headed Cowbird",1200
"8201",186,1,"Brown-headed Nuthatch",1196
"8202",186,1,"Carolina Chickadee",1200
"8203",186,1,"Carolina Wren",1184
"8204",186,1,"Chimney Swift",1175
"8205",186,1,"Chipping Sparrow",1200
"8206",186,1,"Common Grackle",1158
"8207",186,1,"Common Yellowthroat",1200
"8208",186,1,"Downy Woodpecker",1199
"8209",186,1,"Eastern Bluebird",1179
"8210",186,1,"Eastern Kingbird",1200
"8211",186,1,"Eastern Phoebe",1187
"8212",186,1,"Eastern Towhee",1200
"8213",186,1,"Eastern Wood-Pewee",1200
"8214",186,1,"European Starling",87
"8215",186,1,"Fish Crow",1042
"8216",186,1,"Great Blue Heron",1051
"8217",186,1,"Great Crested Flycatcher",1200
"8218",186,1,"Hairy Woodpecker",1176
"8219",186,1,"House Finch",894
"8220",186,1,"Indigo Bunting",1200
"8221",186,1,"Killdeer",316
"8222",186,1,"Mourning Dove",1200
"8223",186,1,"Northern Cardinal",1198
"8224",186,1,"Northern Flicker",1199
"8225",186,1,"Northern Mockingbird",968
"8226",186,1,"Northern Parula",1200
"8227",186,1,"Osprey",1196
"8228",186,1,"Ovenbird",1200
"8229",186,1,"Pileated Woodpecker",1200
"8230",186,1,"Pine Warbler",1200
"8231",186,1,"Red-bellied Woodpecker",1198
"8232",186,1,"Red-eyed Vireo",1199
"8233",186,1,"Red-headed Woodpecker",1199
"8234",186,1,"Red-shouldered Hawk",1175
"8235",186,1,"Red-tailed Hawk",1200
"8236",186,1,"Red-winged Blackbird",1140
"8237",186,1,"Ruby-throated Hummingbird",1200
"8238",186,1,"Scarlet Tanager",1200
"8239",186,1,"Summer Tanager",1200
"8240",186,1,"Tufted Titmouse",1200
"8241",186,1,"Turkey Vulture",16
"8242",186,1,"White-breasted Nuthatch",1199
"8243",186,1,"White-eyed Vireo",1198
"8244",186,1,"Yellow-billed Cuckoo",1200
"8245",186,1,"Yellow-throated Vireo",1200
"8246",186,1,"Yellow-throated Warbler",1200
"8247",186,2,"Acadian Flycatcher",1200
"8248",186,2,"American Crow",1168
"8249",186,2,"American Goldfinch",1179
"8250",186,2,"American Redstart",1200
"8251",186,2,"Barred Owl",1132
"8252",186,2,"Belted Kingfisher",1196
"8253",186,2,"Black Vulture",1094
"8254",186,2,"Black-and-white Warbler",1200
"8255",186,2,"Blue Grosbeak",1200
"8256",186,2,"Blue Jay",1074
"8257",186,2,"Blue-gray Gnatcatcher",1197
"8258",186,2,"Brown Thrasher",921
"8259",186,2,"Brown-headed Cowbird",1200
"8260",186,2,"Brown-headed Nuthatch",1185
"8261",186,2,"Carolina Chickadee",1193
"8262",186,2,"Carolina Wren",1107
"8263",186,2,"Chimney Swift",1192
"8264",186,2,"Chipping Sparrow",1199
"8265",186,2,"Common Grackle",1041
"8266",186,2,"Common Yellowthroat",1195
"8267",186,2,"Downy Woodpecker",1198
"8268",186,2,"Eastern Bluebird",1193
"8269",186,2,"Eastern Kingbird",1199
"8270",186,2,"Eastern Phoebe",1115
"8271",186,2,"Eastern Towhee",1199
"8272",186,2,"Eastern Wood-Pewee",1200
"8273",186,2,"European Starling",572
"8274",186,2,"Fish Crow",876
"8275",186,2,"Great Blue Heron",994
"8276",186,2,"Great Crested Flycatcher",1193
"8277",186,2,"Hairy Woodpecker",1185
"8278",186,2,"House Finch",1141
"8279",186,2,"Indigo Bunting",1200
"8280",186,2,"Killdeer",936
"8281",186,2,"Mourning Dove",1195
"8282",186,2,"Northern Cardinal",1186
"8283",186,2,"Northern Flicker",1145
"8284",186,2,"Northern Mockingbird",885
"8285",186,2,"Northern Parula",1200
"8286",186,2,"Osprey",1181
"8287",186,2,"Ovenbird",1199
"8288",186,2,"Pileated Woodpecker",1191
"8289",186,2,"Pine Warbler",1200
"8290",186,2,"Red-bellied Woodpecker",1175
"8291",186,2,"Red-eyed Vireo",677
"8292",186,2,"Red-headed Woodpecker",1188
"8293",186,2,"Red-shouldered Hawk",1057
"8294",186,2,"Red-tailed Hawk",1197
"8295",186,2,"Red-winged Blackbird",1154
"8296",186,2,"Ruby-throated Hummingbird",1199
"8297",186,2,"Scarlet Tanager",1196
"8298",186,2,"Summer Tanager",1199
"8299",186,2,"Tufted Titmouse",1194
"8300",186,2,"Turkey Vulture",10
"8301",186,2,"White-breasted Nuthatch",1105
"8302",186,2,"White-eyed Vireo",1186
"8303",186,2,"Yellow-billed Cuckoo",1200
"8304",186,2,"Yellow-throated Vireo",1185
"8305",186,2,"Yellow-throated Warbler",1200
"8306",186,3,"Acadian Flycatcher",1198
"8307",186,3,"American Crow",1146
"8308",186,3,"American Goldfinch",1184
"8309",186,3,"American Redstart",1197
"8310",186,3,"Barred Owl",1112
"8311",186,3,"Belted Kingfisher",1192
"8312",186,3,"Black Vulture",1089
"8313",186,3,"Black-and-white Warbler",1199
"8314",186,3,"Blue Grosbeak",1196
"8315",186,3,"Blue Jay",1107
"8316",186,3,"Blue-gray Gnatcatcher",1199
"8317",186,3,"Brown Thrasher",835
"8318",186,3,"Brown-headed Cowbird",1198
"8319",186,3,"Brown-headed Nuthatch",1176
"8320",186,3,"Carolina Chickadee",1187
"8321",186,3,"Carolina Wren",1124
"8322",186,3,"Chimney Swift",1189
"8323",186,3,"Chipping Sparrow",1196
"8324",186,3,"Common Grackle",1051
"8325",186,3,"Common Yellowthroat",1187
"8326",186,3,"Downy Woodpecker",1193
"8327",186,3,"Eastern Bluebird",1192
"8328",186,3,"Eastern Kingbird",1192
"8329",186,3,"Eastern Phoebe",1098
"8330",186,3,"Eastern Towhee",1198
"8331",186,3,"Eastern Wood-Pewee",1196
"8332",186,3,"European Starling",661
"8333",186,3,"Fish Crow",870
"8334",186,3,"Great Blue Heron",831
"8335",186,3,"Great Crested Flycatcher",1181
"8336",186,3,"Hairy Woodpecker",1187
"8337",186,3,"House Finch",1162
"8338",186,3,"Indigo Bunting",1198
"8339",186,3,"Killdeer",907
"8340",186,3,"Mourning Dove",1187
"8341",186,3,"Northern Cardinal",1187
"8342",186,3,"Northern Flicker",1156
"8343",186,3,"Northern Mockingbird",942
"8344",186,3,"Northern Parula",1198
"8345",186,3,"Osprey",1145
"8346",186,3,"Ovenbird",1195
"8347",186,3,"Pileated Woodpecker",1172
"8348",186,3,"Pine Warbler",1198
"8349",186,3,"Red-bellied Woodpecker",1153
"8350",186,3,"Red-eyed Vireo",927
"8351",186,3,"Red-headed Woodpecker",1144
"8352",186,3,"Red-shouldered Hawk",1045
"8353",186,3,"Red-tailed Hawk",1194
"8354",186,3,"Red-winged Blackbird",1145
"8355",186,3,"Ruby-throated Hummingbird",1186
"8356",186,3,"Scarlet Tanager",1186
"8357",186,3,"Summer Tanager",1197
"8358",186,3,"Tufted Titmouse",1191
"8359",186,3,"Turkey Vulture",81
"8360",186,3,"White-breasted Nuthatch",1116
"8361",186,3,"White-eyed Vireo",1181
"8362",186,3,"Yellow-billed Cuckoo",1193
"8363",186,3,"Yellow-throated Vireo",1140
"8364",186,3,"Yellow-throated Warbler",1197
"8365",187,0,"Acadian Flycatcher",1
"8366",187,0,"American Crow",1
"8367",187,0,"American Goldfinch",1
"8368",187,0,"American Redstart",1
"8369",187,0,"Barred Owl",1
"8370",187,0,"Belted Kingfisher",1
"8371",187,0,"Black Vulture",1
"8372",187,0,"Black-and-white Warbler",1
"8373",187,0,"Blue Grosbeak",1
"8374",187,0,"Blue Jay",1
"8375",187,0,"Blue-gray Gnatcatcher",1
"8376",187,0,"Brown Thrasher",1
"8377",187,0,"Brown-headed Cowbird",1
"8378",187,0,"Brown-headed Nuthatch",1
"8379",187,0,"Carolina Chickadee",1
"8380",187,0,"Carolina Wren",1
"8381",187,0,"Chimney Swift",1
"8382",187,0,"Chipping Sparrow",1
"8383",187,0,"Common Grackle",1
"8384",187,0,"Common Yellowthroat",1
"8385",187,0,"Downy Woodpecker",1
"8386",187,0,"Eastern Bluebird",1
"8387",187,0,"Eastern Kingbird",1
"8388",187,0,"Eastern Phoebe",1
"8389",187,0,"Eastern Towhee",1
"8390",187,0,"Eastern Wood-Pewee",1
"8391",187,0,"Fish Crow",1
"8392",187,0,"Great Blue Heron",1
"8393",187,0,"Great Crested Flycatcher",1
"8394",187,0,"Hairy Woodpecker",1
"8395",187,0,"House Finch",1
"8396",187,0,"Indigo Bunting",1
"8397",187,0,"Mourning Dove",1
"8398",187,0,"Northern Cardinal",1
"8399",187,0,"Northern Flicker",1
"8400",187,0,"Northern Parula",1
"8401",187,0,"Osprey",1
"8402",187,0,"Ovenbird",1
"8403",187,0,"Pileated Woodpecker",1
"8404",187,0,"Pine Warbler",1
"8405",187,0,"Red-bellied Woodpecker",1
"8406",187,0,"Red-eyed Vireo",1
"8407",187,0,"Red-headed Woodpecker",1
"8408",187,0,"Red-shouldered Hawk",1
"8409",187,0,"Red-tailed Hawk",1
"8410",187,0,"Red-winged Blackbird",1
"8411",187,0,"Ruby-throated Hummingbird",1
"8412",187,0,"Scarlet Tanager",1
"8413",187,0,"Summer Tanager",1
"8414",187,0,"Tufted Titmouse",1
"8415",187,0,"White-breasted Nuthatch",1
"8416",187,0,"White-eyed Vireo",1
"8417",187,0,"Yellow-billed Cuckoo",1
"8418",187,0,"Yellow-throated Vireo",1
"8419",187,0,"Yellow-throated Warbler",1
"8420",187,1,"Acadian Flycatcher",1200
"8421",187,1,"American Crow",1198
"8422",187,1,"American Goldfinch",1200
"8423",187,1,"American Redstart",1200
"8424",187,1,"Barred Owl",1199
"8425",187,1,"Belted Kingfisher",1200
"8426",187,1,"Black Vulture",1111
"8427",187,1,"Black-and-white Warbler",1200
"8428",187,1,"Blue Grosbeak",1200
"8429",187,1,"Blue Jay",1200
"8430",187,1,"Blue-gray Gnatcatcher",1199
"8431",187,1,"Brown Thrasher",979
"8432",187,1,"Brown-headed Cowbird",1200
"8433",187,1,"Brown-headed Nuthatch",1200
"8434",187,1,"Carolina Chickadee",1199
"8435",187,1,"Carolina Wren",1187
"8436",187,1,"Chimney Swift",1184
"8437",187,1,"Chipping Sparrow",1200
"8438",187,1,"Common Grackle",1193
"8439",187,1,"Common Yellowthroat",1200
"8440",187,1,"Downy Woodpecker",1200
"8441",187,1,"Eastern Bluebird",1196
"8442",187,1,"Eastern Kingbird",1195
"8443",187,1,"Eastern Phoebe",1198
"8444",187,1,"Eastern Towhee",1200
"8445",187,1,"Eastern Wood-Pewee",1200
"8446",187,1,"European Starling",256
"8447",187,1,"Fish Crow",1080
"8448",187,1,"Great Blue Heron",1160
"8449",187,1,"Great Crested Flycatcher",1200
"8450",187,1,"Hairy Woodpecker",1200
"8451",187,1,"House Finch",1058
"8452",187,1,"Indigo Bunting",1200
"8453",187,1,"Killdeer",460
"8454",187,1,"Mourning Dove",1200
"8455",187,1,"Northern Cardinal",1198
"8456",187,1,"Northern Flicker",1199
"8457",187,1,"Northern Mockingbird",1002
"8458",187,1,"Northern Parula",1200
"8459",187,1,"Osprey",1197
"8460",187,1,"Ovenbird",1200
"8461",187,1,"Pileated Woodpecker",1200
"8462",187,1,"Pine Warbler",1200
"8463",187,1,"Red-bellied Woodpecker",1200
"8464",187,1,"Red-eyed Vireo",1193
"8465",187,1,"Red-headed Woodpecker",1200
"8466",187,1,"Red-shouldered Hawk",1193
"8467",187,1,"Red-tailed Hawk",1200
"8468",187,1,"Red-winged Blackbird",1155
"8469",187,1,"Ruby-throated Hummingbird",1200
"8470",187,1,"Scarlet Tanager",1200
"8471",187,1,"Summer Tanager",1200
"8472",187,1,"Tufted Titmouse",1200
"8473",187,1,"Turkey Vulture",26
"8474",187,1,"White-breasted Nuthatch",1198
"8475",187,1,"White-eyed Vireo",1200
"8476",187,1,"Yellow-billed Cuckoo",1200
"8477",187,1,"Yellow-throated Vireo",1199
"8478",187,1,"Yellow-throated Warbler",1200
"8479",187,2,"Acadian Flycatcher",1200
"8480",187,2,"American Crow",1194
"8481",187,2,"American Goldfinch",1193
"8482",187,2,"American Redstart",1200
"8483",187,2,"Barred Owl",1198
"8484",187,2,"Belted Kingfisher",1198
"8485",187,2,"Black Vulture",1165
"8486",187,2,"Black-and-white Warbler",1200
"8487",187,2,"Blue Grosbeak",1198
"8488",187,2,"Blue Jay",1200
"8489",187,2,"Blue-gray Gnatcatcher",1200
"8490",187,2,"Brown Thrasher",1098
"8491",187,2,"Brown-headed Cowbird",1200
"8492",187,2,"Brown-headed Nuthatch",1191
"8493",187,2,"Carolina Chickadee",1200
"8494",187,2,"Carolina Wren",1179
"8495",187,2,"Chimney Swift",1172
"8496",187,2,"Chipping Sparrow",1198
"8497",187,2,"Common Grackle",1182
"8498",187,2,"Common Yellowthroat",1200
"8499",187,2,"Downy Woodpecker",1200
"8500",187,2,"Eastern Bluebird",1195
"8501",187,2,"Eastern Kingbird",1190
"8502",187,2,"Eastern Phoebe",1168
"8503",187,2,"Eastern Towhee",1200
"8504",187,2,"Eastern Wood-Pewee",1200
"8505",187,2,"European Starling",691
"8506",187,2,"Fish Crow",1117
"8507",187,2,"Great Blue Heron",1185
"8508",187,2,"Great Crested Flycatcher",1200
"8509",187,2,"Hairy Woodpecker",1200
"8510",187,2,"House Finch",1107
"8511",187,2,"Indigo Bunting",1198
"8512",187,2,"Killdeer",913
"8513",187,2,"Mourning Dove",1193
"8514",187,2,"Northern Cardinal",1198
"8515",187,2,"Northern Flicker",1196
"8516",187,2,"Northern Mockingbird",1031
"8517",187,2,"Northern Parula",1200
"8518",187,2,"Osprey",1179
"8519",187,2,"Ovenbird",1200
"8520",187,2,"Pileated Woodpecker",1200
"8521",187,2,"Pine Warbler",1200
"8522",187,2,"Red-bellied Woodpecker",1200
"8523",187,2,"Red-eyed Vireo",1175
"8524",187,2,"Red-headed Woodpecker",1199
"8525",187,2,"Red-shouldered Hawk",1195
"8526",187,2,"Red-tailed Hawk",1198
"8527",187,2,"Red-winged Blackbird",1175
"8528",187,2,"Ruby-throated Hummingbird",1200
"8529",187,2,"Scarlet Tanager",1200
"8530",187,2,"Summer Tanager",1200
"8531",187,2,"Tufted Titmouse",1200
"8532",187,2,"Turkey Vulture",34
"8533",187,2,"White-breasted Nuthatch",1196
"8534",187,2,"White-eyed Vireo",1196
"8535",187,2,"Yellow-billed Cuckoo",1200
"8536",187,2,"Yellow-throated Vireo",1199
"8537",187,2,"Yellow-throated Warbler",1200
"8538",187,3,"Acadian Flycatcher",1199
"8539",187,3,"American Crow",1190
"8540",187,3,"American Goldfinch",1175
"8541",187,3,"American Redstart",1199
"8542",187,3,"Barred Owl",1183
"8543",187,3,"Belted Kingfisher",1158
"8544",187,3,"Black Vulture",905
"8545",187,3,"Black-and-white Warbler",1199
"8546",187,3,"Blue Grosbeak",1195
"8547",187,3,"Blue Jay",1188
"8548",187,3,"Blue-gray Gnatcatcher",1191
"8549",187,3,"Brown Thrasher",764
"8550",187,3,"Brown-headed Cowbird",1198
"8551",187,3,"Brown-headed Nuthatch",1197
"8552",187,3,"Carolina Chickadee",1166
"8553",187,3,"Carolina Wren",960
"8554",187,3,"Chimney Swift",1030
"8555",187,3,"Chipping Sparrow",1184
"8556",187,3,"Common Grackle",977
"8557",187,3,"Common Yellowthroat",1195
"8558",187,3,"Downy Woodpecker",1195
"8559",187,3,"Eastern Bluebird",1076
"8560",187,3,"Eastern Kingbird",1125
"8561",187,3,"Eastern Phoebe",1166
"8562",187,3,"Eastern Towhee",1194
"8563",187,3,"Eastern Wood-Pewee",1199
"8564",187,3,"European Starling",389
"8565",187,3,"Fish Crow",852
"8566",187,3,"Great Blue Heron",1064
"8567",187,3,"Great Crested Flycatcher",1198
"8568",187,3,"Hairy Woodpecker",1190
"8569",187,3,"House Finch",886
"8570",187,3,"Indigo Bunting",1199
"8571",187,3,"Killdeer",775
"8572",187,3,"Mourning Dove",1094
"8573",187,3,"Northern Cardinal",1169
"8574",187,3,"Northern Flicker",1076
"8575",187,3,"Northern Mockingbird",722
"8576",187,3,"Northern Parula",1199
"8577",187,3,"Osprey",1097
"8578",187,3,"Ovenbird",1199
"8579",187,3,"Pileated Woodpecker",1197
"8580",187,3,"Pine Warbler",1198
"8581",187,3,"Red-bellied Woodpecker",1162
"8582",187,3,"Red-eyed Vireo",1174
"8583",187,3,"Red-headed Woodpecker",1147
"8584",187,3,"Red-shouldered Hawk",988
"8585",187,3,"Red-tailed Hawk",1194
"8586",187,3,"Red-winged Blackbird",1038
"8587",187,3,"Ruby-throated Hummingbird",1197
"8588",187,3,"Scarlet Tanager",1197
"8589",187,3,"Summer Tanager",1195
"8590",187,3,"Tufted Titmouse",1198
"8591",187,3,"Turkey Vulture",28
"8592",187,3,"White-breasted Nuthatch",1042
"8593",187,3,"White-eyed Vireo",1196
"8594",187,3,"Yellow-billed Cuckoo",1199
"8595",187,3,"Yellow-throated Vireo",1199
"8596",187,3,"Yellow-throated Warbler",1199
"8597",188,0,"Acadian Flycatcher",1
"8598",188,0,"American Crow",1
"8599",188,0,"American Goldfinch",1
"8600",188,0,"American Redstart",1
"8601",188,0,"Barred Owl",1
"8602",188,0,"Belted Kingfisher",1
"8603",188,0,"Black Vulture",1
"8604",188,0,"Black-and-white Warbler",1
"8605",188,0,"Blue Grosbeak",1
"8606",188,0,"Blue Jay",1
"8607",188,0,"Blue-gray Gnatcatcher",1
"8608",188,0,"Brown Thrasher",1
"8609",188,0,"Brown-headed Cowbird",1
"8610",188,0,"Brown-headed Nuthatch",1
"8611",188,0,"Carolina Chickadee",1
"8612",188,0,"Carolina Wren",1
"8613",188,0,"Chimney Swift",1
"8614",188,0,"Chipping Sparrow",1
"8615",188,0,"Common Grackle",1
"8616",188,0,"Common Yellowthroat",1
"8617",188,0,"Downy Woodpecker",1
"8618",188,0,"Eastern Bluebird",1
"8619",188,0,"Eastern Kingbird",1
"8620",188,0,"Eastern Phoebe",1
"8621",188,0,"Eastern Towhee",1
"8622",188,0,"Eastern Wood-Pewee",1
"8623",188,0,"Fish Crow",1
"8624",188,0,"Great Blue Heron",1
"8625",188,0,"Great Crested Flycatcher",1
"8626",188,0,"Hairy Woodpecker",1
"8627",188,0,"House Finch",1
"8628",188,0,"Indigo Bunting",1
"8629",188,0,"Killdeer",1
"8630",188,0,"Mourning Dove",1
"8631",188,0,"Northern Cardinal",1
"8632",188,0,"Northern Flicker",1
"8633",188,0,"Northern Mockingbird",1
"8634",188,0,"Northern Parula",1
"8635",188,0,"Osprey",1
"8636",188,0,"Ovenbird",1
"8637",188,0,"Pileated Woodpecker",1
"8638",188,0,"Pine Warbler",1
"8639",188,0,"Red-bellied Woodpecker",1
"8640",188,0,"Red-eyed Vireo",1
"8641",188,0,"Red-headed Woodpecker",1
"8642",188,0,"Red-shouldered Hawk",1
"8643",188,0,"Red-tailed Hawk",1
"8644",188,0,"Red-winged Blackbird",1
"8645",188,0,"Ruby-throated Hummingbird",1
"8646",188,0,"Scarlet Tanager",1
"8647",188,0,"Summer Tanager",1
"8648",188,0,"Tufted Titmouse",1
"8649",188,0,"White-breasted Nuthatch",1
"8650",188,0,"White-eyed Vireo",1
"8651",188,0,"Yellow-billed Cuckoo",1
"8652",188,0,"Yellow-throated Vireo",1
"8653",188,0,"Yellow-throated Warbler",1
"8654",188,1,"Acadian Flycatcher",1200
"8655",188,1,"American Crow",1149
"8656",188,1,"American Goldfinch",1192
"8657",188,1,"American Redstart",1200
"8658",188,1,"Barred Owl",1166
"8659",188,1,"Belted Kingfisher",1199
"8660",188,1,"Black Vulture",1133
"8661",188,1,"Black-and-white Warbler",1200
"8662",188,1,"Blue Grosbeak",1200
"8663",188,1,"Blue Jay",1156
"8664",188,1,"Blue-gray Gnatcatcher",1200
"8665",188,1,"Brown Thrasher",636
"8666",188,1,"Brown-headed Cowbird",1200
"8667",188,1,"Brown-headed Nuthatch",1183
"8668",188,1,"Carolina Chickadee",1196
"8669",188,1,"Carolina Wren",1131
"8670",188,1,"Chimney Swift",1183
"8671",188,1,"Chipping Sparrow",1200
"8672",188,1,"Common Grackle",1141
"8673",188,1,"Common Yellowthroat",1198
"8674",188,1,"Downy Woodpecker",1129
"8675",188,1,"Eastern Bluebird",1196
"8676",188,1,"Eastern Kingbird",1191
"8677",188,1,"Eastern Phoebe",1145
"8678",188,1,"Eastern Towhee",1200
"8679",188,1,"Eastern Wood-Pewee",1200
"8680",188,1,"European Starling",193
"8681",188,1,"Fish Crow",913
"8682",188,1,"Great Blue Heron",788
"8683",188,1,"Great Crested Flycatcher",1184
"8684",188,1,"Hairy Woodpecker",1169
"8685",188,1,"House Finch",1150
"8686",188,1,"Indigo Bunting",1200
"8687",188,1,"Killdeer",436
"8688",188,1,"Mourning Dove",1188
"8689",188,1,"Northern Cardinal",1181
"8690",188,1,"Northern Flicker",1120
"8691",188,1,"Northern Mockingbird",855
"8692",188,1,"Northern Parula",1200
"8693",188,1,"Osprey",1195
"8694",188,1,"Ovenbird",1198
"8695",188,1,"Pileated Woodpecker",1200
"8696",188,1,"Pine Warbler",1200
"8697",188,1,"Red-bellied Woodpecker",1149
"8698",188,1,"Red-eyed Vireo",1043
"8699",188,1,"Red-headed Woodpecker",1179
"8700",188,1,"Red-shouldered Hawk",1086
"8701",188,1,"Red-tailed Hawk",1200
"8702",188,1,"Red-winged Blackbird",1147
"8703",188,1,"Ruby-throated Hummingbird",1200
"8704",188,1,"Scarlet Tanager",1183
"8705",188,1,"Summer Tanager",1200
"8706",188,1,"Tufted Titmouse",1195
"8707",188,1,"Turkey Vulture",10
"8708",188,1,"White-breasted Nuthatch",1127
"8709",188,1,"White-eyed Vireo",1134
"8710",188,1,"Yellow-billed Cuckoo",1200
"8711",188,1,"Yellow-throated Vireo",1184
"8712",188,1,"Yellow-throated Warbler",1200
"8713",188,2,"Acadian Flycatcher",1200
"8714",188,2,"American Crow",1093
"8715",188,2,"American Goldfinch",1178
"8716",188,2,"American Redstart",1199
"8717",188,2,"Barred Owl",1140
"8718",188,2,"Belted Kingfisher",1195
"8719",188,2,"Black Vulture",1038
"8720",188,2,"Black-and-white Warbler",1200
"8721",188,2,"Blue Grosbeak",1193
"8722",188,2,"Blue Jay",1086
"8723",188,2,"Blue-gray Gnatcatcher",1200
"8724",188,2,"Brown Thrasher",577
"8725",188,2,"Brown-headed Cowbird",1200
"8726",188,2,"Brown-headed Nuthatch",1154
"8727",188,2,"Carolina Chickadee",1189
"8728",188,2,"Carolina Wren",1007
"8729",188,2,"Chimney Swift",1156
"8730",188,2,"Chipping Sparrow",1199
"8731",188,2,"Common Grackle",1066
"8732",188,2,"Common Yellowthroat",1190
"8733",188,2,"Downy Woodpecker",1081
"8734",188,2,"Eastern Bluebird",1196
"8735",188,2,"Eastern Kingbird",1179
"8736",188,2,"Eastern Phoebe",1030
"8737",188,2,"Eastern Towhee",1200
"8738",188,2,"Eastern Wood-Pewee",1199
"8739",188,2,"European Starling",384
"8740",188,2,"Fish Crow",734
"8741",188,2,"Great Blue Heron",839
"8742",188,2,"Great Crested Flycatcher",1169
"8743",188,2,"Hairy Woodpecker",1149
"8744",188,2,"House Finch",1112
"8745",188,2,"Indigo Bunting",1199
"8746",188,2,"Killdeer",587
"8747",188,2,"Mourning Dove",1167
"8748",188,2,"Northern Cardinal",1164
"8749",188,2,"Northern Flicker",993
"8750",188,2,"Northern Mockingbird",550
"8751",188,2,"Northern Parula",1200
"8752",188,2,"Osprey",1127
"8753",188,2,"Ovenbird",1199
"8754",188,2,"Pileated Woodpecker",1183
"8755",188,2,"Pine Warbler",1198
"8756",188,2,"Red-bellied Woodpecker",1063
"8757",188,2,"Red-eyed Vireo",840
"8758",188,2,"Red-headed Woodpecker",1127
"8759",188,2,"Red-shouldered Hawk",927
"8760",188,2,"Red-tailed Hawk",1199
"8761",188,2,"Red-winged Blackbird",1041
"8762",188,2,"Ruby-throated Hummingbird",1197
"8763",188,2,"Scarlet Tanager",1176
"8764",188,2,"Summer Tanager",1200
"8765",188,2,"Tufted Titmouse",1186
"8766",188,2,"Turkey Vulture",16
"8767",188,2,"White-breasted Nuthatch",1008
"8768",188,2,"White-eyed Vireo",1057
"8769",188,2,"Yellow-billed Cuckoo",1197
"8770",188,2,"Yellow-throated Vireo",1167
"8771",188,2,"Yellow-throated Warbler",1199
"8772",188,3,"Acadian Flycatcher",1199
"8773",188,3,"American Crow",1054
"8774",188,3,"American Goldfinch",1164
"8775",188,3,"American Redstart",1195
"8776",188,3,"Barred Owl",1105
"8777",188,3,"Belted Kingfisher",1193
"8778",188,3,"Black Vulture",1037
"8779",188,3,"Black-and-white Warbler",1197
"8780",188,3,"Blue Grosbeak",1196
"8781",188,3,"Blue Jay",1046
"8782",188,3,"Blue-gray Gnatcatcher",1198
"8783",188,3,"Brown Thrasher",728
"8784",188,3,"Brown-headed Cowbird",1199
"8785",188,3,"Brown-headed Nuthatch",1124
"8786",188,3,"Carolina Chickadee",1158
"8787",188,3,"Carolina Wren",1021
"8788",188,3,"Chimney Swift",1157
"8789",188,3,"Chipping Sparrow",1199
"8790",188,3,"Common Grackle",1053
"8791",188,3,"Common Yellowthroat",1185
"8792",188,3,"Downy Woodpecker",1112
"8793",188,3,"Eastern Bluebird",1193
"8794",188,3,"Eastern Kingbird",1187
"8795",188,3,"Eastern Phoebe",1004
"8796",188,3,"Eastern Towhee",1199
"8797",188,3,"Eastern Wood-Pewee",1197
"8798",188,3,"European Starling",586
"8799",188,3,"Fish Crow",871
"8800",188,3,"Great Blue Heron",797
"8801",188,3,"Great Crested Flycatcher",1158
"8802",188,3,"Hairy Woodpecker",1120
"8803",188,3,"House Finch",1156
"8804",188,3,"Indigo Bunting",1198
"8805",188,3,"Killdeer",880
"8806",188,3,"Mourning Dove",1152
"8807",188,3,"Northern Cardinal",1137
"8808",188,3,"Northern Flicker",1042
"8809",188,3,"Northern Mockingbird",861
"8810",188,3,"Northern Parula",1192
"8811",188,3,"Osprey",1148
"8812",188,3,"Ovenbird",1191
"8813",188,3,"Pileated Woodpecker",1182
"8814",188,3,"Pine Warbler",1194
"8815",188,3,"Red-bellied Woodpecker",1084
"8816",188,3,"Red-eyed Vireo",872
"8817",188,3,"Red-headed Woodpecker",1085
"8818",188,3,"Red-shouldered Hawk",965
"8819",188,3,"Red-tailed Hawk",1195
"8820",188,3,"Red-winged Blackbird",1088
"8821",188,3,"Ruby-throated Hummingbird",1180
"8822",188,3,"Scarlet Tanager",1171
"8823",188,3,"Summer Tanager",1194
"8824",188,3,"Tufted Titmouse",1164
"8825",188,3,"Turkey Vulture",110
"8826",188,3,"White-breasted Nuthatch",1008
"8827",188,3,"White-eyed Vireo",1107
"8828",188,3,"Yellow-billed Cuckoo",1193
"8829",188,3,"Yellow-throated Vireo",1117
"8830",188,3,"Yellow-throated Warbler",1190
"8831",189,0,"Acadian Flycatcher",1
"8832",189,0,"American Crow",1
"8833",189,0,"American Goldfinch",1
"8834",189,0,"American Redstart",1
"8835",189,0,"Barred Owl",1
"8836",189,0,"Belted Kingfisher",1
"8837",189,0,"Black Vulture",1
"8838",189,0,"Black-and-white Warbler",1
"8839",189,0,"Blue Grosbeak",1
"8840",189,0,"Blue Jay",1
"8841",189,0,"Blue-gray Gnatcatcher",1
"8842",189,0,"Brown Thrasher",1
"8843",189,0,"Brown-headed Cowbird",1
"8844",189,0,"Brown-headed Nuthatch",1
"8845",189,0,"Carolina Chickadee",1
"8846",189,0,"Carolina Wren",1
"8847",189,0,"Chimney Swift",1
"8848",189,0,"Chipping Sparrow",1
"8849",189,0,"Common Grackle",1
"8850",189,0,"Common Yellowthroat",1
"8851",189,0,"Downy Woodpecker",1
"8852",189,0,"Eastern Bluebird",1
"8853",189,0,"Eastern Kingbird",1
"8854",189,0,"Eastern Phoebe",1
"8855",189,0,"Eastern Towhee",1
"8856",189,0,"Eastern Wood-Pewee",1
"8857",189,0,"European Starling",1
"8858",189,0,"Fish Crow",1
"8859",189,0,"Great Blue Heron",1
"8860",189,0,"Great Crested Flycatcher",1
"8861",189,0,"Hairy Woodpecker",1
"8862",189,0,"House Finch",1
"8863",189,0,"Indigo Bunting",1
"8864",189,0,"Mourning Dove",1
"8865",189,0,"Northern Cardinal",1
"8866",189,0,"Northern Flicker",1
"8867",189,0,"Northern Mockingbird",1
"8868",189,0,"Northern Parula",1
"8869",189,0,"Osprey",1
"8870",189,0,"Ovenbird",1
"8871",189,0,"Pileated Woodpecker",1
"8872",189,0,"Pine Warbler",1
"8873",189,0,"Red-bellied Woodpecker",1
"8874",189,0,"Red-eyed Vireo",1
"8875",189,0,"Red-headed Woodpecker",1
"8876",189,0,"Red-shouldered Hawk",1
"8877",189,0,"Red-tailed Hawk",1
"8878",189,0,"Red-winged Blackbird",1
"8879",189,0,"Ruby-throated Hummingbird",1
"8880",189,0,"Scarlet Tanager",1
"8881",189,0,"Summer Tanager",1
"8882",189,0,"Tufted Titmouse",1
"8883",189,0,"White-breasted Nuthatch",1
"8884",189,0,"White-eyed Vireo",1
"8885",189,0,"Yellow-billed Cuckoo",1
"8886",189,0,"Yellow-throated Vireo",1
"8887",189,0,"Yellow-throated Warbler",1
"8888",189,1,"Acadian Flycatcher",1200
"8889",189,1,"American Crow",1200
"8890",189,1,"American Goldfinch",1200
"8891",189,1,"American Redstart",1200
"8892",189,1,"Barred Owl",1200
"8893",189,1,"Belted Kingfisher",1200
"8894",189,1,"Black Vulture",1193
"8895",189,1,"Black-and-white Warbler",1200
"8896",189,1,"Blue Grosbeak",1200
"8897",189,1,"Blue Jay",1200
"8898",189,1,"Blue-gray Gnatcatcher",1200
"8899",189,1,"Brown Thrasher",1050
"8900",189,1,"Brown-headed Cowbird",1200
"8901",189,1,"Brown-headed Nuthatch",1200
"8902",189,1,"Carolina Chickadee",1200
"8903",189,1,"Carolina Wren",1200
"8904",189,1,"Chimney Swift",1197
"8905",189,1,"Chipping Sparrow",1200
"8906",189,1,"Common Grackle",1199
"8907",189,1,"Common Yellowthroat",1200
"8908",189,1,"Downy Woodpecker",1200
"8909",189,1,"Eastern Bluebird",1199
"8910",189,1,"Eastern Kingbird",1198
"8911",189,1,"Eastern Phoebe",1198
"8912",189,1,"Eastern Towhee",1200
"8913",189,1,"Eastern Wood-Pewee",1200
"8914",189,1,"European Starling",87
"8915",189,1,"Fish Crow",1094
"8916",189,1,"Great Blue Heron",1102
"8917",189,1,"Great Crested Flycatcher",1200
"8918",189,1,"Hairy Woodpecker",1199
"8919",189,1,"House Finch",979
"8920",189,1,"Indigo Bunting",1200
"8921",189,1,"Killdeer",500
"8922",189,1,"Mourning Dove",1200
"8923",189,1,"Northern Cardinal",1200
"8924",189,1,"Northern Flicker",1199
"8925",189,1,"Northern Mockingbird",1086
"8926",189,1,"Northern Parula",1200
"8927",189,1,"Osprey",1200
"8928",189,1,"Ovenbird",1200
"8929",189,1,"Pileated Woodpecker",1200
"8930",189,1,"Pine Warbler",1200
"8931",189,1,"Red-bellied Woodpecker",1200
"8932",189,1,"Red-eyed Vireo",1200
"8933",189,1,"Red-headed Woodpecker",1200
"8934",189,1,"Red-shouldered Hawk",1195
"8935",189,1,"Red-tailed Hawk",1200
"8936",189,1,"Red-winged Blackbird",1193
"8937",189,1,"Ruby-throated Hummingbird",1200
"8938",189,1,"Scarlet Tanager",1200
"8939",189,1,"Summer Tanager",1200
"8940",189,1,"Tufted Titmouse",1200
"8941",189,1,"Turkey Vulture",10
"8942",189,1,"White-breasted Nuthatch",1200
"8943",189,1,"White-eyed Vireo",1200
"8944",189,1,"Yellow-billed Cuckoo",1200
"8945",189,1,"Yellow-throated Vireo",1200
"8946",189,1,"Yellow-throated Warbler",1200
"8947",189,2,"Acadian Flycatcher",1200
"8948",189,2,"American Crow",1198
"8949",189,2,"American Goldfinch",1200
"8950",189,2,"American Redstart",1200
"8951",189,2,"Barred Owl",1186
"8952",189,2,"Belted Kingfisher",1200
"8953",189,2,"Black Vulture",1191
"8954",189,2,"Black-and-white Warbler",1200
"8955",189,2,"Blue Grosbeak",1200
"8956",189,2,"Blue Jay",1188
"8957",189,2,"Blue-gray Gnatcatcher",1200
"8958",189,2,"Brown Thrasher",1017
"8959",189,2,"Brown-headed Cowbird",1200
"8960",189,2,"Brown-headed Nuthatch",1197
"8961",189,2,"Carolina Chickadee",1200
"8962",189,2,"Carolina Wren",1175
"8963",189,2,"Chimney Swift",1196
"8964",189,2,"Chipping Sparrow",1200
"8965",189,2,"Common Grackle",1168
"8966",189,2,"Common Yellowthroat",1200
"8967",189,2,"Downy Woodpecker",1200
"8968",189,2,"Eastern Bluebird",1200
"8969",189,2,"Eastern Kingbird",1200
"8970",189,2,"Eastern Phoebe",1164
"8971",189,2,"Eastern Towhee",1200
"8972",189,2,"Eastern Wood-Pewee",1200
"8973",189,2,"European Starling",355
"8974",189,2,"Fish Crow",1115
"8975",189,2,"Great Blue Heron",1129
"8976",189,2,"Great Crested Flycatcher",1200
"8977",189,2,"Hairy Woodpecker",1200
"8978",189,2,"House Finch",1173
"8979",189,2,"Indigo Bunting",1200
"8980",189,2,"Killdeer",1010
"8981",189,2,"Mourning Dove",1199
"8982",189,2,"Northern Cardinal",1199
"8983",189,2,"Northern Flicker",1192
"8984",189,2,"Northern Mockingbird",1012
"8985",189,2,"Northern Parula",1200
"8986",189,2,"Osprey",1195
"8987",189,2,"Ovenbird",1199
"8988",189,2,"Pileated Woodpecker",1199
"8989",189,2,"Pine Warbler",1200
"8990",189,2,"Red-bellied Woodpecker",1198
"8991",189,2,"Red-eyed Vireo",1026
"8992",189,2,"Red-headed Woodpecker",1200
"8993",189,2,"Red-shouldered Hawk",1141
"8994",189,2,"Red-tailed Hawk",1200
"8995",189,2,"Red-winged Blackbird",1193
"8996",189,2,"Ruby-throated Hummingbird",1200
"8997",189,2,"Scarlet Tanager",1198
"8998",189,2,"Summer Tanager",1200
"8999",189,2,"Tufted Titmouse",1199
"9000",189,2,"Turkey Vulture",10
"9001",189,2,"White-breasted Nuthatch",1194
"9002",189,2,"White-eyed Vireo",1198
"9003",189,2,"Yellow-billed Cuckoo",1200
"9004",189,2,"Yellow-throated Vireo",1199
"9005",189,2,"Yellow-throated Warbler",1200
"9006",189,3,"Acadian Flycatcher",1199
"9007",189,3,"American Crow",1198
"9008",189,3,"American Goldfinch",1198
"9009",189,3,"American Redstart",1199
"9010",189,3,"Barred Owl",1193
"9011",189,3,"Belted Kingfisher",1199
"9012",189,3,"Black Vulture",1168
"9013",189,3,"Black-and-white Warbler",1199
"9014",189,3,"Blue Grosbeak",1199
"9015",189,3,"Blue Jay",1196
"9016",189,3,"Blue-gray Gnatcatcher",1199
"9017",189,3,"Brown Thrasher",825
"9018",189,3,"Brown-headed Cowbird",1199
"9019",189,3,"Brown-headed Nuthatch",1196
"9020",189,3,"Carolina Chickadee",1199
"9021",189,3,"Carolina Wren",1186
"9022",189,3,"Chimney Swift",1188
"9023",189,3,"Chipping Sparrow",1199
"9024",189,3,"Common Grackle",1176
"9025",189,3,"Common Yellowthroat",1199
"9026",189,3,"Downy Woodpecker",1197
"9027",189,3,"Eastern Bluebird",1193
"9028",189,3,"Eastern Kingbird",1195
"9029",189,3,"Eastern Phoebe",1192
"9030",189,3,"Eastern Towhee",1199
"9031",189,3,"Eastern Wood-Pewee",1199
"9032",189,3,"European Starling",330
"9033",189,3,"Fish Crow",1068
"9034",189,3,"Great Blue Heron",967
"9035",189,3,"Great Crested Flycatcher",1199
"9036",189,3,"Hairy Woodpecker",1199
"9037",189,3,"House Finch",1182
"9038",189,3,"Indigo Bunting",1199
"9039",189,3,"Killdeer",938
"9040",189,3,"Mourning Dove",1188
"9041",189,3,"Northern Cardinal",1199
"9042",189,3,"Northern Flicker",1192
"9043",189,3,"Northern Mockingbird",1049
"9044",189,3,"Northern Parula",1199
"9045",189,3,"Osprey",1186
"9046",189,3,"Ovenbird",1199
"9047",189,3,"Pileated Woodpecker",1198
"9048",189,3,"Pine Warbler",1199
"9049",189,3,"Red-bellied Woodpecker",1198
"9050",189,3,"Red-eyed Vireo",1134
"9051",189,3,"Red-headed Woodpecker",1190
"9052",189,3,"Red-shouldered Hawk",1173
"9053",189,3,"Red-tailed Hawk",1198
"9054",189,3,"Red-winged Blackbird",1185
"9055",189,3,"Ruby-throated Hummingbird",1198
"9056",189,3,"Scarlet Tanager",1199
"9057",189,3,"Summer Tanager",1199
"9058",189,3,"Tufted Titmouse",1199
"9059",189,3,"Turkey Vulture",97
"9060",189,3,"White-breasted Nuthatch",1193
"9061",189,3,"White-eyed Vireo",1193
"9062",189,3,"Yellow-billed Cuckoo",1199
"9063",189,3,"Yellow-throated Vireo",1195
"9064",189,3,"Yellow-throated Warbler",1199
"9065",190,0,"Acadian Flycatcher",1
"9066",190,0,"American Crow",1
"9067",190,0,"American Goldfinch",1
"9068",190,0,"American Redstart",1
"9069",190,0,"Barred Owl",1
"9070",190,0,"Belted Kingfisher",1
"9071",190,0,"Black Vulture",1
"9072",190,0,"Black-and-white Warbler",1
"9073",190,0,"Blue Grosbeak",1
"9074",190,0,"Blue Jay",1
"9075",190,0,"Blue-gray Gnatcatcher",1
"9076",190,0,"Brown Thrasher",1
"9077",190,0,"Brown-headed Cowbird",1
"9078",190,0,"Brown-headed Nuthatch",1
"9079",190,0,"Carolina Chickadee",1
"9080",190,0,"Carolina Wren",1
"9081",190,0,"Chimney Swift",1
"9082",190,0,"Chipping Sparrow",1
"9083",190,0,"Common Grackle",1
"9084",190,0,"Common Yellowthroat",1
"9085",190,0,"Downy Woodpecker",1
"9086",190,0,"Eastern Bluebird",1
"9087",190,0,"Eastern Phoebe",1
"9088",190,0,"Eastern Towhee",1
"9089",190,0,"Eastern Wood-Pewee",1
"9090",190,0,"Fish Crow",1
"9091",190,0,"Great Blue Heron",1
"9092",190,0,"Great Crested Flycatcher",1
"9093",190,0,"Hairy Woodpecker",1
"9094",190,0,"House Finch",1
"9095",190,0,"Indigo Bunting",1
"9096",190,0,"Mourning Dove",1
"9097",190,0,"Northern Cardinal",1
"9098",190,0,"Northern Flicker",1
"9099",190,0,"Northern Parula",1
"9100",190,0,"Osprey",1
"9101",190,0,"Ovenbird",1
"9102",190,0,"Pileated Woodpecker",1
"9103",190,0,"Pine Warbler",1
"9104",190,0,"Red-bellied Woodpecker",1
"9105",190,0,"Red-eyed Vireo",1
"9106",190,0,"Red-headed Woodpecker",1
"9107",190,0,"Red-shouldered Hawk",1
"9108",190,0,"Red-tailed Hawk",1
"9109",190,0,"Red-winged Blackbird",1
"9110",190,0,"Ruby-throated Hummingbird",1
"9111",190,0,"Scarlet Tanager",1
"9112",190,0,"Summer Tanager",1
"9113",190,0,"Tufted Titmouse",1
"9114",190,0,"White-breasted Nuthatch",1
"9115",190,0,"White-eyed Vireo",1
"9116",190,0,"Yellow-billed Cuckoo",1
"9117",190,0,"Yellow-throated Vireo",1
"9118",190,0,"Yellow-throated Warbler",1
"9119",190,1,"Acadian Flycatcher",1200
"9120",190,1,"American Crow",1193
"9121",190,1,"American Goldfinch",1198
"9122",190,1,"American Redstart",1198
"9123",190,1,"Barred Owl",1196
"9124",190,1,"Belted Kingfisher",1197
"9125",190,1,"Black Vulture",1141
"9126",190,1,"Black-and-white Warbler",1199
"9127",190,1,"Blue Grosbeak",1200
"9128",190,1,"Blue Jay",1200
"9129",190,1,"Blue-gray Gnatcatcher",1200
"9130",190,1,"Brown Thrasher",1088
"9131",190,1,"Brown-headed Cowbird",1200
"9132",190,1,"Brown-headed Nuthatch",1198
"9133",190,1,"Carolina Chickadee",1200
"9134",190,1,"Carolina Wren",1193
"9135",190,1,"Chimney Swift",1099
"9136",190,1,"Chipping Sparrow",1192
"9137",190,1,"Common Grackle",1162
"9138",190,1,"Common Yellowthroat",1200
"9139",190,1,"Downy Woodpecker",1200
"9140",190,1,"Eastern Bluebird",1197
"9141",190,1,"Eastern Kingbird",1054
"9142",190,1,"Eastern Phoebe",1148
"9143",190,1,"Eastern Towhee",1200
"9144",190,1,"Eastern Wood-Pewee",1200
"9145",190,1,"European Starling",235
"9146",190,1,"Fish Crow",1054
"9147",190,1,"Great Blue Heron",1006
"9148",190,1,"Great Crested Flycatcher",1200
"9149",190,1,"Hairy Woodpecker",1200
"9150",190,1,"House Finch",1028
"9151",190,1,"Indigo Bunting",1200
"9152",190,1,"Killdeer",391
"9153",190,1,"Mourning Dove",1172
"9154",190,1,"Northern Cardinal",1200
"9155",190,1,"Northern Flicker",1200
"9156",190,1,"Northern Mockingbird",939
"9157",190,1,"Northern Parula",1200
"9158",190,1,"Osprey",1129
"9159",190,1,"Ovenbird",1200
"9160",190,1,"Pileated Woodpecker",1197
"9161",190,1,"Pine Warbler",1200
"9162",190,1,"Red-bellied Woodpecker",1198
"9163",190,1,"Red-eyed Vireo",1195
"9164",190,1,"Red-headed Woodpecker",1191
"9165",190,1,"Red-shouldered Hawk",1172
"9166",190,1,"Red-tailed Hawk",1200
"9167",190,1,"Red-winged Blackbird",1184
"9168",190,1,"Ruby-throated Hummingbird",1199
"9169",190,1,"Scarlet Tanager",1199
"9170",190,1,"Summer Tanager",1200
"9171",190,1,"Tufted Titmouse",1200
"9172",190,1,"Turkey Vulture",48
"9173",190,1,"White-breasted Nuthatch",1192
"9174",190,1,"White-eyed Vireo",1199
"9175",190,1,"Yellow-billed Cuckoo",1200
"9176",190,1,"Yellow-throated Vireo",1199
"9177",190,1,"Yellow-throated Warbler",1199
"9178",190,2,"Acadian Flycatcher",1200
"9179",190,2,"American Crow",1200
"9180",190,2,"American Goldfinch",1200
"9181",190,2,"American Redstart",1200
"9182",190,2,"Barred Owl",1200
"9183",190,2,"Belted Kingfisher",1200
"9184",190,2,"Black Vulture",1198
"9185",190,2,"Black-and-white Warbler",1200
"9186",190,2,"Blue Grosbeak",1200
"9187",190,2,"Blue Jay",1200
"9188",190,2,"Blue-gray Gnatcatcher",1200
"9189",190,2,"Brown Thrasher",1136
"9190",190,2,"Brown-headed Cowbird",1200
"9191",190,2,"Brown-headed Nuthatch",1200
"9192",190,2,"Carolina Chickadee",1199
"9193",190,2,"Carolina Wren",1197
"9194",190,2,"Chimney Swift",1196
"9195",190,2,"Chipping Sparrow",1200
"9196",190,2,"Common Grackle",1194
"9197",190,2,"Common Yellowthroat",1200
"9198",190,2,"Downy Woodpecker",1200
"9199",190,2,"Eastern Bluebird",1200
"9200",190,2,"Eastern Kingbird",1199
"9201",190,2,"Eastern Phoebe",1190
"9202",190,2,"Eastern Towhee",1200
"9203",190,2,"Eastern Wood-Pewee",1200
"9204",190,2,"European Starling",324
"9205",190,2,"Fish Crow",1118
"9206",190,2,"Great Blue Heron",1138
"9207",190,2,"Great Crested Flycatcher",1200
"9208",190,2,"Hairy Woodpecker",1200
"9209",190,2,"House Finch",1134
"9210",190,2,"Indigo Bunting",1200
"9211",190,2,"Killdeer",825
"9212",190,2,"Mourning Dove",1200
"9213",190,2,"Northern Cardinal",1200
"9214",190,2,"Northern Flicker",1196
"9215",190,2,"Northern Mockingbird",1105
"9216",190,2,"Northern Parula",1200
"9217",190,2,"Osprey",1196
"9218",190,2,"Ovenbird",1200
"9219",190,2,"Pileated Woodpecker",1200
"9220",190,2,"Pine Warbler",1200
"9221",190,2,"Red-bellied Woodpecker",1200
"9222",190,2,"Red-eyed Vireo",1175
"9223",190,2,"Red-headed Woodpecker",1200
"9224",190,2,"Red-shouldered Hawk",1193
"9225",190,2,"Red-tailed Hawk",1200
"9226",190,2,"Red-winged Blackbird",1193
"9227",190,2,"Ruby-throated Hummingbird",1200
"9228",190,2,"Scarlet Tanager",1200
"9229",190,2,"Summer Tanager",1200
"9230",190,2,"Tufted Titmouse",1200
"9231",190,2,"White-breasted Nuthatch",1200
"9232",190,2,"White-eyed Vireo",1200
"9233",190,2,"Yellow-billed Cuckoo",1200
"9234",190,2,"Yellow-throated Vireo",1200
"9235",190,2,"Yellow-throated Warbler",1200
"9236",190,3,"Acadian Flycatcher",1199
"9237",190,3,"American Crow",1197
"9238",190,3,"American Goldfinch",1195
"9239",190,3,"American Redstart",1199
"9240",190,3,"Barred Owl",1194
"9241",190,3,"Belted Kingfisher",1199
"9242",190,3,"Black Vulture",1196
"9243",190,3,"Black-and-white Warbler",1199
"9244",190,3,"Blue Grosbeak",1199
"9245",190,3,"Blue Jay",1195
"9246",190,3,"Blue-gray Gnatcatcher",1199
"9247",190,3,"Brown Thrasher",1121
"9248",190,3,"Brown-headed Cowbird",1199
"9249",190,3,"Brown-headed Nuthatch",1198
"9250",190,3,"Carolina Chickadee",1199
"9251",190,3,"Carolina Wren",1196
"9252",190,3,"Chimney Swift",1199
"9253",190,3,"Chipping Sparrow",1199
"9254",190,3,"Common Grackle",1191
"9255",190,3,"Common Yellowthroat",1199
"9256",190,3,"Downy Woodpecker",1199
"9257",190,3,"Eastern Bluebird",1199
"9258",190,3,"Eastern Kingbird",1199
"9259",190,3,"Eastern Phoebe",1187
"9260",190,3,"Eastern Towhee",1199
"9261",190,3,"Eastern Wood-Pewee",1199
"9262",190,3,"European Starling",480
"9263",190,3,"Fish Crow",1142
"9264",190,3,"Great Blue Heron",1133
"9265",190,3,"Great Crested Flycatcher",1199
"9266",190,3,"Hairy Woodpecker",1199
"9267",190,3,"House Finch",1125
"9268",190,3,"Indigo Bunting",1199
"9269",190,3,"Killdeer",842
"9270",190,3,"Mourning Dove",1199
"9271",190,3,"Northern Cardinal",1199
"9272",190,3,"Northern Flicker",1199
"9273",190,3,"Northern Mockingbird",1124
"9274",190,3,"Northern Parula",1199
"9275",190,3,"Osprey",1195
"9276",190,3,"Ovenbird",1199
"9277",190,3,"Pileated Woodpecker",1199
"9278",190,3,"Pine Warbler",1199
"9279",190,3,"Red-bellied Woodpecker",1199
"9280",190,3,"Red-eyed Vireo",1141
"9281",190,3,"Red-headed Woodpecker",1198
"9282",190,3,"Red-shouldered Hawk",1189
"9283",190,3,"Red-tailed Hawk",1199
"9284",190,3,"Red-winged Blackbird",1195
"9285",190,3,"Ruby-throated Hummingbird",1199
"9286",190,3,"Scarlet Tanager",1198
"9287",190,3,"Summer Tanager",1199
"9288",190,3,"Tufted Titmouse",1199
"9289",190,3,"Turkey Vulture",32
"9290",190,3,"White-breasted Nuthatch",1198
"9291",190,3,"White-eyed Vireo",1199
"9292",190,3,"Yellow-billed Cuckoo",1199
"9293",190,3,"Yellow-throated Vireo",1197
"9294",190,3,"Yellow-throated Warbler",1199
"9295",191,0,"Acadian Flycatcher",1
"9296",191,0,"American Crow",1
"9297",191,0,"American Goldfinch",1
"9298",191,0,"American Redstart",1
"9299",191,0,"Barred Owl",1
"9300",191,0,"Belted Kingfisher",1
"9301",191,0,"Black Vulture",1
"9302",191,0,"Black-and-white Warbler",1
"9303",191,0,"Blue Grosbeak",1
"9304",191,0,"Blue Jay",1
"9305",191,0,"Blue-gray Gnatcatcher",1
"9306",191,0,"Brown Thrasher",1
"9307",191,0,"Brown-headed Cowbird",1
"9308",191,0,"Brown-headed Nuthatch",1
"9309",191,0,"Carolina Chickadee",1
"9310",191,0,"Carolina Wren",1
"9311",191,0,"Chimney Swift",1
"9312",191,0,"Chipping Sparrow",1
"9313",191,0,"Common Grackle",1
"9314",191,0,"Common Yellowthroat",1
"9315",191,0,"Downy Woodpecker",1
"9316",191,0,"Eastern Bluebird",1
"9317",191,0,"Eastern Phoebe",1
"9318",191,0,"Eastern Towhee",1
"9319",191,0,"Eastern Wood-Pewee",1
"9320",191,0,"Fish Crow",1
"9321",191,0,"Great Blue Heron",1
"9322",191,0,"Great Crested Flycatcher",1
"9323",191,0,"Hairy Woodpecker",1
"9324",191,0,"House Finch",1
"9325",191,0,"Indigo Bunting",1
"9326",191,0,"Mourning Dove",1
"9327",191,0,"Northern Cardinal",1
"9328",191,0,"Northern Flicker",1
"9329",191,0,"Northern Mockingbird",1
"9330",191,0,"Northern Parula",1
"9331",191,0,"Osprey",1
"9332",191,0,"Ovenbird",1
"9333",191,0,"Pileated Woodpecker",1
"9334",191,0,"Pine Warbler",1
"9335",191,0,"Red-bellied Woodpecker",1
"9336",191,0,"Red-eyed Vireo",1
"9337",191,0,"Red-headed Woodpecker",1
"9338",191,0,"Red-shouldered Hawk",1
"9339",191,0,"Red-tailed Hawk",1
"9340",191,0,"Red-winged Blackbird",1
"9341",191,0,"Ruby-throated Hummingbird",1
"9342",191,0,"Scarlet Tanager",1
"9343",191,0,"Summer Tanager",1
"9344",191,0,"Tufted Titmouse",1
"9345",191,0,"White-breasted Nuthatch",1
"9346",191,0,"White-eyed Vireo",1
"9347",191,0,"Yellow-billed Cuckoo",1
"9348",191,0,"Yellow-throated Vireo",1
"9349",191,0,"Yellow-throated Warbler",1
"9350",191,1,"Acadian Flycatcher",1200
"9351",191,1,"American Crow",1199
"9352",191,1,"American Goldfinch",1200
"9353",191,1,"American Redstart",1200
"9354",191,1,"Barred Owl",1199
"9355",191,1,"Belted Kingfisher",1200
"9356",191,1,"Black Vulture",1186
"9357",191,1,"Black-and-white Warbler",1200
"9358",191,1,"Blue Grosbeak",1200
"9359",191,1,"Blue Jay",1200
"9360",191,1,"Blue-gray Gnatcatcher",1200
"9361",191,1,"Brown Thrasher",1154
"9362",191,1,"Brown-headed Cowbird",1200
"9363",191,1,"Brown-headed Nuthatch",1200
"9364",191,1,"Carolina Chickadee",1200
"9365",191,1,"Carolina Wren",1198
"9366",191,1,"Chimney Swift",1189
"9367",191,1,"Chipping Sparrow",1200
"9368",191,1,"Common Grackle",1200
"9369",191,1,"Common Yellowthroat",1200
"9370",191,1,"Downy Woodpecker",1200
"9371",191,1,"Eastern Bluebird",1200
"9372",191,1,"Eastern Kingbird",1187
"9373",191,1,"Eastern Phoebe",1200
"9374",191,1,"Eastern Towhee",1200
"9375",191,1,"Eastern Wood-Pewee",1200
"9376",191,1,"European Starling",255
"9377",191,1,"Fish Crow",1173
"9378",191,1,"Great Blue Heron",1136
"9379",191,1,"Great Crested Flycatcher",1200
"9380",191,1,"Hairy Woodpecker",1200
"9381",191,1,"House Finch",1182
"9382",191,1,"Indigo Bunting",1200
"9383",191,1,"Killdeer",565
"9384",191,1,"Mourning Dove",1200
"9385",191,1,"Northern Cardinal",1200
"9386",191,1,"Northern Flicker",1200
"9387",191,1,"Northern Mockingbird",1129
"9388",191,1,"Northern Parula",1200
"9389",191,1,"Osprey",1200
"9390",191,1,"Ovenbird",1200
"9391",191,1,"Pileated Woodpecker",1200
"9392",191,1,"Pine Warbler",1200
"9393",191,1,"Red-bellied Woodpecker",1200
"9394",191,1,"Red-eyed Vireo",1200
"9395",191,1,"Red-headed Woodpecker",1200
"9396",191,1,"Red-shouldered Hawk",1200
"9397",191,1,"Red-tailed Hawk",1200
"9398",191,1,"Red-winged Blackbird",1199
"9399",191,1,"Ruby-throated Hummingbird",1200
"9400",191,1,"Scarlet Tanager",1200
"9401",191,1,"Summer Tanager",1200
"9402",191,1,"Tufted Titmouse",1200
"9403",191,1,"Turkey Vulture",2
"9404",191,1,"White-breasted Nuthatch",1200
"9405",191,1,"White-eyed Vireo",1200
"9406",191,1,"Yellow-billed Cuckoo",1200
"9407",191,1,"Yellow-throated Vireo",1200
"9408",191,1,"Yellow-throated Warbler",1200
"9409",191,2,"Acadian Flycatcher",1200
"9410",191,2,"American Crow",1200
"9411",191,2,"American Goldfinch",1200
"9412",191,2,"American Redstart",1200
"9413",191,2,"Barred Owl",1200
"9414",191,2,"Belted Kingfisher",1200
"9415",191,2,"Black Vulture",1199
"9416",191,2,"Black-and-white Warbler",1200
"9417",191,2,"Blue Grosbeak",1200
"9418",191,2,"Blue Jay",1200
"9419",191,2,"Blue-gray Gnatcatcher",1200
"9420",191,2,"Brown Thrasher",1184
"9421",191,2,"Brown-headed Cowbird",1200
"9422",191,2,"Brown-headed Nuthatch",1200
"9423",191,2,"Carolina Chickadee",1200
"9424",191,2,"Carolina Wren",1199
"9425",191,2,"Chimney Swift",1200
"9426",191,2,"Chipping Sparrow",1200
"9427",191,2,"Common Grackle",1198
"9428",191,2,"Common Yellowthroat",1200
"9429",191,2,"Downy Woodpecker",1200
"9430",191,2,"Eastern Bluebird",1200
"9431",191,2,"Eastern Kingbird",1200
"9432",191,2,"Eastern Phoebe",1200
"9433",191,2,"Eastern Towhee",1200
"9434",191,2,"Eastern Wood-Pewee",1200
"9435",191,2,"European Starling",422
"9436",191,2,"Fish Crow",1199
"9437",191,2,"Great Blue Heron",1196
"9438",191,2,"Great Crested Flycatcher",1200
"9439",191,2,"Hairy Woodpecker",1200
"9440",191,2,"House Finch",1200
"9441",191,2,"Indigo Bunting",1200
"9442",191,2,"Killdeer",1136
"9443",191,2,"Mourning Dove",1200
"9444",191,2,"Northern Cardinal",1200
"9445",191,2,"Northern Flicker",1200
"9446",191,2,"Northern Mockingbird",1195
"9447",191,2,"Northern Parula",1200
"9448",191,2,"Osprey",1200
"9449",191,2,"Ovenbird",1200
"9450",191,2,"Pileated Woodpecker",1200
"9451",191,2,"Pine Warbler",1200
"9452",191,2,"Red-bellied Woodpecker",1200
"9453",191,2,"Red-eyed Vireo",1200
"9454",191,2,"Red-headed Woodpecker",1200
"9455",191,2,"Red-shouldered Hawk",1200
"9456",191,2,"Red-tailed Hawk",1200
"9457",191,2,"Red-winged Blackbird",1200
"9458",191,2,"Ruby-throated Hummingbird",1200
"9459",191,2,"Scarlet Tanager",1200
"9460",191,2,"Summer Tanager",1200
"9461",191,2,"Tufted Titmouse",1200
"9462",191,2,"Turkey Vulture",943
"9463",191,2,"White-breasted Nuthatch",1200
"9464",191,2,"White-eyed Vireo",1200
"9465",191,2,"Yellow-billed Cuckoo",1200
"9466",191,2,"Yellow-throated Vireo",1200
"9467",191,2,"Yellow-throated Warbler",1200
"9468",191,3,"Acadian Flycatcher",1199
"9469",191,3,"American Crow",1199
"9470",191,3,"American Goldfinch",1199
"9471",191,3,"American Redstart",1199
"9472",191,3,"Barred Owl",1199
"9473",191,3,"Belted Kingfisher",1199
"9474",191,3,"Black Vulture",1199
"9475",191,3,"Black-and-white Warbler",1199
"9476",191,3,"Blue Grosbeak",1199
"9477",191,3,"Blue Jay",1199
"9478",191,3,"Blue-gray Gnatcatcher",1199
"9479",191,3,"Brown Thrasher",1182
"9480",191,3,"Brown-headed Cowbird",1199
"9481",191,3,"Brown-headed Nuthatch",1199
"9482",191,3,"Carolina Chickadee",1199
"9483",191,3,"Carolina Wren",1198
"9484",191,3,"Chimney Swift",1198
"9485",191,3,"Chipping Sparrow",1199
"9486",191,3,"Common Grackle",1195
"9487",191,3,"Common Yellowthroat",1199
"9488",191,3,"Downy Woodpecker",1199
"9489",191,3,"Eastern Bluebird",1199
"9490",191,3,"Eastern Kingbird",1199
"9491",191,3,"Eastern Phoebe",1199
"9492",191,3,"Eastern Towhee",1199
"9493",191,3,"Eastern Wood-Pewee",1199
"9494",191,3,"European Starling",356
"9495",191,3,"Fish Crow",1194
"9496",191,3,"Great Blue Heron",1198
"9497",191,3,"Great Crested Flycatcher",1199
"9498",191,3,"Hairy Woodpecker",1199
"9499",191,3,"House Finch",1187
"9500",191,3,"Indigo Bunting",1199
"9501",191,3,"Killdeer",1187
"9502",191,3,"Mourning Dove",1199
"9503",191,3,"Northern Cardinal",1199
"9504",191,3,"Northern Flicker",1199
"9505",191,3,"Northern Mockingbird",1198
"9506",191,3,"Northern Parula",1199
"9507",191,3,"Osprey",1199
"9508",191,3,"Ovenbird",1199
"9509",191,3,"Pileated Woodpecker",1199
"9510",191,3,"Pine Warbler",1199
"9511",191,3,"Red-bellied Woodpecker",1199
"9512",191,3,"Red-eyed Vireo",1199
"9513",191,3,"Red-headed Woodpecker",1199
"9514",191,3,"Red-shouldered Hawk",1199
"9515",191,3,"Red-tailed Hawk",1199
"9516",191,3,"Red-winged Blackbird",1199
"9517",191,3,"Ruby-throated Hummingbird",1199
"9518",191,3,"Scarlet Tanager",1199
"9519",191,3,"Summer Tanager",1199
"9520",191,3,"Tufted Titmouse",1199
"9521",191,3,"Turkey Vulture",986
"9522",191,3,"White-breasted Nuthatch",1199
"9523",191,3,"White-eyed Vireo",1199
"9524",191,3,"Yellow-billed Cuckoo",1199
"9525",191,3,"Yellow-throated Vireo",1199
"9526",191,3,"Yellow-throated Warbler",1199
"9527",192,0,"Acadian Flycatcher",1
"9528",192,0,"American Crow",1
"9529",192,0,"American Goldfinch",1
"9530",192,0,"American Redstart",1
"9531",192,0,"Barred Owl",1
"9532",192,0,"Belted Kingfisher",1
"9533",192,0,"Black Vulture",1
"9534",192,0,"Black-and-white Warbler",1
"9535",192,0,"Blue Grosbeak",1
"9536",192,0,"Blue Jay",1
"9537",192,0,"Blue-gray Gnatcatcher",1
"9538",192,0,"Brown Thrasher",1
"9539",192,0,"Brown-headed Cowbird",1
"9540",192,0,"Brown-headed Nuthatch",1
"9541",192,0,"Carolina Chickadee",1
"9542",192,0,"Carolina Wren",1
"9543",192,0,"Chimney Swift",1
"9544",192,0,"Chipping Sparrow",1
"9545",192,0,"Common Grackle",1
"9546",192,0,"Common Yellowthroat",1
"9547",192,0,"Downy Woodpecker",1
"9548",192,0,"Eastern Bluebird",1
"9549",192,0,"Eastern Kingbird",1
"9550",192,0,"Eastern Phoebe",1
"9551",192,0,"Eastern Towhee",1
"9552",192,0,"Eastern Wood-Pewee",1
"9553",192,0,"European Starling",1
"9554",192,0,"Fish Crow",1
"9555",192,0,"Great Blue Heron",1
"9556",192,0,"Great Crested Flycatcher",1
"9557",192,0,"Hairy Woodpecker",1
"9558",192,0,"House Finch",1
"9559",192,0,"Indigo Bunting",1
"9560",192,0,"Killdeer",1
"9561",192,0,"Mourning Dove",1
"9562",192,0,"Northern Cardinal",1
"9563",192,0,"Northern Flicker",1
"9564",192,0,"Northern Mockingbird",1
"9565",192,0,"Northern Parula",1
"9566",192,0,"Osprey",1
"9567",192,0,"Ovenbird",1
"9568",192,0,"Pileated Woodpecker",1
"9569",192,0,"Pine Warbler",1
"9570",192,0,"Red-bellied Woodpecker",1
"9571",192,0,"Red-eyed Vireo",1
"9572",192,0,"Red-headed Woodpecker",1
"9573",192,0,"Red-shouldered Hawk",1
"9574",192,0,"Red-tailed Hawk",1
"9575",192,0,"Red-winged Blackbird",1
"9576",192,0,"Ruby-throated Hummingbird",1
"9577",192,0,"Scarlet Tanager",1
"9578",192,0,"Summer Tanager",1
"9579",192,0,"Tufted Titmouse",1
"9580",192,0,"White-breasted Nuthatch",1
"9581",192,0,"White-eyed Vireo",1
"9582",192,0,"Yellow-billed Cuckoo",1
"9583",192,0,"Yellow-throated Vireo",1
"9584",192,0,"Yellow-throated Warbler",1
"9585",192,1,"Acadian Flycatcher",1200
"9586",192,1,"American Crow",1198
"9587",192,1,"American Goldfinch",1200
"9588",192,1,"American Redstart",1200
"9589",192,1,"Barred Owl",1200
"9590",192,1,"Belted Kingfisher",1200
"9591",192,1,"Black Vulture",1197
"9592",192,1,"Black-and-white Warbler",1200
"9593",192,1,"Blue Grosbeak",1200
"9594",192,1,"Blue Jay",1200
"9595",192,1,"Blue-gray Gnatcatcher",1200
"9596",192,1,"Brown Thrasher",1188
"9597",192,1,"Brown-headed Cowbird",1200
"9598",192,1,"Brown-headed Nuthatch",1200
"9599",192,1,"Carolina Chickadee",1200
"9600",192,1,"Carolina Wren",1196
"9601",192,1,"Chimney Swift",1198
"9602",192,1,"Chipping Sparrow",1200
"9603",192,1,"Common Grackle",1200
"9604",192,1,"Common Yellowthroat",1200
"9605",192,1,"Downy Woodpecker",1200
"9606",192,1,"Eastern Bluebird",1200
"9607",192,1,"Eastern Kingbird",1198
"9608",192,1,"Eastern Phoebe",1198
"9609",192,1,"Eastern Towhee",1200
"9610",192,1,"Eastern Wood-Pewee",1200
"9611",192,1,"European Starling",553
"9612",192,1,"Fish Crow",1180
"9613",192,1,"Great Blue Heron",1193
"9614",192,1,"Great Crested Flycatcher",1200
"9615",192,1,"Hairy Woodpecker",1200
"9616",192,1,"House Finch",1100
"9617",192,1,"Indigo Bunting",1200
"9618",192,1,"Killdeer",949
"9619",192,1,"Mourning Dove",1200
"9620",192,1,"Northern Cardinal",1200
"9621",192,1,"Northern Flicker",1199
"9622",192,1,"Northern Mockingbird",1075
"9623",192,1,"Northern Parula",1200
"9624",192,1,"Osprey",1200
"9625",192,1,"Ovenbird",1200
"9626",192,1,"Pileated Woodpecker",1200
"9627",192,1,"Pine Warbler",1200
"9628",192,1,"Red-bellied Woodpecker",1200
"9629",192,1,"Red-eyed Vireo",1192
"9630",192,1,"Red-headed Woodpecker",1200
"9631",192,1,"Red-shouldered Hawk",1199
"9632",192,1,"Red-tailed Hawk",1200
"9633",192,1,"Red-winged Blackbird",1197
"9634",192,1,"Ruby-throated Hummingbird",1200
"9635",192,1,"Scarlet Tanager",1200
"9636",192,1,"Summer Tanager",1200
"9637",192,1,"Tufted Titmouse",1200
"9638",192,1,"Turkey Vulture",76
"9639",192,1,"White-breasted Nuthatch",1195
"9640",192,1,"White-eyed Vireo",1200
"9641",192,1,"Yellow-billed Cuckoo",1200
"9642",192,1,"Yellow-throated Vireo",1200
"9643",192,1,"Yellow-throated Warbler",1200
"9644",192,2,"Acadian Flycatcher",1200
"9645",192,2,"American Crow",1196
"9646",192,2,"American Goldfinch",1199
"9647",192,2,"American Redstart",1200
"9648",192,2,"Barred Owl",1194
"9649",192,2,"Belted Kingfisher",1200
"9650",192,2,"Black Vulture",1195
"9651",192,2,"Black-and-white Warbler",1200
"9652",192,2,"Blue Grosbeak",1200
"9653",192,2,"Blue Jay",1200
"9654",192,2,"Blue-gray Gnatcatcher",1200
"9655",192,2,"Brown Thrasher",1187
"9656",192,2,"Brown-headed Cowbird",1200
"9657",192,2,"Brown-headed Nuthatch",1195
"9658",192,2,"Carolina Chickadee",1199
"9659",192,2,"Carolina Wren",1195
"9660",192,2,"Chimney Swift",1187
"9661",192,2,"Chipping Sparrow",1200
"9662",192,2,"Common Grackle",1198
"9663",192,2,"Common Yellowthroat",1200
"9664",192,2,"Downy Woodpecker",1199
"9665",192,2,"Eastern Bluebird",1200
"9666",192,2,"Eastern Kingbird",1198
"9667",192,2,"Eastern Phoebe",1200
"9668",192,2,"Eastern Towhee",1200
"9669",192,2,"Eastern Wood-Pewee",1200
"9670",192,2,"European Starling",560
"9671",192,2,"Fish Crow",1163
"9672",192,2,"Great Blue Heron",1189
"9673",192,2,"Great Crested Flycatcher",1200
"9674",192,2,"Hairy Woodpecker",1198
"9675",192,2,"House Finch",1037
"9676",192,2,"Indigo Bunting",1200
"9677",192,2,"Killdeer",858
"9678",192,2,"Mourning Dove",1200
"9679",192,2,"Northern Cardinal",1200
"9680",192,2,"Northern Flicker",1200
"9681",192,2,"Northern Mockingbird",1099
"9682",192,2,"Northern Parula",1200
"9683",192,2,"Osprey",1197
"9684",192,2,"Ovenbird",1200
"9685",192,2,"Pileated Woodpecker",1200
"9686",192,2,"Pine Warbler",1200
"9687",192,2,"Red-bellied Woodpecker",1199
"9688",192,2,"Red-eyed Vireo",1177
"9689",192,2,"Red-headed Woodpecker",1200
"9690",192,2,"Red-shouldered Hawk",1192
"9691",192,2,"Red-tailed Hawk",1200
"9692",192,2,"Red-winged Blackbird",1199
"9693",192,2,"Ruby-throated Hummingbird",1200
"9694",192,2,"Scarlet Tanager",1200
"9695",192,2,"Summer Tanager",1200
"9696",192,2,"Tufted Titmouse",1200
"9697",192,2,"Turkey Vulture",77
"9698",192,2,"White-breasted Nuthatch",1190
"9699",192,2,"White-eyed Vireo",1198
"9700",192,2,"Yellow-billed Cuckoo",1200
"9701",192,2,"Yellow-throated Vireo",1199
"9702",192,2,"Yellow-throated Warbler",1200
"9703",192,3,"Acadian Flycatcher",1199
"9704",192,3,"American Crow",1192
"9705",192,3,"American Goldfinch",1199
"9706",192,3,"American Redstart",1199
"9707",192,3,"Barred Owl",1196
"9708",192,3,"Belted Kingfisher",1199
"9709",192,3,"Black Vulture",1194
"9710",192,3,"Black-and-white Warbler",1199
"9711",192,3,"Blue Grosbeak",1199
"9712",192,3,"Blue Jay",1198
"9713",192,3,"Blue-gray Gnatcatcher",1199
"9714",192,3,"Brown Thrasher",1165
"9715",192,3,"Brown-headed Cowbird",1199
"9716",192,3,"Brown-headed Nuthatch",1198
"9717",192,3,"Carolina Chickadee",1198
"9718",192,3,"Carolina Wren",1188
"9719",192,3,"Chimney Swift",1167
"9720",192,3,"Chipping Sparrow",1198
"9721",192,3,"Common Grackle",1187
"9722",192,3,"Common Yellowthroat",1199
"9723",192,3,"Downy Woodpecker",1198
"9724",192,3,"Eastern Bluebird",1199
"9725",192,3,"Eastern Kingbird",1187
"9726",192,3,"Eastern Phoebe",1188
"9727",192,3,"Eastern Towhee",1199
"9728",192,3,"Eastern Wood-Pewee",1199
"9729",192,3,"European Starling",630
"9730",192,3,"Fish Crow",1152
"9731",192,3,"Great Blue Heron",1176
"9732",192,3,"Great Crested Flycatcher",1199
"9733",192,3,"Hairy Woodpecker",1197
"9734",192,3,"House Finch",1097
"9735",192,3,"Indigo Bunting",1199
"9736",192,3,"Killdeer",966
"9737",192,3,"Mourning Dove",1198
"9738",192,3,"Northern Cardinal",1199
"9739",192,3,"Northern Flicker",1196
"9740",192,3,"Northern Mockingbird",1144
"9741",192,3,"Northern Parula",1199
"9742",192,3,"Osprey",1191
"9743",192,3,"Ovenbird",1199
"9744",192,3,"Pileated Woodpecker",1198
"9745",192,3,"Pine Warbler",1199
"9746",192,3,"Red-bellied Woodpecker",1195
"9747",192,3,"Red-eyed Vireo",1161
"9748",192,3,"Red-headed Woodpecker",1198
"9749",192,3,"Red-shouldered Hawk",1191
"9750",192,3,"Red-tailed Hawk",1198
"9751",192,3,"Red-winged Blackbird",1186
"9752",192,3,"Ruby-throated Hummingbird",1199
"9753",192,3,"Scarlet Tanager",1199
"9754",192,3,"Summer Tanager",1199
"9755",192,3,"Tufted Titmouse",1199
"9756",192,3,"Turkey Vulture",103
"9757",192,3,"White-breasted Nuthatch",1188
"9758",192,3,"White-eyed Vireo",1189
"9759",192,3,"Yellow-billed Cuckoo",1199
"9760",192,3,"Yellow-throated Vireo",1198
"9761",192,3,"Yellow-throated Warbler",1199
"9762",193,0,"Acadian Flycatcher",1
"9763",193,0,"American Crow",1
"9764",193,0,"American Goldfinch",1
"9765",193,0,"American Redstart",1
"9766",193,0,"Barred Owl",1
"9767",193,0,"Belted Kingfisher",1
"9768",193,0,"Black Vulture",1
"9769",193,0,"Black-and-white Warbler",1
"9770",193,0,"Blue Grosbeak",1
"9771",193,0,"Blue Jay",1
"9772",193,0,"Blue-gray Gnatcatcher",1
"9773",193,0,"Brown Thrasher",1
"9774",193,0,"Brown-headed Cowbird",1
"9775",193,0,"Brown-headed Nuthatch",1
"9776",193,0,"Carolina Chickadee",1
"9777",193,0,"Carolina Wren",1
"9778",193,0,"Chimney Swift",1
"9779",193,0,"Chipping Sparrow",1
"9780",193,0,"Common Grackle",1
"9781",193,0,"Common Yellowthroat",1
"9782",193,0,"Downy Woodpecker",1
"9783",193,0,"Eastern Bluebird",1
"9784",193,0,"Eastern Kingbird",1
"9785",193,0,"Eastern Phoebe",1
"9786",193,0,"Eastern Towhee",1
"9787",193,0,"Eastern Wood-Pewee",1
"9788",193,0,"European Starling",1
"9789",193,0,"Fish Crow",1
"9790",193,0,"Great Blue Heron",1
"9791",193,0,"Great Crested Flycatcher",1
"9792",193,0,"Hairy Woodpecker",1
"9793",193,0,"House Finch",1
"9794",193,0,"Indigo Bunting",1
"9795",193,0,"Killdeer",1
"9796",193,0,"Mourning Dove",1
"9797",193,0,"Northern Cardinal",1
"9798",193,0,"Northern Flicker",1
"9799",193,0,"Northern Mockingbird",1
"9800",193,0,"Northern Parula",1
"9801",193,0,"Osprey",1
"9802",193,0,"Ovenbird",1
"9803",193,0,"Pileated Woodpecker",1
"9804",193,0,"Pine Warbler",1
"9805",193,0,"Red-bellied Woodpecker",1
"9806",193,0,"Red-eyed Vireo",1
"9807",193,0,"Red-headed Woodpecker",1
"9808",193,0,"Red-shouldered Hawk",1
"9809",193,0,"Red-tailed Hawk",1
"9810",193,0,"Red-winged Blackbird",1
"9811",193,0,"Ruby-throated Hummingbird",1
"9812",193,0,"Scarlet Tanager",1
"9813",193,0,"Summer Tanager",1
"9814",193,0,"Tufted Titmouse",1
"9815",193,0,"White-breasted Nuthatch",1
"9816",193,0,"White-eyed Vireo",1
"9817",193,0,"Yellow-billed Cuckoo",1
"9818",193,0,"Yellow-throated Vireo",1
"9819",193,0,"Yellow-throated Warbler",1
"9820",193,1,"Acadian Flycatcher",1200
"9821",193,1,"American Crow",1200
"9822",193,1,"American Goldfinch",1200
"9823",193,1,"American Redstart",1200
"9824",193,1,"Barred Owl",1200
"9825",193,1,"Belted Kingfisher",1200
"9826",193,1,"Black Vulture",1184
"9827",193,1,"Black-and-white Warbler",1200
"9828",193,1,"Blue Grosbeak",1200
"9829",193,1,"Blue Jay",1200
"9830",193,1,"Blue-gray Gnatcatcher",1200
"9831",193,1,"Brown Thrasher",1142
"9832",193,1,"Brown-headed Cowbird",1200
"9833",193,1,"Brown-headed Nuthatch",1200
"9834",193,1,"Carolina Chickadee",1200
"9835",193,1,"Carolina Wren",1198
"9836",193,1,"Chimney Swift",1196
"9837",193,1,"Chipping Sparrow",1200
"9838",193,1,"Common Grackle",1200
"9839",193,1,"Common Yellowthroat",1200
"9840",193,1,"Downy Woodpecker",1200
"9841",193,1,"Eastern Bluebird",1200
"9842",193,1,"Eastern Kingbird",1198
"9843",193,1,"Eastern Phoebe",1200
"9844",193,1,"Eastern Towhee",1200
"9845",193,1,"Eastern Wood-Pewee",1200
"9846",193,1,"European Starling",375
"9847",193,1,"Fish Crow",1189
"9848",193,1,"Great Blue Heron",1197
"9849",193,1,"Great Crested Flycatcher",1200
"9850",193,1,"Hairy Woodpecker",1200
"9851",193,1,"House Finch",1167
"9852",193,1,"Indigo Bunting",1200
"9853",193,1,"Killdeer",736
"9854",193,1,"Mourning Dove",1200
"9855",193,1,"Northern Cardinal",1200
"9856",193,1,"Northern Flicker",1200
"9857",193,1,"Northern Mockingbird",1021
"9858",193,1,"Northern Parula",1200
"9859",193,1,"Osprey",1200
"9860",193,1,"Ovenbird",1200
"9861",193,1,"Pileated Woodpecker",1200
"9862",193,1,"Pine Warbler",1200
"9863",193,1,"Red-bellied Woodpecker",1200
"9864",193,1,"Red-eyed Vireo",1200
"9865",193,1,"Red-headed Woodpecker",1200
"9866",193,1,"Red-shouldered Hawk",1200
"9867",193,1,"Red-tailed Hawk",1200
"9868",193,1,"Red-winged Blackbird",1200
"9869",193,1,"Ruby-throated Hummingbird",1200
"9870",193,1,"Scarlet Tanager",1200
"9871",193,1,"Summer Tanager",1200
"9872",193,1,"Tufted Titmouse",1200
"9873",193,1,"Turkey Vulture",13
"9874",193,1,"White-breasted Nuthatch",1200
"9875",193,1,"White-eyed Vireo",1199
"9876",193,1,"Yellow-billed Cuckoo",1200
"9877",193,1,"Yellow-throated Vireo",1200
"9878",193,1,"Yellow-throated Warbler",1200
"9879",193,2,"Acadian Flycatcher",1200
"9880",193,2,"American Crow",1199
"9881",193,2,"American Goldfinch",1199
"9882",193,2,"American Redstart",1200
"9883",193,2,"Barred Owl",1197
"9884",193,2,"Belted Kingfisher",1199
"9885",193,2,"Black Vulture",1185
"9886",193,2,"Black-and-white Warbler",1200
"9887",193,2,"Blue Grosbeak",1200
"9888",193,2,"Blue Jay",1199
"9889",193,2,"Blue-gray Gnatcatcher",1200
"9890",193,2,"Brown Thrasher",1149
"9891",193,2,"Brown-headed Cowbird",1200
"9892",193,2,"Brown-headed Nuthatch",1197
"9893",193,2,"Carolina Chickadee",1200
"9894",193,2,"Carolina Wren",1195
"9895",193,2,"Chimney Swift",1175
"9896",193,2,"Chipping Sparrow",1200
"9897",193,2,"Common Grackle",1192
"9898",193,2,"Common Yellowthroat",1200
"9899",193,2,"Downy Woodpecker",1200
"9900",193,2,"Eastern Bluebird",1197
"9901",193,2,"Eastern Kingbird",1192
"9902",193,2,"Eastern Phoebe",1197
"9903",193,2,"Eastern Towhee",1200
"9904",193,2,"Eastern Wood-Pewee",1200
"9905",193,2,"European Starling",593
"9906",193,2,"Fish Crow",1159
"9907",193,2,"Great Blue Heron",1188
"9908",193,2,"Great Crested Flycatcher",1199
"9909",193,2,"Hairy Woodpecker",1200
"9910",193,2,"House Finch",1168
"9911",193,2,"Indigo Bunting",1200
"9912",193,2,"Killdeer",1023
"9913",193,2,"Mourning Dove",1200
"9914",193,2,"Northern Cardinal",1199
"9915",193,2,"Northern Flicker",1199
"9916",193,2,"Northern Mockingbird",1117
"9917",193,2,"Northern Parula",1200
"9918",193,2,"Osprey",1196
"9919",193,2,"Ovenbird",1200
"9920",193,2,"Pileated Woodpecker",1200
"9921",193,2,"Pine Warbler",1200
"9922",193,2,"Red-bellied Woodpecker",1199
"9923",193,2,"Red-eyed Vireo",1196
"9924",193,2,"Red-headed Woodpecker",1199
"9925",193,2,"Red-shouldered Hawk",1193
"9926",193,2,"Red-tailed Hawk",1200
"9927",193,2,"Red-winged Blackbird",1195
"9928",193,2,"Ruby-throated Hummingbird",1200
"9929",193,2,"Scarlet Tanager",1200
"9930",193,2,"Summer Tanager",1200
"9931",193,2,"Tufted Titmouse",1200
"9932",193,2,"Turkey Vulture",17
"9933",193,2,"White-breasted Nuthatch",1197
"9934",193,2,"White-eyed Vireo",1199
"9935",193,2,"Yellow-billed Cuckoo",1200
"9936",193,2,"Yellow-throated Vireo",1199
"9937",193,2,"Yellow-throated Warbler",1200
"9938",193,3,"Acadian Flycatcher",1199
"9939",193,3,"American Crow",1198
"9940",193,3,"American Goldfinch",1187
"9941",193,3,"American Redstart",1199
"9942",193,3,"Barred Owl",1188
"9943",193,3,"Belted Kingfisher",1197
"9944",193,3,"Black Vulture",1158
"9945",193,3,"Black-and-white Warbler",1197
"9946",193,3,"Blue Grosbeak",1199
"9947",193,3,"Blue Jay",1195
"9948",193,3,"Blue-gray Gnatcatcher",1199
"9949",193,3,"Brown Thrasher",901
"9950",193,3,"Brown-headed Cowbird",1199
"9951",193,3,"Brown-headed Nuthatch",1199
"9952",193,3,"Carolina Chickadee",1199
"9953",193,3,"Carolina Wren",1174
"9954",193,3,"Chimney Swift",1186
"9955",193,3,"Chipping Sparrow",1199
"9956",193,3,"Common Grackle",1179
"9957",193,3,"Common Yellowthroat",1199
"9958",193,3,"Downy Woodpecker",1197
"9959",193,3,"Eastern Bluebird",1180
"9960",193,3,"Eastern Kingbird",1187
"9961",193,3,"Eastern Phoebe",1188
"9962",193,3,"Eastern Towhee",1199
"9963",193,3,"Eastern Wood-Pewee",1199
"9964",193,3,"European Starling",204
"9965",193,3,"Fish Crow",1145
"9966",193,3,"Great Blue Heron",1143
"9967",193,3,"Great Crested Flycatcher",1199
"9968",193,3,"Hairy Woodpecker",1192
"9969",193,3,"House Finch",1187
"9970",193,3,"Indigo Bunting",1199
"9971",193,3,"Killdeer",941
"9972",193,3,"Mourning Dove",1179
"9973",193,3,"Northern Cardinal",1199
"9974",193,3,"Northern Flicker",1187
"9975",193,3,"Northern Mockingbird",1113
"9976",193,3,"Northern Parula",1199
"9977",193,3,"Osprey",1192
"9978",193,3,"Ovenbird",1199
"9979",193,3,"Pileated Woodpecker",1199
"9980",193,3,"Pine Warbler",1199
"9981",193,3,"Red-bellied Woodpecker",1199
"9982",193,3,"Red-eyed Vireo",1182
"9983",193,3,"Red-headed Woodpecker",1197
"9984",193,3,"Red-shouldered Hawk",1174
"9985",193,3,"Red-tailed Hawk",1199
"9986",193,3,"Red-winged Blackbird",1168
"9987",193,3,"Ruby-throated Hummingbird",1197
"9988",193,3,"Scarlet Tanager",1197
"9989",193,3,"Summer Tanager",1199
"9990",193,3,"Tufted Titmouse",1199
"9991",193,3,"Turkey Vulture",132
"9992",193,3,"White-breasted Nuthatch",1190
"9993",193,3,"White-eyed Vireo",1198
"9994",193,3,"Yellow-billed Cuckoo",1199
"9995",193,3,"Yellow-throated Vireo",1195
"9996",193,3,"Yellow-throated Warbler",1199
"9997",194,0,"Acadian Flycatcher",1
"9998",194,0,"American Crow",1
"9999",194,0,"American Goldfinch",1
"10000",194,0,"American Redstart",1
"10001",194,0,"Barred Owl",1
"10002",194,0,"Belted Kingfisher",1
"10003",194,0,"Black Vulture",1
"10004",194,0,"Black-and-white Warbler",1
"10005",194,0,"Blue Grosbeak",1
"10006",194,0,"Blue Jay",1
"10007",194,0,"Blue-gray Gnatcatcher",1
"10008",194,0,"Brown Thrasher",1
"10009",194,0,"Brown-headed Cowbird",1
"10010",194,0,"Brown-headed Nuthatch",1
"10011",194,0,"Carolina Chickadee",1
"10012",194,0,"Carolina Wren",1
"10013",194,0,"Chimney Swift",1
"10014",194,0,"Chipping Sparrow",1
"10015",194,0,"Common Grackle",1
"10016",194,0,"Common Yellowthroat",1
"10017",194,0,"Downy Woodpecker",1
"10018",194,0,"Eastern Bluebird",1
"10019",194,0,"Eastern Kingbird",1
"10020",194,0,"Eastern Phoebe",1
"10021",194,0,"Eastern Towhee",1
"10022",194,0,"Eastern Wood-Pewee",1
"10023",194,0,"Fish Crow",1
"10024",194,0,"Great Blue Heron",1
"10025",194,0,"Great Crested Flycatcher",1
"10026",194,0,"Hairy Woodpecker",1
"10027",194,0,"House Finch",1
"10028",194,0,"Indigo Bunting",1
"10029",194,0,"Killdeer",1
"10030",194,0,"Mourning Dove",1
"10031",194,0,"Northern Cardinal",1
"10032",194,0,"Northern Flicker",1
"10033",194,0,"Northern Mockingbird",1
"10034",194,0,"Northern Parula",1
"10035",194,0,"Osprey",1
"10036",194,0,"Ovenbird",1
"10037",194,0,"Pileated Woodpecker",1
"10038",194,0,"Pine Warbler",1
"10039",194,0,"Red-bellied Woodpecker",1
"10040",194,0,"Red-eyed Vireo",1
"10041",194,0,"Red-headed Woodpecker",1
"10042",194,0,"Red-shouldered Hawk",1
"10043",194,0,"Red-tailed Hawk",1
"10044",194,0,"Red-winged Blackbird",1
"10045",194,0,"Ruby-throated Hummingbird",1
"10046",194,0,"Scarlet Tanager",1
"10047",194,0,"Summer Tanager",1
"10048",194,0,"Tufted Titmouse",1
"10049",194,0,"White-breasted Nuthatch",1
"10050",194,0,"White-eyed Vireo",1
"10051",194,0,"Yellow-billed Cuckoo",1
"10052",194,0,"Yellow-throated Vireo",1
"10053",194,0,"Yellow-throated Warbler",1
"10054",194,1,"Acadian Flycatcher",1200
"10055",194,1,"American Crow",1200
"10056",194,1,"American Goldfinch",1200
"10057",194,1,"American Redstart",1200
"10058",194,1,"Barred Owl",1200
"10059",194,1,"Belted Kingfisher",1200
"10060",194,1,"Black Vulture",1193
"10061",194,1,"Black-and-white Warbler",1200
"10062",194,1,"Blue Grosbeak",1200
"10063",194,1,"Blue Jay",1200
"10064",194,1,"Blue-gray Gnatcatcher",1200
"10065",194,1,"Brown Thrasher",1051
"10066",194,1,"Brown-headed Cowbird",1200
"10067",194,1,"Brown-headed Nuthatch",1200
"10068",194,1,"Carolina Chickadee",1200
"10069",194,1,"Carolina Wren",1200
"10070",194,1,"Chimney Swift",1175
"10071",194,1,"Chipping Sparrow",1200
"10072",194,1,"Common Grackle",1198
"10073",194,1,"Common Yellowthroat",1200
"10074",194,1,"Downy Woodpecker",1200
"10075",194,1,"Eastern Bluebird",1200
"10076",194,1,"Eastern Kingbird",1147
"10077",194,1,"Eastern Phoebe",1199
"10078",194,1,"Eastern Towhee",1200
"10079",194,1,"Eastern Wood-Pewee",1200
"10080",194,1,"European Starling",297
"10081",194,1,"Fish Crow",1115
"10082",194,1,"Great Blue Heron",1127
"10083",194,1,"Great Crested Flycatcher",1200
"10084",194,1,"Hairy Woodpecker",1200
"10085",194,1,"House Finch",1135
"10086",194,1,"Indigo Bunting",1200
"10087",194,1,"Killdeer",445
"10088",194,1,"Mourning Dove",1200
"10089",194,1,"Northern Cardinal",1200
"10090",194,1,"Northern Flicker",1200
"10091",194,1,"Northern Mockingbird",1055
"10092",194,1,"Northern Parula",1200
"10093",194,1,"Osprey",1199
"10094",194,1,"Ovenbird",1200
"10095",194,1,"Pileated Woodpecker",1200
"10096",194,1,"Pine Warbler",1200
"10097",194,1,"Red-bellied Woodpecker",1200
"10098",194,1,"Red-eyed Vireo",1200
"10099",194,1,"Red-headed Woodpecker",1200
"10100",194,1,"Red-shouldered Hawk",1198
"10101",194,1,"Red-tailed Hawk",1200
"10102",194,1,"Red-winged Blackbird",1190
"10103",194,1,"Ruby-throated Hummingbird",1200
"10104",194,1,"Scarlet Tanager",1200
"10105",194,1,"Summer Tanager",1200
"10106",194,1,"Tufted Titmouse",1200
"10107",194,1,"Turkey Vulture",23
"10108",194,1,"White-breasted Nuthatch",1200
"10109",194,1,"White-eyed Vireo",1200
"10110",194,1,"Yellow-billed Cuckoo",1200
"10111",194,1,"Yellow-throated Vireo",1200
"10112",194,1,"Yellow-throated Warbler",1200
"10113",194,2,"Acadian Flycatcher",1200
"10114",194,2,"American Crow",1199
"10115",194,2,"American Goldfinch",1199
"10116",194,2,"American Redstart",1200
"10117",194,2,"Barred Owl",1199
"10118",194,2,"Belted Kingfisher",1200
"10119",194,2,"Black Vulture",1196
"10120",194,2,"Black-and-white Warbler",1200
"10121",194,2,"Blue Grosbeak",1200
"10122",194,2,"Blue Jay",1197
"10123",194,2,"Blue-gray Gnatcatcher",1200
"10124",194,2,"Brown Thrasher",1157
"10125",194,2,"Brown-headed Cowbird",1200
"10126",194,2,"Brown-headed Nuthatch",1196
"10127",194,2,"Carolina Chickadee",1198
"10128",194,2,"Carolina Wren",1196
"10129",194,2,"Chimney Swift",1193
"10130",194,2,"Chipping Sparrow",1200
"10131",194,2,"Common Grackle",1195
"10132",194,2,"Common Yellowthroat",1200
"10133",194,2,"Downy Woodpecker",1199
"10134",194,2,"Eastern Bluebird",1199
"10135",194,2,"Eastern Kingbird",1197
"10136",194,2,"Eastern Phoebe",1189
"10137",194,2,"Eastern Towhee",1200
"10138",194,2,"Eastern Wood-Pewee",1200
"10139",194,2,"European Starling",531
"10140",194,2,"Fish Crow",1149
"10141",194,2,"Great Blue Heron",1176
"10142",194,2,"Great Crested Flycatcher",1200
"10143",194,2,"Hairy Woodpecker",1199
"10144",194,2,"House Finch",1192
"10145",194,2,"Indigo Bunting",1200
"10146",194,2,"Killdeer",1101
"10147",194,2,"Mourning Dove",1200
"10148",194,2,"Northern Cardinal",1200
"10149",194,2,"Northern Flicker",1200
"10150",194,2,"Northern Mockingbird",1163
"10151",194,2,"Northern Parula",1200
"10152",194,2,"Osprey",1196
"10153",194,2,"Ovenbird",1200
"10154",194,2,"Pileated Woodpecker",1199
"10155",194,2,"Pine Warbler",1200
"10156",194,2,"Red-bellied Woodpecker",1200
"10157",194,2,"Red-eyed Vireo",1142
"10158",194,2,"Red-headed Woodpecker",1200
"10159",194,2,"Red-shouldered Hawk",1190
"10160",194,2,"Red-tailed Hawk",1200
"10161",194,2,"Red-winged Blackbird",1199
"10162",194,2,"Ruby-throated Hummingbird",1200
"10163",194,2,"Scarlet Tanager",1200
"10164",194,2,"Summer Tanager",1200
"10165",194,2,"Tufted Titmouse",1200
"10166",194,2,"Turkey Vulture",5
"10167",194,2,"White-breasted Nuthatch",1197
"10168",194,2,"White-eyed Vireo",1200
"10169",194,2,"Yellow-billed Cuckoo",1200
"10170",194,2,"Yellow-throated Vireo",1198
"10171",194,2,"Yellow-throated Warbler",1200
"10172",194,3,"Acadian Flycatcher",1199
"10173",194,3,"American Crow",1195
"10174",194,3,"American Goldfinch",1199
"10175",194,3,"American Redstart",1199
"10176",194,3,"Barred Owl",1197
"10177",194,3,"Belted Kingfisher",1199
"10178",194,3,"Black Vulture",1166
"10179",194,3,"Black-and-white Warbler",1199
"10180",194,3,"Blue Grosbeak",1199
"10181",194,3,"Blue Jay",1191
"10182",194,3,"Blue-gray Gnatcatcher",1199
"10183",194,3,"Brown Thrasher",1092
"10184",194,3,"Brown-headed Cowbird",1199
"10185",194,3,"Brown-headed Nuthatch",1195
"10186",194,3,"Carolina Chickadee",1199
"10187",194,3,"Carolina Wren",1177
"10188",194,3,"Chimney Swift",1194
"10189",194,3,"Chipping Sparrow",1199
"10190",194,3,"Common Grackle",1174
"10191",194,3,"Common Yellowthroat",1199
"10192",194,3,"Downy Woodpecker",1199
"10193",194,3,"Eastern Bluebird",1198
"10194",194,3,"Eastern Kingbird",1197
"10195",194,3,"Eastern Phoebe",1178
"10196",194,3,"Eastern Towhee",1199
"10197",194,3,"Eastern Wood-Pewee",1199
"10198",194,3,"European Starling",653
"10199",194,3,"Fish Crow",1105
"10200",194,3,"Great Blue Heron",1111
"10201",194,3,"Great Crested Flycatcher",1198
"10202",194,3,"Hairy Woodpecker",1196
"10203",194,3,"House Finch",1167
"10204",194,3,"Indigo Bunting",1199
"10205",194,3,"Killdeer",1014
"10206",194,3,"Mourning Dove",1198
"10207",194,3,"Northern Cardinal",1199
"10208",194,3,"Northern Flicker",1189
"10209",194,3,"Northern Mockingbird",1094
"10210",194,3,"Northern Parula",1199
"10211",194,3,"Osprey",1194
"10212",194,3,"Ovenbird",1199
"10213",194,3,"Pileated Woodpecker",1199
"10214",194,3,"Pine Warbler",1199
"10215",194,3,"Red-bellied Woodpecker",1196
"10216",194,3,"Red-eyed Vireo",1051
"10217",194,3,"Red-headed Woodpecker",1189
"10218",194,3,"Red-shouldered Hawk",1155
"10219",194,3,"Red-tailed Hawk",1199
"10220",194,3,"Red-winged Blackbird",1190
"10221",194,3,"Ruby-throated Hummingbird",1198
"10222",194,3,"Scarlet Tanager",1199
"10223",194,3,"Summer Tanager",1199
"10224",194,3,"Tufted Titmouse",1199
"10225",194,3,"Turkey Vulture",22
"10226",194,3,"White-breasted Nuthatch",1181
"10227",194,3,"White-eyed Vireo",1198
"10228",194,3,"Yellow-billed Cuckoo",1199
"10229",194,3,"Yellow-throated Vireo",1192
"10230",194,3,"Yellow-throated Warbler",1199
"10231",195,0,"Acadian Flycatcher",1
"10232",195,0,"American Crow",1
"10233",195,0,"American Goldfinch",1
"10234",195,0,"American Redstart",1
"10235",195,0,"Barred Owl",1
"10236",195,0,"Belted Kingfisher",1
"10237",195,0,"Black Vulture",1
"10238",195,0,"Black-and-white Warbler",1
"10239",195,0,"Blue Grosbeak",1
"10240",195,0,"Blue Jay",1
"10241",195,0,"Blue-gray Gnatcatcher",1
"10242",195,0,"Brown Thrasher",1
"10243",195,0,"Brown-headed Cowbird",1
"10244",195,0,"Brown-headed Nuthatch",1
"10245",195,0,"Carolina Chickadee",1
"10246",195,0,"Carolina Wren",1
"10247",195,0,"Chimney Swift",1
"10248",195,0,"Chipping Sparrow",1
"10249",195,0,"Common Grackle",1
"10250",195,0,"Common Yellowthroat",1
"10251",195,0,"Downy Woodpecker",1
"10252",195,0,"Eastern Bluebird",1
"10253",195,0,"Eastern Kingbird",1
"10254",195,0,"Eastern Phoebe",1
"10255",195,0,"Eastern Towhee",1
"10256",195,0,"Eastern Wood-Pewee",1
"10257",195,0,"Fish Crow",1
"10258",195,0,"Great Blue Heron",1
"10259",195,0,"Great Crested Flycatcher",1
"10260",195,0,"Hairy Woodpecker",1
"10261",195,0,"House Finch",1
"10262",195,0,"Indigo Bunting",1
"10263",195,0,"Killdeer",1
"10264",195,0,"Mourning Dove",1
"10265",195,0,"Northern Cardinal",1
"10266",195,0,"Northern Flicker",1
"10267",195,0,"Northern Mockingbird",1
"10268",195,0,"Northern Parula",1
"10269",195,0,"Osprey",1
"10270",195,0,"Ovenbird",1
"10271",195,0,"Pileated Woodpecker",1
"10272",195,0,"Pine Warbler",1
"10273",195,0,"Red-bellied Woodpecker",1
"10274",195,0,"Red-eyed Vireo",1
"10275",195,0,"Red-headed Woodpecker",1
"10276",195,0,"Red-shouldered Hawk",1
"10277",195,0,"Red-tailed Hawk",1
"10278",195,0,"Red-winged Blackbird",1
"10279",195,0,"Ruby-throated Hummingbird",1
"10280",195,0,"Scarlet Tanager",1
"10281",195,0,"Summer Tanager",1
"10282",195,0,"Tufted Titmouse",1
"10283",195,0,"White-breasted Nuthatch",1
"10284",195,0,"White-eyed Vireo",1
"10285",195,0,"Yellow-billed Cuckoo",1
"10286",195,0,"Yellow-throated Vireo",1
"10287",195,0,"Yellow-throated Warbler",1
"10288",195,1,"Acadian Flycatcher",1200
"10289",195,1,"American Crow",1196
"10290",195,1,"American Goldfinch",1200
"10291",195,1,"American Redstart",1200
"10292",195,1,"Barred Owl",1196
"10293",195,1,"Belted Kingfisher",1199
"10294",195,1,"Black Vulture",1191
"10295",195,1,"Black-and-white Warbler",1200
"10296",195,1,"Blue Grosbeak",1200
"10297",195,1,"Blue Jay",1199
"10298",195,1,"Blue-gray Gnatcatcher",1200
"10299",195,1,"Brown Thrasher",1121
"10300",195,1,"Brown-headed Cowbird",1200
"10301",195,1,"Brown-headed Nuthatch",1200
"10302",195,1,"Carolina Chickadee",1200
"10303",195,1,"Carolina Wren",1189
"10304",195,1,"Chimney Swift",1146
"10305",195,1,"Chipping Sparrow",1200
"10306",195,1,"Common Grackle",1192
"10307",195,1,"Common Yellowthroat",1200
"10308",195,1,"Downy Woodpecker",1199
"10309",195,1,"Eastern Bluebird",1199
"10310",195,1,"Eastern Kingbird",1189
"10311",195,1,"Eastern Phoebe",1198
"10312",195,1,"Eastern Towhee",1200
"10313",195,1,"Eastern Wood-Pewee",1200
"10314",195,1,"European Starling",341
"10315",195,1,"Fish Crow",1138
"10316",195,1,"Great Blue Heron",1184
"10317",195,1,"Great Crested Flycatcher",1200
"10318",195,1,"Hairy Woodpecker",1200
"10319",195,1,"House Finch",1163
"10320",195,1,"Indigo Bunting",1200
"10321",195,1,"Killdeer",656
"10322",195,1,"Mourning Dove",1200
"10323",195,1,"Northern Cardinal",1200
"10324",195,1,"Northern Flicker",1200
"10325",195,1,"Northern Mockingbird",1100
"10326",195,1,"Northern Parula",1200
"10327",195,1,"Osprey",1195
"10328",195,1,"Ovenbird",1200
"10329",195,1,"Pileated Woodpecker",1200
"10330",195,1,"Pine Warbler",1200
"10331",195,1,"Red-bellied Woodpecker",1199
"10332",195,1,"Red-eyed Vireo",1186
"10333",195,1,"Red-headed Woodpecker",1200
"10334",195,1,"Red-shouldered Hawk",1197
"10335",195,1,"Red-tailed Hawk",1200
"10336",195,1,"Red-winged Blackbird",1199
"10337",195,1,"Ruby-throated Hummingbird",1200
"10338",195,1,"Scarlet Tanager",1200
"10339",195,1,"Summer Tanager",1200
"10340",195,1,"Tufted Titmouse",1199
"10341",195,1,"Turkey Vulture",64
"10342",195,1,"White-breasted Nuthatch",1195
"10343",195,1,"White-eyed Vireo",1200
"10344",195,1,"Yellow-billed Cuckoo",1200
"10345",195,1,"Yellow-throated Vireo",1199
"10346",195,1,"Yellow-throated Warbler",1200
"10347",195,2,"Acadian Flycatcher",1200
"10348",195,2,"American Crow",1198
"10349",195,2,"American Goldfinch",1191
"10350",195,2,"American Redstart",1199
"10351",195,2,"Barred Owl",1197
"10352",195,2,"Belted Kingfisher",1188
"10353",195,2,"Black Vulture",1163
"10354",195,2,"Black-and-white Warbler",1200
"10355",195,2,"Blue Grosbeak",1200
"10356",195,2,"Blue Jay",1199
"10357",195,2,"Blue-gray Gnatcatcher",1190
"10358",195,2,"Brown Thrasher",1150
"10359",195,2,"Brown-headed Cowbird",1200
"10360",195,2,"Brown-headed Nuthatch",1198
"10361",195,2,"Carolina Chickadee",1188
"10362",195,2,"Carolina Wren",1167
"10363",195,2,"Chimney Swift",1122
"10364",195,2,"Chipping Sparrow",1195
"10365",195,2,"Common Grackle",1172
"10366",195,2,"Common Yellowthroat",1199
"10367",195,2,"Downy Woodpecker",1195
"10368",195,2,"Eastern Bluebird",1180
"10369",195,2,"Eastern Kingbird",1178
"10370",195,2,"Eastern Phoebe",1191
"10371",195,2,"Eastern Towhee",1200
"10372",195,2,"Eastern Wood-Pewee",1200
"10373",195,2,"European Starling",609
"10374",195,2,"Fish Crow",1132
"10375",195,2,"Great Blue Heron",1197
"10376",195,2,"Great Crested Flycatcher",1200
"10377",195,2,"Hairy Woodpecker",1200
"10378",195,2,"House Finch",1082
"10379",195,2,"Indigo Bunting",1200
"10380",195,2,"Killdeer",787
"10381",195,2,"Mourning Dove",1193
"10382",195,2,"Northern Cardinal",1200
"10383",195,2,"Northern Flicker",1193
"10384",195,2,"Northern Mockingbird",1124
"10385",195,2,"Northern Parula",1198
"10386",195,2,"Osprey",1173
"10387",195,2,"Ovenbird",1199
"10388",195,2,"Pileated Woodpecker",1200
"10389",195,2,"Pine Warbler",1196
"10390",195,2,"Red-bellied Woodpecker",1194
"10391",195,2,"Red-eyed Vireo",1179
"10392",195,2,"Red-headed Woodpecker",1200
"10393",195,2,"Red-shouldered Hawk",1189
"10394",195,2,"Red-tailed Hawk",1200
"10395",195,2,"Red-winged Blackbird",1182
"10396",195,2,"Ruby-throated Hummingbird",1198
"10397",195,2,"Scarlet Tanager",1200
"10398",195,2,"Summer Tanager",1200
"10399",195,2,"Tufted Titmouse",1200
"10400",195,2,"Turkey Vulture",79
"10401",195,2,"White-breasted Nuthatch",1180
"10402",195,2,"White-eyed Vireo",1198
"10403",195,2,"Yellow-billed Cuckoo",1200
"10404",195,2,"Yellow-throated Vireo",1196
"10405",195,2,"Yellow-throated Warbler",1200
"10406",195,3,"Acadian Flycatcher",1199
"10407",195,3,"American Crow",1197
"10408",195,3,"American Goldfinch",1197
"10409",195,3,"American Redstart",1199
"10410",195,3,"Barred Owl",1199
"10411",195,3,"Belted Kingfisher",1197
"10412",195,3,"Black Vulture",1163
"10413",195,3,"Black-and-white Warbler",1199
"10414",195,3,"Blue Grosbeak",1199
"10415",195,3,"Blue Jay",1197
"10416",195,3,"Blue-gray Gnatcatcher",1197
"10417",195,3,"Brown Thrasher",1141
"10418",195,3,"Brown-headed Cowbird",1199
"10419",195,3,"Brown-headed Nuthatch",1198
"10420",195,3,"Carolina Chickadee",1198
"10421",195,3,"Carolina Wren",1162
"10422",195,3,"Chimney Swift",1147
"10423",195,3,"Chipping Sparrow",1197
"10424",195,3,"Common Grackle",1167
"10425",195,3,"Common Yellowthroat",1199
"10426",195,3,"Downy Woodpecker",1198
"10427",195,3,"Eastern Bluebird",1181
"10428",195,3,"Eastern Kingbird",1195
"10429",195,3,"Eastern Phoebe",1193
"10430",195,3,"Eastern Towhee",1199
"10431",195,3,"Eastern Wood-Pewee",1199
"10432",195,3,"European Starling",365
"10433",195,3,"Fish Crow",1104
"10434",195,3,"Great Blue Heron",1187
"10435",195,3,"Great Crested Flycatcher",1199
"10436",195,3,"Hairy Woodpecker",1198
"10437",195,3,"House Finch",1050
"10438",195,3,"Indigo Bunting",1199
"10439",195,3,"Killdeer",867
"10440",195,3,"Mourning Dove",1186
"10441",195,3,"Northern Cardinal",1198
"10442",195,3,"Northern Flicker",1195
"10443",195,3,"Northern Mockingbird",1021
"10444",195,3,"Northern Parula",1199
"10445",195,3,"Osprey",1177
"10446",195,3,"Ovenbird",1199
"10447",195,3,"Pileated Woodpecker",1199
"10448",195,3,"Pine Warbler",1199
"10449",195,3,"Red-bellied Woodpecker",1198
"10450",195,3,"Red-eyed Vireo",1188
"10451",195,3,"Red-headed Woodpecker",1198
"10452",195,3,"Red-shouldered Hawk",1187
"10453",195,3,"Red-tailed Hawk",1199
"10454",195,3,"Red-winged Blackbird",1175
"10455",195,3,"Ruby-throated Hummingbird",1199
"10456",195,3,"Scarlet Tanager",1199
"10457",195,3,"Summer Tanager",1199
"10458",195,3,"Tufted Titmouse",1199
"10459",195,3,"Turkey Vulture",22
"10460",195,3,"White-breasted Nuthatch",1191
"10461",195,3,"White-eyed Vireo",1199
"10462",195,3,"Yellow-billed Cuckoo",1199
"10463",195,3,"Yellow-throated Vireo",1199
"10464",195,3,"Yellow-throated Warbler",1199
"10465",196,0,"Acadian Flycatcher",1
"10466",196,0,"American Crow",1
"10467",196,0,"American Goldfinch",1
"10468",196,0,"American Redstart",1
"10469",196,0,"Barred Owl",1
"10470",196,0,"Belted Kingfisher",1
"10471",196,0,"Black Vulture",1
"10472",196,0,"Black-and-white Warbler",1
"10473",196,0,"Blue Grosbeak",1
"10474",196,0,"Blue Jay",1
"10475",196,0,"Blue-gray Gnatcatcher",1
"10476",196,0,"Brown Thrasher",1
"10477",196,0,"Brown-headed Cowbird",1
"10478",196,0,"Brown-headed Nuthatch",1
"10479",196,0,"Carolina Chickadee",1
"10480",196,0,"Carolina Wren",1
"10481",196,0,"Chimney Swift",1
"10482",196,0,"Chipping Sparrow",1
"10483",196,0,"Common Grackle",1
"10484",196,0,"Common Yellowthroat",1
"10485",196,0,"Downy Woodpecker",1
"10486",196,0,"Eastern Bluebird",1
"10487",196,0,"Eastern Kingbird",1
"10488",196,0,"Eastern Phoebe",1
"10489",196,0,"Eastern Towhee",1
"10490",196,0,"Eastern Wood-Pewee",1
"10491",196,0,"Fish Crow",1
"10492",196,0,"Great Blue Heron",1
"10493",196,0,"Great Crested Flycatcher",1
"10494",196,0,"Hairy Woodpecker",1
"10495",196,0,"House Finch",1
"10496",196,0,"Indigo Bunting",1
"10497",196,0,"Killdeer",1
"10498",196,0,"Mourning Dove",1
"10499",196,0,"Northern Cardinal",1
"10500",196,0,"Northern Flicker",1
"10501",196,0,"Northern Mockingbird",1
"10502",196,0,"Northern Parula",1
"10503",196,0,"Osprey",1
"10504",196,0,"Ovenbird",1
"10505",196,0,"Pileated Woodpecker",1
"10506",196,0,"Pine Warbler",1
"10507",196,0,"Red-bellied Woodpecker",1
"10508",196,0,"Red-eyed Vireo",1
"10509",196,0,"Red-headed Woodpecker",1
"10510",196,0,"Red-shouldered Hawk",1
"10511",196,0,"Red-tailed Hawk",1
"10512",196,0,"Red-winged Blackbird",1
"10513",196,0,"Ruby-throated Hummingbird",1
"10514",196,0,"Scarlet Tanager",1
"10515",196,0,"Summer Tanager",1
"10516",196,0,"Tufted Titmouse",1
"10517",196,0,"White-breasted Nuthatch",1
"10518",196,0,"White-eyed Vireo",1
"10519",196,0,"Yellow-billed Cuckoo",1
"10520",196,0,"Yellow-throated Vireo",1
"10521",196,0,"Yellow-throated Warbler",1
"10522",196,1,"Acadian Flycatcher",1200
"10523",196,1,"American Crow",1200
"10524",196,1,"American Goldfinch",1200
"10525",196,1,"American Redstart",1200
"10526",196,1,"Barred Owl",1200
"10527",196,1,"Belted Kingfisher",1200
"10528",196,1,"Black Vulture",1183
"10529",196,1,"Black-and-white Warbler",1200
"10530",196,1,"Blue Grosbeak",1200
"10531",196,1,"Blue Jay",1200
"10532",196,1,"Blue-gray Gnatcatcher",1200
"10533",196,1,"Brown Thrasher",1062
"10534",196,1,"Brown-headed Cowbird",1200
"10535",196,1,"Brown-headed Nuthatch",1199
"10536",196,1,"Carolina Chickadee",1200
"10537",196,1,"Carolina Wren",1197
"10538",196,1,"Chimney Swift",1147
"10539",196,1,"Chipping Sparrow",1200
"10540",196,1,"Common Grackle",1200
"10541",196,1,"Common Yellowthroat",1200
"10542",196,1,"Downy Woodpecker",1200
"10543",196,1,"Eastern Bluebird",1196
"10544",196,1,"Eastern Kingbird",1115
"10545",196,1,"Eastern Phoebe",1200
"10546",196,1,"Eastern Towhee",1200
"10547",196,1,"Eastern Wood-Pewee",1200
"10548",196,1,"European Starling",253
"10549",196,1,"Fish Crow",1126
"10550",196,1,"Great Blue Heron",1144
"10551",196,1,"Great Crested Flycatcher",1200
"10552",196,1,"Hairy Woodpecker",1200
"10553",196,1,"House Finch",1159
"10554",196,1,"Indigo Bunting",1200
"10555",196,1,"Killdeer",485
"10556",196,1,"Mourning Dove",1199
"10557",196,1,"Northern Cardinal",1200
"10558",196,1,"Northern Flicker",1200
"10559",196,1,"Northern Mockingbird",1078
"10560",196,1,"Northern Parula",1200
"10561",196,1,"Osprey",1199
"10562",196,1,"Ovenbird",1200
"10563",196,1,"Pileated Woodpecker",1200
"10564",196,1,"Pine Warbler",1200
"10565",196,1,"Red-bellied Woodpecker",1200
"10566",196,1,"Red-eyed Vireo",1198
"10567",196,1,"Red-headed Woodpecker",1200
"10568",196,1,"Red-shouldered Hawk",1199
"10569",196,1,"Red-tailed Hawk",1200
"10570",196,1,"Red-winged Blackbird",1196
"10571",196,1,"Ruby-throated Hummingbird",1200
"10572",196,1,"Scarlet Tanager",1200
"10573",196,1,"Summer Tanager",1200
"10574",196,1,"Tufted Titmouse",1200
"10575",196,1,"Turkey Vulture",4
"10576",196,1,"White-breasted Nuthatch",1200
"10577",196,1,"White-eyed Vireo",1200
"10578",196,1,"Yellow-billed Cuckoo",1200
"10579",196,1,"Yellow-throated Vireo",1200
"10580",196,1,"Yellow-throated Warbler",1200
"10581",196,2,"Acadian Flycatcher",1200
"10582",196,2,"American Crow",1199
"10583",196,2,"American Goldfinch",1200
"10584",196,2,"American Redstart",1200
"10585",196,2,"Barred Owl",1200
"10586",196,2,"Belted Kingfisher",1200
"10587",196,2,"Black Vulture",1163
"10588",196,2,"Black-and-white Warbler",1200
"10589",196,2,"Blue Grosbeak",1200
"10590",196,2,"Blue Jay",1200
"10591",196,2,"Blue-gray Gnatcatcher",1200
"10592",196,2,"Brown Thrasher",983
"10593",196,2,"Brown-headed Cowbird",1200
"10594",196,2,"Brown-headed Nuthatch",1199
"10595",196,2,"Carolina Chickadee",1199
"10596",196,2,"Carolina Wren",1196
"10597",196,2,"Chimney Swift",1162
"10598",196,2,"Chipping Sparrow",1199
"10599",196,2,"Common Grackle",1194
"10600",196,2,"Common Yellowthroat",1200
"10601",196,2,"Downy Woodpecker",1200
"10602",196,2,"Eastern Bluebird",1196
"10603",196,2,"Eastern Kingbird",1195
"10604",196,2,"Eastern Phoebe",1198
"10605",196,2,"Eastern Towhee",1200
"10606",196,2,"Eastern Wood-Pewee",1200
"10607",196,2,"European Starling",242
"10608",196,2,"Fish Crow",1077
"10609",196,2,"Great Blue Heron",1176
"10610",196,2,"Great Crested Flycatcher",1200
"10611",196,2,"Hairy Woodpecker",1200
"10612",196,2,"House Finch",1075
"10613",196,2,"Indigo Bunting",1200
"10614",196,2,"Killdeer",804
"10615",196,2,"Mourning Dove",1200
"10616",196,2,"Northern Cardinal",1200
"10617",196,2,"Northern Flicker",1200
"10618",196,2,"Northern Mockingbird",1048
"10619",196,2,"Northern Parula",1200
"10620",196,2,"Osprey",1199
"10621",196,2,"Ovenbird",1200
"10622",196,2,"Pileated Woodpecker",1200
"10623",196,2,"Pine Warbler",1200
"10624",196,2,"Red-bellied Woodpecker",1200
"10625",196,2,"Red-eyed Vireo",1197
"10626",196,2,"Red-headed Woodpecker",1200
"10627",196,2,"Red-shouldered Hawk",1196
"10628",196,2,"Red-tailed Hawk",1200
"10629",196,2,"Red-winged Blackbird",1182
"10630",196,2,"Ruby-throated Hummingbird",1200
"10631",196,2,"Scarlet Tanager",1200
"10632",196,2,"Summer Tanager",1200
"10633",196,2,"Tufted Titmouse",1200
"10634",196,2,"White-breasted Nuthatch",1200
"10635",196,2,"White-eyed Vireo",1200
"10636",196,2,"Yellow-billed Cuckoo",1200
"10637",196,2,"Yellow-throated Vireo",1200
"10638",196,2,"Yellow-throated Warbler",1200
"10639",196,3,"Acadian Flycatcher",1199
"10640",196,3,"American Crow",1199
"10641",196,3,"American Goldfinch",1199
"10642",196,3,"American Redstart",1199
"10643",196,3,"Barred Owl",1199
"10644",196,3,"Belted Kingfisher",1199
"10645",196,3,"Black Vulture",1175
"10646",196,3,"Black-and-white Warbler",1199
"10647",196,3,"Blue Grosbeak",1199
"10648",196,3,"Blue Jay",1199
"10649",196,3,"Blue-gray Gnatcatcher",1199
"10650",196,3,"Brown Thrasher",947
"10651",196,3,"Brown-headed Cowbird",1198
"10652",196,3,"Brown-headed Nuthatch",1199
"10653",196,3,"Carolina Chickadee",1199
"10654",196,3,"Carolina Wren",1197
"10655",196,3,"Chimney Swift",1184
"10656",196,3,"Chipping Sparrow",1191
"10657",196,3,"Common Grackle",1192
"10658",196,3,"Common Yellowthroat",1199
"10659",196,3,"Downy Woodpecker",1199
"10660",196,3,"Eastern Bluebird",1189
"10661",196,3,"Eastern Kingbird",1185
"10662",196,3,"Eastern Phoebe",1196
"10663",196,3,"Eastern Towhee",1199
"10664",196,3,"Eastern Wood-Pewee",1199
"10665",196,3,"European Starling",169
"10666",196,3,"Fish Crow",1044
"10667",196,3,"Great Blue Heron",1166
"10668",196,3,"Great Crested Flycatcher",1199
"10669",196,3,"Hairy Woodpecker",1199
"10670",196,3,"House Finch",1094
"10671",196,3,"Indigo Bunting",1199
"10672",196,3,"Killdeer",478
"10673",196,3,"Mourning Dove",1195
"10674",196,3,"Northern Cardinal",1199
"10675",196,3,"Northern Flicker",1199
"10676",196,3,"Northern Mockingbird",1011
"10677",196,3,"Northern Parula",1199
"10678",196,3,"Osprey",1191
"10679",196,3,"Ovenbird",1199
"10680",196,3,"Pileated Woodpecker",1199
"10681",196,3,"Pine Warbler",1199
"10682",196,3,"Red-bellied Woodpecker",1198
"10683",196,3,"Red-eyed Vireo",1198
"10684",196,3,"Red-headed Woodpecker",1199
"10685",196,3,"Red-shouldered Hawk",1188
"10686",196,3,"Red-tailed Hawk",1199
"10687",196,3,"Red-winged Blackbird",1135
"10688",196,3,"Ruby-throated Hummingbird",1199
"10689",196,3,"Scarlet Tanager",1198
"10690",196,3,"Summer Tanager",1199
"10691",196,3,"Tufted Titmouse",1199
"10692",196,3,"Turkey Vulture",14
"10693",196,3,"White-breasted Nuthatch",1199
"10694",196,3,"White-eyed Vireo",1199
"10695",196,3,"Yellow-billed Cuckoo",1199
"10696",196,3,"Yellow-throated Vireo",1199
"10697",196,3,"Yellow-throated Warbler",1199
"10698",197,0,"Acadian Flycatcher",1
"10699",197,0,"American Crow",1
"10700",197,0,"American Goldfinch",1
"10701",197,0,"American Redstart",1
"10702",197,0,"Barred Owl",1
"10703",197,0,"Belted Kingfisher",1
"10704",197,0,"Black Vulture",1
"10705",197,0,"Black-and-white Warbler",1
"10706",197,0,"Blue Grosbeak",1
"10707",197,0,"Blue Jay",1
"10708",197,0,"Blue-gray Gnatcatcher",1
"10709",197,0,"Brown Thrasher",1
"10710",197,0,"Brown-headed Cowbird",1
"10711",197,0,"Brown-headed Nuthatch",1
"10712",197,0,"Carolina Chickadee",1
"10713",197,0,"Carolina Wren",1
"10714",197,0,"Chimney Swift",1
"10715",197,0,"Chipping Sparrow",1
"10716",197,0,"Common Grackle",1
"10717",197,0,"Common Yellowthroat",1
"10718",197,0,"Downy Woodpecker",1
"10719",197,0,"Eastern Bluebird",1
"10720",197,0,"Eastern Kingbird",1
"10721",197,0,"Eastern Phoebe",1
"10722",197,0,"Eastern Towhee",1
"10723",197,0,"Eastern Wood-Pewee",1
"10724",197,0,"Fish Crow",1
"10725",197,0,"Great Blue Heron",1
"10726",197,0,"Great Crested Flycatcher",1
"10727",197,0,"Hairy Woodpecker",1
"10728",197,0,"House Finch",1
"10729",197,0,"Indigo Bunting",1
"10730",197,0,"Killdeer",1
"10731",197,0,"Mourning Dove",1
"10732",197,0,"Northern Cardinal",1
"10733",197,0,"Northern Flicker",1
"10734",197,0,"Northern Mockingbird",1
"10735",197,0,"Northern Parula",1
"10736",197,0,"Osprey",1
"10737",197,0,"Ovenbird",1
"10738",197,0,"Pileated Woodpecker",1
"10739",197,0,"Pine Warbler",1
"10740",197,0,"Red-bellied Woodpecker",1
"10741",197,0,"Red-eyed Vireo",1
"10742",197,0,"Red-headed Woodpecker",1
"10743",197,0,"Red-shouldered Hawk",1
"10744",197,0,"Red-tailed Hawk",1
"10745",197,0,"Red-winged Blackbird",1
"10746",197,0,"Ruby-throated Hummingbird",1
"10747",197,0,"Scarlet Tanager",1
"10748",197,0,"Summer Tanager",1
"10749",197,0,"Tufted Titmouse",1
"10750",197,0,"White-breasted Nuthatch",1
"10751",197,0,"White-eyed Vireo",1
"10752",197,0,"Yellow-billed Cuckoo",1
"10753",197,0,"Yellow-throated Vireo",1
"10754",197,0,"Yellow-throated Warbler",1
"10755",197,1,"Acadian Flycatcher",1200
"10756",197,1,"American Crow",1200
"10757",197,1,"American Goldfinch",1200
"10758",197,1,"American Redstart",1200
"10759",197,1,"Barred Owl",1200
"10760",197,1,"Belted Kingfisher",1200
"10761",197,1,"Black Vulture",1197
"10762",197,1,"Black-and-white Warbler",1200
"10763",197,1,"Blue Grosbeak",1200
"10764",197,1,"Blue Jay",1200
"10765",197,1,"Blue-gray Gnatcatcher",1200
"10766",197,1,"Brown Thrasher",1150
"10767",197,1,"Brown-headed Cowbird",1200
"10768",197,1,"Brown-headed Nuthatch",1198
"10769",197,1,"Carolina Chickadee",1200
"10770",197,1,"Carolina Wren",1194
"10771",197,1,"Chimney Swift",1190
"10772",197,1,"Chipping Sparrow",1200
"10773",197,1,"Common Grackle",1200
"10774",197,1,"Common Yellowthroat",1200
"10775",197,1,"Downy Woodpecker",1200
"10776",197,1,"Eastern Bluebird",1199
"10777",197,1,"Eastern Kingbird",1131
"10778",197,1,"Eastern Phoebe",1200
"10779",197,1,"Eastern Towhee",1200
"10780",197,1,"Eastern Wood-Pewee",1200
"10781",197,1,"European Starling",366
"10782",197,1,"Fish Crow",1187
"10783",197,1,"Great Blue Heron",1199
"10784",197,1,"Great Crested Flycatcher",1200
"10785",197,1,"Hairy Woodpecker",1200
"10786",197,1,"House Finch",1180
"10787",197,1,"Indigo Bunting",1200
"10788",197,1,"Killdeer",924
"10789",197,1,"Mourning Dove",1200
"10790",197,1,"Northern Cardinal",1200
"10791",197,1,"Northern Flicker",1200
"10792",197,1,"Northern Mockingbird",1177
"10793",197,1,"Northern Parula",1200
"10794",197,1,"Osprey",1198
"10795",197,1,"Ovenbird",1200
"10796",197,1,"Pileated Woodpecker",1200
"10797",197,1,"Pine Warbler",1200
"10798",197,1,"Red-bellied Woodpecker",1200
"10799",197,1,"Red-eyed Vireo",1200
"10800",197,1,"Red-headed Woodpecker",1200
"10801",197,1,"Red-shouldered Hawk",1200
"10802",197,1,"Red-tailed Hawk",1200
"10803",197,1,"Red-winged Blackbird",1193
"10804",197,1,"Ruby-throated Hummingbird",1200
"10805",197,1,"Scarlet Tanager",1200
"10806",197,1,"Summer Tanager",1200
"10807",197,1,"Tufted Titmouse",1200
"10808",197,1,"Turkey Vulture",6
"10809",197,1,"White-breasted Nuthatch",1200
"10810",197,1,"White-eyed Vireo",1200
"10811",197,1,"Yellow-billed Cuckoo",1200
"10812",197,1,"Yellow-throated Vireo",1200
"10813",197,1,"Yellow-throated Warbler",1200
"10814",197,2,"Acadian Flycatcher",1200
"10815",197,2,"American Crow",1200
"10816",197,2,"American Goldfinch",1200
"10817",197,2,"American Redstart",1200
"10818",197,2,"Barred Owl",1200
"10819",197,2,"Belted Kingfisher",1200
"10820",197,2,"Black Vulture",1190
"10821",197,2,"Black-and-white Warbler",1200
"10822",197,2,"Blue Grosbeak",1200
"10823",197,2,"Blue Jay",1199
"10824",197,2,"Blue-gray Gnatcatcher",1200
"10825",197,2,"Brown Thrasher",1129
"10826",197,2,"Brown-headed Cowbird",1200
"10827",197,2,"Brown-headed Nuthatch",1198
"10828",197,2,"Carolina Chickadee",1200
"10829",197,2,"Carolina Wren",1194
"10830",197,2,"Chimney Swift",1181
"10831",197,2,"Chipping Sparrow",1197
"10832",197,2,"Common Grackle",1196
"10833",197,2,"Common Yellowthroat",1200
"10834",197,2,"Downy Woodpecker",1200
"10835",197,2,"Eastern Bluebird",1196
"10836",197,2,"Eastern Kingbird",1199
"10837",197,2,"Eastern Phoebe",1199
"10838",197,2,"Eastern Towhee",1200
"10839",197,2,"Eastern Wood-Pewee",1200
"10840",197,2,"European Starling",299
"10841",197,2,"Fish Crow",1173
"10842",197,2,"Great Blue Heron",1200
"10843",197,2,"Great Crested Flycatcher",1200
"10844",197,2,"Hairy Woodpecker",1200
"10845",197,2,"House Finch",1153
"10846",197,2,"Indigo Bunting",1200
"10847",197,2,"Killdeer",1048
"10848",197,2,"Mourning Dove",1198
"10849",197,2,"Northern Cardinal",1199
"10850",197,2,"Northern Flicker",1200
"10851",197,2,"Northern Mockingbird",1139
"10852",197,2,"Northern Parula",1200
"10853",197,2,"Osprey",1199
"10854",197,2,"Ovenbird",1200
"10855",197,2,"Pileated Woodpecker",1200
"10856",197,2,"Pine Warbler",1200
"10857",197,2,"Red-bellied Woodpecker",1198
"10858",197,2,"Red-eyed Vireo",1199
"10859",197,2,"Red-headed Woodpecker",1200
"10860",197,2,"Red-shouldered Hawk",1199
"10861",197,2,"Red-tailed Hawk",1200
"10862",197,2,"Red-winged Blackbird",1190
"10863",197,2,"Ruby-throated Hummingbird",1200
"10864",197,2,"Scarlet Tanager",1200
"10865",197,2,"Summer Tanager",1200
"10866",197,2,"Tufted Titmouse",1200
"10867",197,2,"Turkey Vulture",11
"10868",197,2,"White-breasted Nuthatch",1199
"10869",197,2,"White-eyed Vireo",1200
"10870",197,2,"Yellow-billed Cuckoo",1200
"10871",197,2,"Yellow-throated Vireo",1200
"10872",197,2,"Yellow-throated Warbler",1200
"10873",197,3,"Acadian Flycatcher",1199
"10874",197,3,"American Crow",1199
"10875",197,3,"American Goldfinch",1194
"10876",197,3,"American Redstart",1199
"10877",197,3,"Barred Owl",1198
"10878",197,3,"Belted Kingfisher",1199
"10879",197,3,"Black Vulture",1135
"10880",197,3,"Black-and-white Warbler",1199
"10881",197,3,"Blue Grosbeak",1199
"10882",197,3,"Blue Jay",1198
"10883",197,3,"Blue-gray Gnatcatcher",1199
"10884",197,3,"Brown Thrasher",1046
"10885",197,3,"Brown-headed Cowbird",1199
"10886",197,3,"Brown-headed Nuthatch",1196
"10887",197,3,"Carolina Chickadee",1199
"10888",197,3,"Carolina Wren",1192
"10889",197,3,"Chimney Swift",1141
"10890",197,3,"Chipping Sparrow",1199
"10891",197,3,"Common Grackle",1190
"10892",197,3,"Common Yellowthroat",1199
"10893",197,3,"Downy Woodpecker",1198
"10894",197,3,"Eastern Bluebird",1185
"10895",197,3,"Eastern Kingbird",1186
"10896",197,3,"Eastern Phoebe",1197
"10897",197,3,"Eastern Towhee",1199
"10898",197,3,"Eastern Wood-Pewee",1199
"10899",197,3,"European Starling",178
"10900",197,3,"Fish Crow",1087
"10901",197,3,"Great Blue Heron",1163
"10902",197,3,"Great Crested Flycatcher",1199
"10903",197,3,"Hairy Woodpecker",1199
"10904",197,3,"House Finch",1133
"10905",197,3,"Indigo Bunting",1199
"10906",197,3,"Killdeer",903
"10907",197,3,"Mourning Dove",1194
"10908",197,3,"Northern Cardinal",1198
"10909",197,3,"Northern Flicker",1198
"10910",197,3,"Northern Mockingbird",1065
"10911",197,3,"Northern Parula",1199
"10912",197,3,"Osprey",1196
"10913",197,3,"Ovenbird",1199
"10914",197,3,"Pileated Woodpecker",1199
"10915",197,3,"Pine Warbler",1199
"10916",197,3,"Red-bellied Woodpecker",1199
"10917",197,3,"Red-eyed Vireo",1199
"10918",197,3,"Red-headed Woodpecker",1197
"10919",197,3,"Red-shouldered Hawk",1189
"10920",197,3,"Red-tailed Hawk",1199
"10921",197,3,"Red-winged Blackbird",1157
"10922",197,3,"Ruby-throated Hummingbird",1199
"10923",197,3,"Scarlet Tanager",1199
"10924",197,3,"Summer Tanager",1199
"10925",197,3,"Tufted Titmouse",1199
"10926",197,3,"Turkey Vulture",87
"10927",197,3,"White-breasted Nuthatch",1196
"10928",197,3,"White-eyed Vireo",1199
"10929",197,3,"Yellow-billed Cuckoo",1199
"10930",197,3,"Yellow-throated Vireo",1199
"10931",197,3,"Yellow-throated Warbler",1199
"10932",198,0,"Acadian Flycatcher",1
"10933",198,0,"American Crow",1
"10934",198,0,"American Goldfinch",1
"10935",198,0,"American Redstart",1
"10936",198,0,"Barred Owl",1
"10937",198,0,"Belted Kingfisher",1
"10938",198,0,"Black Vulture",1
"10939",198,0,"Black-and-white Warbler",1
"10940",198,0,"Blue Grosbeak",1
"10941",198,0,"Blue Jay",1
"10942",198,0,"Blue-gray Gnatcatcher",1
"10943",198,0,"Brown Thrasher",1
"10944",198,0,"Brown-headed Cowbird",1
"10945",198,0,"Brown-headed Nuthatch",1
"10946",198,0,"Carolina Chickadee",1
"10947",198,0,"Carolina Wren",1
"10948",198,0,"Chimney Swift",1
"10949",198,0,"Chipping Sparrow",1
"10950",198,0,"Common Grackle",1
"10951",198,0,"Common Yellowthroat",1
"10952",198,0,"Downy Woodpecker",1
"10953",198,0,"Eastern Bluebird",1
"10954",198,0,"Eastern Kingbird",1
"10955",198,0,"Eastern Phoebe",1
"10956",198,0,"Eastern Towhee",1
"10957",198,0,"Eastern Wood-Pewee",1
"10958",198,0,"Fish Crow",1
"10959",198,0,"Great Blue Heron",1
"10960",198,0,"Great Crested Flycatcher",1
"10961",198,0,"Hairy Woodpecker",1
"10962",198,0,"House Finch",1
"10963",198,0,"Indigo Bunting",1
"10964",198,0,"Killdeer",1
"10965",198,0,"Mourning Dove",1
"10966",198,0,"Northern Cardinal",1
"10967",198,0,"Northern Flicker",1
"10968",198,0,"Northern Mockingbird",1
"10969",198,0,"Northern Parula",1
"10970",198,0,"Osprey",1
"10971",198,0,"Ovenbird",1
"10972",198,0,"Pileated Woodpecker",1
"10973",198,0,"Pine Warbler",1
"10974",198,0,"Red-bellied Woodpecker",1
"10975",198,0,"Red-eyed Vireo",1
"10976",198,0,"Red-headed Woodpecker",1
"10977",198,0,"Red-shouldered Hawk",1
"10978",198,0,"Red-tailed Hawk",1
"10979",198,0,"Red-winged Blackbird",1
"10980",198,0,"Ruby-throated Hummingbird",1
"10981",198,0,"Scarlet Tanager",1
"10982",198,0,"Summer Tanager",1
"10983",198,0,"Tufted Titmouse",1
"10984",198,0,"White-breasted Nuthatch",1
"10985",198,0,"White-eyed Vireo",1
"10986",198,0,"Yellow-billed Cuckoo",1
"10987",198,0,"Yellow-throated Vireo",1
"10988",198,0,"Yellow-throated Warbler",1
"10989",198,1,"Acadian Flycatcher",1200
"10990",198,1,"American Crow",1199
"10991",198,1,"American Goldfinch",1200
"10992",198,1,"American Redstart",1200
"10993",198,1,"Barred Owl",1199
"10994",198,1,"Belted Kingfisher",1200
"10995",198,1,"Black Vulture",1165
"10996",198,1,"Black-and-white Warbler",1200
"10997",198,1,"Blue Grosbeak",1200
"10998",198,1,"Blue Jay",1200
"10999",198,1,"Blue-gray Gnatcatcher",1200
"11000",198,1,"Brown Thrasher",1105
"11001",198,1,"Brown-headed Cowbird",1200
"11002",198,1,"Brown-headed Nuthatch",1200
"11003",198,1,"Carolina Chickadee",1200
"11004",198,1,"Carolina Wren",1198
"11005",198,1,"Chimney Swift",1098
"11006",198,1,"Chipping Sparrow",1200
"11007",198,1,"Common Grackle",1200
"11008",198,1,"Common Yellowthroat",1200
"11009",198,1,"Downy Woodpecker",1199
"11010",198,1,"Eastern Bluebird",1199
"11011",198,1,"Eastern Kingbird",1156
"11012",198,1,"Eastern Phoebe",1199
"11013",198,1,"Eastern Towhee",1200
"11014",198,1,"Eastern Wood-Pewee",1200
"11015",198,1,"European Starling",237
"11016",198,1,"Fish Crow",1128
"11017",198,1,"Great Blue Heron",1193
"11018",198,1,"Great Crested Flycatcher",1200
"11019",198,1,"Hairy Woodpecker",1199
"11020",198,1,"House Finch",1138
"11021",198,1,"Indigo Bunting",1200
"11022",198,1,"Killdeer",713
"11023",198,1,"Mourning Dove",1200
"11024",198,1,"Northern Cardinal",1200
"11025",198,1,"Northern Flicker",1199
"11026",198,1,"Northern Mockingbird",1104
"11027",198,1,"Northern Parula",1200
"11028",198,1,"Osprey",1194
"11029",198,1,"Ovenbird",1200
"11030",198,1,"Pileated Woodpecker",1199
"11031",198,1,"Pine Warbler",1200
"11032",198,1,"Red-bellied Woodpecker",1200
"11033",198,1,"Red-eyed Vireo",1199
"11034",198,1,"Red-headed Woodpecker",1200
"11035",198,1,"Red-shouldered Hawk",1200
"11036",198,1,"Red-tailed Hawk",1200
"11037",198,1,"Red-winged Blackbird",1192
"11038",198,1,"Ruby-throated Hummingbird",1200
"11039",198,1,"Scarlet Tanager",1200
"11040",198,1,"Summer Tanager",1200
"11041",198,1,"Tufted Titmouse",1200
"11042",198,1,"Turkey Vulture",10
"11043",198,1,"White-breasted Nuthatch",1200
"11044",198,1,"White-eyed Vireo",1200
"11045",198,1,"Yellow-billed Cuckoo",1200
"11046",198,1,"Yellow-throated Vireo",1200
"11047",198,1,"Yellow-throated Warbler",1200
"11048",198,2,"Acadian Flycatcher",1200
"11049",198,2,"American Crow",1200
"11050",198,2,"American Goldfinch",1200
"11051",198,2,"American Redstart",1200
"11052",198,2,"Barred Owl",1200
"11053",198,2,"Belted Kingfisher",1200
"11054",198,2,"Black Vulture",1189
"11055",198,2,"Black-and-white Warbler",1200
"11056",198,2,"Blue Grosbeak",1200
"11057",198,2,"Blue Jay",1200
"11058",198,2,"Blue-gray Gnatcatcher",1200
"11059",198,2,"Brown Thrasher",1064
"11060",198,2,"Brown-headed Cowbird",1200
"11061",198,2,"Brown-headed Nuthatch",1200
"11062",198,2,"Carolina Chickadee",1200
"11063",198,2,"Carolina Wren",1192
"11064",198,2,"Chimney Swift",1107
"11065",198,2,"Chipping Sparrow",1199
"11066",198,2,"Common Grackle",1198
"11067",198,2,"Common Yellowthroat",1200
"11068",198,2,"Downy Woodpecker",1200
"11069",198,2,"Eastern Bluebird",1200
"11070",198,2,"Eastern Kingbird",1193
"11071",198,2,"Eastern Phoebe",1200
"11072",198,2,"Eastern Towhee",1200
"11073",198,2,"Eastern Wood-Pewee",1200
"11074",198,2,"European Starling",286
"11075",198,2,"Fish Crow",1095
"11076",198,2,"Great Blue Heron",1199
"11077",198,2,"Great Crested Flycatcher",1200
"11078",198,2,"Hairy Woodpecker",1200
"11079",198,2,"House Finch",1132
"11080",198,2,"Indigo Bunting",1200
"11081",198,2,"Killdeer",945
"11082",198,2,"Mourning Dove",1200
"11083",198,2,"Northern Cardinal",1200
"11084",198,2,"Northern Flicker",1200
"11085",198,2,"Northern Mockingbird",1114
"11086",198,2,"Northern Parula",1200
"11087",198,2,"Osprey",1173
"11088",198,2,"Ovenbird",1200
"11089",198,2,"Pileated Woodpecker",1200
"11090",198,2,"Pine Warbler",1200
"11091",198,2,"Red-bellied Woodpecker",1200
"11092",198,2,"Red-eyed Vireo",1198
"11093",198,2,"Red-headed Woodpecker",1200
"11094",198,2,"Red-shouldered Hawk",1200
"11095",198,2,"Red-tailed Hawk",1200
"11096",198,2,"Red-winged Blackbird",1186
"11097",198,2,"Ruby-throated Hummingbird",1200
"11098",198,2,"Scarlet Tanager",1200
"11099",198,2,"Summer Tanager",1200
"11100",198,2,"Tufted Titmouse",1200
"11101",198,2,"Turkey Vulture",8
"11102",198,2,"White-breasted Nuthatch",1199
"11103",198,2,"White-eyed Vireo",1199
"11104",198,2,"Yellow-billed Cuckoo",1200
"11105",198,2,"Yellow-throated Vireo",1200
"11106",198,2,"Yellow-throated Warbler",1200
"11107",198,3,"Acadian Flycatcher",1199
"11108",198,3,"American Crow",1199
"11109",198,3,"American Goldfinch",1199
"11110",198,3,"American Redstart",1199
"11111",198,3,"Barred Owl",1199
"11112",198,3,"Belted Kingfisher",1199
"11113",198,3,"Black Vulture",1156
"11114",198,3,"Black-and-white Warbler",1199
"11115",198,3,"Blue Grosbeak",1199
"11116",198,3,"Blue Jay",1197
"11117",198,3,"Blue-gray Gnatcatcher",1199
"11118",198,3,"Brown Thrasher",1002
"11119",198,3,"Brown-headed Cowbird",1198
"11120",198,3,"Brown-headed Nuthatch",1196
"11121",198,3,"Carolina Chickadee",1199
"11122",198,3,"Carolina Wren",1183
"11123",198,3,"Chimney Swift",1160
"11124",198,3,"Chipping Sparrow",1194
"11125",198,3,"Common Grackle",1184
"11126",198,3,"Common Yellowthroat",1199
"11127",198,3,"Downy Woodpecker",1199
"11128",198,3,"Eastern Bluebird",1181
"11129",198,3,"Eastern Kingbird",1196
"11130",198,3,"Eastern Phoebe",1196
"11131",198,3,"Eastern Towhee",1199
"11132",198,3,"Eastern Wood-Pewee",1199
"11133",198,3,"European Starling",367
"11134",198,3,"Fish Crow",1143
"11135",198,3,"Great Blue Heron",1180
"11136",198,3,"Great Crested Flycatcher",1199
"11137",198,3,"Hairy Woodpecker",1198
"11138",198,3,"House Finch",1085
"11139",198,3,"Indigo Bunting",1199
"11140",198,3,"Killdeer",896
"11141",198,3,"Mourning Dove",1165
"11142",198,3,"Northern Cardinal",1198
"11143",198,3,"Northern Flicker",1197
"11144",198,3,"Northern Mockingbird",1016
"11145",198,3,"Northern Parula",1199
"11146",198,3,"Osprey",1163
"11147",198,3,"Ovenbird",1199
"11148",198,3,"Pileated Woodpecker",1199
"11149",198,3,"Pine Warbler",1199
"11150",198,3,"Red-bellied Woodpecker",1198
"11151",198,3,"Red-eyed Vireo",1189
"11152",198,3,"Red-headed Woodpecker",1198
"11153",198,3,"Red-shouldered Hawk",1189
"11154",198,3,"Red-tailed Hawk",1198
"11155",198,3,"Red-winged Blackbird",1170
"11156",198,3,"Ruby-throated Hummingbird",1199
"11157",198,3,"Scarlet Tanager",1199
"11158",198,3,"Summer Tanager",1199
"11159",198,3,"Tufted Titmouse",1199
"11160",198,3,"Turkey Vulture",16
"11161",198,3,"White-breasted Nuthatch",1195
"11162",198,3,"White-eyed Vireo",1198
"11163",198,3,"Yellow-billed Cuckoo",1199
"11164",198,3,"Yellow-throated Vireo",1199
"11165",198,3,"Yellow-throated Warbler",1199
"11166",199,0,"Acadian Flycatcher",1
"11167",199,0,"American Crow",1
"11168",199,0,"American Goldfinch",1
"11169",199,0,"American Redstart",1
"11170",199,0,"Barred Owl",1
"11171",199,0,"Belted Kingfisher",1
"11172",199,0,"Black Vulture",1
"11173",199,0,"Black-and-white Warbler",1
"11174",199,0,"Blue Grosbeak",1
"11175",199,0,"Blue Jay",1
"11176",199,0,"Blue-gray Gnatcatcher",1
"11177",199,0,"Brown Thrasher",1
"11178",199,0,"Brown-headed Cowbird",1
"11179",199,0,"Brown-headed Nuthatch",1
"11180",199,0,"Carolina Chickadee",1
"11181",199,0,"Carolina Wren",1
"11182",199,0,"Chipping Sparrow",1
"11183",199,0,"Common Grackle",1
"11184",199,0,"Common Yellowthroat",1
"11185",199,0,"Downy Woodpecker",1
"11186",199,0,"Eastern Bluebird",1
"11187",199,0,"Eastern Phoebe",1
"11188",199,0,"Eastern Towhee",1
"11189",199,0,"Eastern Wood-Pewee",1
"11190",199,0,"Fish Crow",1
"11191",199,0,"Great Blue Heron",1
"11192",199,0,"Great Crested Flycatcher",1
"11193",199,0,"Hairy Woodpecker",1
"11194",199,0,"House Finch",1
"11195",199,0,"Indigo Bunting",1
"11196",199,0,"Mourning Dove",1
"11197",199,0,"Northern Cardinal",1
"11198",199,0,"Northern Flicker",1
"11199",199,0,"Northern Mockingbird",1
"11200",199,0,"Northern Parula",1
"11201",199,0,"Osprey",1
"11202",199,0,"Ovenbird",1
"11203",199,0,"Pileated Woodpecker",1
"11204",199,0,"Pine Warbler",1
"11205",199,0,"Red-bellied Woodpecker",1
"11206",199,0,"Red-eyed Vireo",1
"11207",199,0,"Red-headed Woodpecker",1
"11208",199,0,"Red-shouldered Hawk",1
"11209",199,0,"Red-tailed Hawk",1
"11210",199,0,"Red-winged Blackbird",1
"11211",199,0,"Ruby-throated Hummingbird",1
"11212",199,0,"Scarlet Tanager",1
"11213",199,0,"Summer Tanager",1
"11214",199,0,"Tufted Titmouse",1
"11215",199,0,"White-breasted Nuthatch",1
"11216",199,0,"White-eyed Vireo",1
"11217",199,0,"Yellow-billed Cuckoo",1
"11218",199,0,"Yellow-throated Vireo",1
"11219",199,0,"Yellow-throated Warbler",1
"11220",199,1,"Acadian Flycatcher",1200
"11221",199,1,"American Crow",1200
"11222",199,1,"American Goldfinch",1200
"11223",199,1,"American Redstart",1200
"11224",199,1,"Barred Owl",1200
"11225",199,1,"Belted Kingfisher",1200
"11226",199,1,"Black Vulture",1100
"11227",199,1,"Black-and-white Warbler",1200
"11228",199,1,"Blue Grosbeak",1200
"11229",199,1,"Blue Jay",1199
"11230",199,1,"Blue-gray Gnatcatcher",1200
"11231",199,1,"Brown Thrasher",803
"11232",199,1,"Brown-headed Cowbird",1198
"11233",199,1,"Brown-headed Nuthatch",1178
"11234",199,1,"Carolina Chickadee",1200
"11235",199,1,"Carolina Wren",1200
"11236",199,1,"Chimney Swift",940
"11237",199,1,"Chipping Sparrow",1193
"11238",199,1,"Common Grackle",1186
"11239",199,1,"Common Yellowthroat",1200
"11240",199,1,"Downy Woodpecker",1199
"11241",199,1,"Eastern Bluebird",997
"11242",199,1,"Eastern Kingbird",887
"11243",199,1,"Eastern Phoebe",1200
"11244",199,1,"Eastern Towhee",1200
"11245",199,1,"Eastern Wood-Pewee",1200
"11246",199,1,"European Starling",55
"11247",199,1,"Fish Crow",1029
"11248",199,1,"Great Blue Heron",1157
"11249",199,1,"Great Crested Flycatcher",1200
"11250",199,1,"Hairy Woodpecker",1200
"11251",199,1,"House Finch",914
"11252",199,1,"Indigo Bunting",1200
"11253",199,1,"Killdeer",89
"11254",199,1,"Mourning Dove",1194
"11255",199,1,"Northern Cardinal",1200
"11256",199,1,"Northern Flicker",1199
"11257",199,1,"Northern Mockingbird",1066
"11258",199,1,"Northern Parula",1200
"11259",199,1,"Osprey",1183
"11260",199,1,"Ovenbird",1200
"11261",199,1,"Pileated Woodpecker",1200
"11262",199,1,"Pine Warbler",1200
"11263",199,1,"Red-bellied Woodpecker",1199
"11264",199,1,"Red-eyed Vireo",1200
"11265",199,1,"Red-headed Woodpecker",1198
"11266",199,1,"Red-shouldered Hawk",1195
"11267",199,1,"Red-tailed Hawk",1200
"11268",199,1,"Red-winged Blackbird",1155
"11269",199,1,"Ruby-throated Hummingbird",1200
"11270",199,1,"Scarlet Tanager",1199
"11271",199,1,"Summer Tanager",1200
"11272",199,1,"Tufted Titmouse",1200
"11273",199,1,"Turkey Vulture",1
"11274",199,1,"White-breasted Nuthatch",1200
"11275",199,1,"White-eyed Vireo",1200
"11276",199,1,"Yellow-billed Cuckoo",1200
"11277",199,1,"Yellow-throated Vireo",1200
"11278",199,1,"Yellow-throated Warbler",1200
"11279",199,2,"Acadian Flycatcher",1200
"11280",199,2,"American Crow",1200
"11281",199,2,"American Goldfinch",1200
"11282",199,2,"American Redstart",1200
"11283",199,2,"Barred Owl",1200
"11284",199,2,"Belted Kingfisher",1200
"11285",199,2,"Black Vulture",1185
"11286",199,2,"Black-and-white Warbler",1200
"11287",199,2,"Blue Grosbeak",1200
"11288",199,2,"Blue Jay",1200
"11289",199,2,"Blue-gray Gnatcatcher",1200
"11290",199,2,"Brown Thrasher",960
"11291",199,2,"Brown-headed Cowbird",1199
"11292",199,2,"Brown-headed Nuthatch",1196
"11293",199,2,"Carolina Chickadee",1200
"11294",199,2,"Carolina Wren",1197
"11295",199,2,"Chimney Swift",1083
"11296",199,2,"Chipping Sparrow",1196
"11297",199,2,"Common Grackle",1191
"11298",199,2,"Common Yellowthroat",1200
"11299",199,2,"Downy Woodpecker",1199
"11300",199,2,"Eastern Bluebird",1165
"11301",199,2,"Eastern Kingbird",1142
"11302",199,2,"Eastern Phoebe",1200
"11303",199,2,"Eastern Towhee",1200
"11304",199,2,"Eastern Wood-Pewee",1200
"11305",199,2,"European Starling",49
"11306",199,2,"Fish Crow",1135
"11307",199,2,"Great Blue Heron",1194
"11308",199,2,"Great Crested Flycatcher",1200
"11309",199,2,"Hairy Woodpecker",1200
"11310",199,2,"House Finch",1180
"11311",199,2,"Indigo Bunting",1200
"11312",199,2,"Killdeer",602
"11313",199,2,"Mourning Dove",1199
"11314",199,2,"Northern Cardinal",1200
"11315",199,2,"Northern Flicker",1200
"11316",199,2,"Northern Mockingbird",1141
"11317",199,2,"Northern Parula",1200
"11318",199,2,"Osprey",1184
"11319",199,2,"Ovenbird",1200
"11320",199,2,"Pileated Woodpecker",1200
"11321",199,2,"Pine Warbler",1200
"11322",199,2,"Red-bellied Woodpecker",1200
"11323",199,2,"Red-eyed Vireo",1200
"11324",199,2,"Red-headed Woodpecker",1200
"11325",199,2,"Red-shouldered Hawk",1199
"11326",199,2,"Red-tailed Hawk",1200
"11327",199,2,"Red-winged Blackbird",1179
"11328",199,2,"Ruby-throated Hummingbird",1200
"11329",199,2,"Scarlet Tanager",1200
"11330",199,2,"Summer Tanager",1200
"11331",199,2,"Tufted Titmouse",1200
"11332",199,2,"Turkey Vulture",1
"11333",199,2,"White-breasted Nuthatch",1200
"11334",199,2,"White-eyed Vireo",1200
"11335",199,2,"Yellow-billed Cuckoo",1200
"11336",199,2,"Yellow-throated Vireo",1200
"11337",199,2,"Yellow-throated Warbler",1200
"11338",199,3,"Acadian Flycatcher",1199
"11339",199,3,"American Crow",1199
"11340",199,3,"American Goldfinch",1193
"11341",199,3,"American Redstart",1199
"11342",199,3,"Barred Owl",1194
"11343",199,3,"Belted Kingfisher",1199
"11344",199,3,"Black Vulture",1119
"11345",199,3,"Black-and-white Warbler",1199
"11346",199,3,"Blue Grosbeak",1199
"11347",199,3,"Blue Jay",1198
"11348",199,3,"Blue-gray Gnatcatcher",1199
"11349",199,3,"Brown Thrasher",893
"11350",199,3,"Brown-headed Cowbird",1199
"11351",199,3,"Brown-headed Nuthatch",1193
"11352",199,3,"Carolina Chickadee",1198
"11353",199,3,"Carolina Wren",1178
"11354",199,3,"Chimney Swift",1181
"11355",199,3,"Chipping Sparrow",1198
"11356",199,3,"Common Grackle",1172
"11357",199,3,"Common Yellowthroat",1199
"11358",199,3,"Downy Woodpecker",1198
"11359",199,3,"Eastern Bluebird",1185
"11360",199,3,"Eastern Kingbird",1196
"11361",199,3,"Eastern Phoebe",1192
"11362",199,3,"Eastern Towhee",1199
"11363",199,3,"Eastern Wood-Pewee",1199
"11364",199,3,"European Starling",189
"11365",199,3,"Fish Crow",1062
"11366",199,3,"Great Blue Heron",1174
"11367",199,3,"Great Crested Flycatcher",1199
"11368",199,3,"Hairy Woodpecker",1197
"11369",199,3,"House Finch",1111
"11370",199,3,"Indigo Bunting",1199
"11371",199,3,"Killdeer",720
"11372",199,3,"Mourning Dove",1193
"11373",199,3,"Northern Cardinal",1199
"11374",199,3,"Northern Flicker",1199
"11375",199,3,"Northern Mockingbird",1045
"11376",199,3,"Northern Parula",1199
"11377",199,3,"Osprey",1183
"11378",199,3,"Ovenbird",1199
"11379",199,3,"Pileated Woodpecker",1199
"11380",199,3,"Pine Warbler",1199
"11381",199,3,"Red-bellied Woodpecker",1199
"11382",199,3,"Red-eyed Vireo",1183
"11383",199,3,"Red-headed Woodpecker",1197
"11384",199,3,"Red-shouldered Hawk",1174
"11385",199,3,"Red-tailed Hawk",1198
"11386",199,3,"Red-winged Blackbird",1149
"11387",199,3,"Ruby-throated Hummingbird",1197
"11388",199,3,"Scarlet Tanager",1199
"11389",199,3,"Summer Tanager",1199
"11390",199,3,"Tufted Titmouse",1198
"11391",199,3,"Turkey Vulture",41
"11392",199,3,"White-breasted Nuthatch",1193
"11393",199,3,"White-eyed Vireo",1194
"11394",199,3,"Yellow-billed Cuckoo",1199
"11395",199,3,"Yellow-throated Vireo",1197
"11396",199,3,"Yellow-throated Warbler",1199
"11397",200,0,"Acadian Flycatcher",1
"11398",200,0,"American Crow",1
"11399",200,0,"American Goldfinch",1
"11400",200,0,"American Redstart",1
"11401",200,0,"Barred Owl",1
"11402",200,0,"Belted Kingfisher",1
"11403",200,0,"Black Vulture",1
"11404",200,0,"Black-and-white Warbler",1
"11405",200,0,"Blue Grosbeak",1
"11406",200,0,"Blue Jay",1
"11407",200,0,"Blue-gray Gnatcatcher",1
"11408",200,0,"Brown Thrasher",1
"11409",200,0,"Brown-headed Cowbird",1
"11410",200,0,"Brown-headed Nuthatch",1
"11411",200,0,"Carolina Chickadee",1
"11412",200,0,"Carolina Wren",1
"11413",200,0,"Chimney Swift",1
"11414",200,0,"Chipping Sparrow",1
"11415",200,0,"Common Grackle",1
"11416",200,0,"Common Yellowthroat",1
"11417",200,0,"Downy Woodpecker",1
"11418",200,0,"Eastern Bluebird",1
"11419",200,0,"Eastern Kingbird",1
"11420",200,0,"Eastern Phoebe",1
"11421",200,0,"Eastern Towhee",1
"11422",200,0,"Eastern Wood-Pewee",1
"11423",200,0,"European Starling",1
"11424",200,0,"Fish Crow",1
"11425",200,0,"Great Blue Heron",1
"11426",200,0,"Great Crested Flycatcher",1
"11427",200,0,"Hairy Woodpecker",1
"11428",200,0,"House Finch",1
"11429",200,0,"Indigo Bunting",1
"11430",200,0,"Killdeer",1
"11431",200,0,"Mourning Dove",1
"11432",200,0,"Northern Cardinal",1
"11433",200,0,"Northern Flicker",1
"11434",200,0,"Northern Mockingbird",1
"11435",200,0,"Northern Parula",1
"11436",200,0,"Osprey",1
"11437",200,0,"Ovenbird",1
"11438",200,0,"Pileated Woodpecker",1
"11439",200,0,"Pine Warbler",1
"11440",200,0,"Red-bellied Woodpecker",1
"11441",200,0,"Red-eyed Vireo",1
"11442",200,0,"Red-headed Woodpecker",1
"11443",200,0,"Red-shouldered Hawk",1
"11444",200,0,"Red-tailed Hawk",1
"11445",200,0,"Red-winged Blackbird",1
"11446",200,0,"Ruby-throated Hummingbird",1
"11447",200,0,"Scarlet Tanager",1
"11448",200,0,"Summer Tanager",1
"11449",200,0,"Tufted Titmouse",1
"11450",200,0,"Turkey Vulture",1
"11451",200,0,"White-breasted Nuthatch",1
"11452",200,0,"White-eyed Vireo",1
"11453",200,0,"Yellow-billed Cuckoo",1
"11454",200,0,"Yellow-throated Vireo",1
"11455",200,0,"Yellow-throated Warbler",1
"11456",200,1,"Acadian Flycatcher",1200
"11457",200,1,"American Crow",1196
"11458",200,1,"American Goldfinch",1197
"11459",200,1,"American Redstart",1193
"11460",200,1,"Barred Owl",1200
"11461",200,1,"Belted Kingfisher",1200
"11462",200,1,"Black Vulture",1168
"11463",200,1,"Black-and-white Warbler",1198
"11464",200,1,"Blue Grosbeak",1200
"11465",200,1,"Blue Jay",1200
"11466",200,1,"Blue-gray Gnatcatcher",1200
"11467",200,1,"Brown Thrasher",1035
"11468",200,1,"Brown-headed Cowbird",1192
"11469",200,1,"Brown-headed Nuthatch",1186
"11470",200,1,"Carolina Chickadee",1197
"11471",200,1,"Carolina Wren",1195
"11472",200,1,"Chimney Swift",1173
"11473",200,1,"Chipping Sparrow",1147
"11474",200,1,"Common Grackle",1182
"11475",200,1,"Common Yellowthroat",1200
"11476",200,1,"Downy Woodpecker",1197
"11477",200,1,"Eastern Bluebird",1160
"11478",200,1,"Eastern Kingbird",1142
"11479",200,1,"Eastern Phoebe",1170
"11480",200,1,"Eastern Towhee",1200
"11481",200,1,"Eastern Wood-Pewee",1200
"11482",200,1,"European Starling",390
"11483",200,1,"Fish Crow",1111
"11484",200,1,"Great Blue Heron",1008
"11485",200,1,"Great Crested Flycatcher",1200
"11486",200,1,"Hairy Woodpecker",1198
"11487",200,1,"House Finch",1141
"11488",200,1,"Indigo Bunting",1200
"11489",200,1,"Killdeer",367
"11490",200,1,"Mourning Dove",1192
"11491",200,1,"Northern Cardinal",1200
"11492",200,1,"Northern Flicker",1200
"11493",200,1,"Northern Mockingbird",1160
"11494",200,1,"Northern Parula",1196
"11495",200,1,"Osprey",1196
"11496",200,1,"Ovenbird",1199
"11497",200,1,"Pileated Woodpecker",1195
"11498",200,1,"Pine Warbler",1180
"11499",200,1,"Red-bellied Woodpecker",1198
"11500",200,1,"Red-eyed Vireo",1197
"11501",200,1,"Red-headed Woodpecker",1199
"11502",200,1,"Red-shouldered Hawk",1189
"11503",200,1,"Red-tailed Hawk",1200
"11504",200,1,"Red-winged Blackbird",1119
"11505",200,1,"Ruby-throated Hummingbird",1200
"11506",200,1,"Scarlet Tanager",1197
"11507",200,1,"Summer Tanager",1200
"11508",200,1,"Tufted Titmouse",1199
"11509",200,1,"Turkey Vulture",18
"11510",200,1,"White-breasted Nuthatch",1199
"11511",200,1,"White-eyed Vireo",1199
"11512",200,1,"Yellow-billed Cuckoo",1200
"11513",200,1,"Yellow-throated Vireo",1200
"11514",200,1,"Yellow-throated Warbler",1195
"11515",200,2,"Acadian Flycatcher",1200
"11516",200,2,"American Crow",1200
"11517",200,2,"American Goldfinch",1200
"11518",200,2,"American Redstart",1200
"11519",200,2,"Barred Owl",1195
"11520",200,2,"Belted Kingfisher",1199
"11521",200,2,"Black Vulture",1194
"11522",200,2,"Black-and-white Warbler",1200
"11523",200,2,"Blue Grosbeak",1200
"11524",200,2,"Blue Jay",1200
"11525",200,2,"Blue-gray Gnatcatcher",1200
"11526",200,2,"Brown Thrasher",1034
"11527",200,2,"Brown-headed Cowbird",1200
"11528",200,2,"Brown-headed Nuthatch",1196
"11529",200,2,"Carolina Chickadee",1199
"11530",200,2,"Carolina Wren",1195
"11531",200,2,"Chimney Swift",1189
"11532",200,2,"Chipping Sparrow",1199
"11533",200,2,"Common Grackle",1191
"11534",200,2,"Common Yellowthroat",1200
"11535",200,2,"Downy Woodpecker",1197
"11536",200,2,"Eastern Bluebird",1194
"11537",200,2,"Eastern Kingbird",1181
"11538",200,2,"Eastern Phoebe",1186
"11539",200,2,"Eastern Towhee",1200
"11540",200,2,"Eastern Wood-Pewee",1200
"11541",200,2,"European Starling",247
"11542",200,2,"Fish Crow",1101
"11543",200,2,"Great Blue Heron",1099
"11544",200,2,"Great Crested Flycatcher",1199
"11545",200,2,"Hairy Woodpecker",1197
"11546",200,2,"House Finch",1175
"11547",200,2,"Indigo Bunting",1200
"11548",200,2,"Killdeer",950
"11549",200,2,"Mourning Dove",1196
"11550",200,2,"Northern Cardinal",1200
"11551",200,2,"Northern Flicker",1199
"11552",200,2,"Northern Mockingbird",1153
"11553",200,2,"Northern Parula",1200
"11554",200,2,"Osprey",1183
"11555",200,2,"Ovenbird",1200
"11556",200,2,"Pileated Woodpecker",1200
"11557",200,2,"Pine Warbler",1200
"11558",200,2,"Red-bellied Woodpecker",1200
"11559",200,2,"Red-eyed Vireo",1167
"11560",200,2,"Red-headed Woodpecker",1197
"11561",200,2,"Red-shouldered Hawk",1174
"11562",200,2,"Red-tailed Hawk",1200
"11563",200,2,"Red-winged Blackbird",1187
"11564",200,2,"Ruby-throated Hummingbird",1199
"11565",200,2,"Scarlet Tanager",1200
"11566",200,2,"Summer Tanager",1200
"11567",200,2,"Tufted Titmouse",1200
"11568",200,2,"Turkey Vulture",51
"11569",200,2,"White-breasted Nuthatch",1200
"11570",200,2,"White-eyed Vireo",1197
"11571",200,2,"Yellow-billed Cuckoo",1200
"11572",200,2,"Yellow-throated Vireo",1196
"11573",200,2,"Yellow-throated Warbler",1200
"11574",200,3,"Acadian Flycatcher",1197
"11575",200,3,"American Crow",1197
"11576",200,3,"American Goldfinch",1183
"11577",200,3,"American Redstart",1196
"11578",200,3,"Barred Owl",1174
"11579",200,3,"Belted Kingfisher",1195
"11580",200,3,"Black Vulture",1179
"11581",200,3,"Black-and-white Warbler",1195
"11582",200,3,"Blue Grosbeak",1197
"11583",200,3,"Blue Jay",1198
"11584",200,3,"Blue-gray Gnatcatcher",1198
"11585",200,3,"Brown Thrasher",888
"11586",200,3,"Brown-headed Cowbird",1196
"11587",200,3,"Brown-headed Nuthatch",1195
"11588",200,3,"Carolina Chickadee",1196
"11589",200,3,"Carolina Wren",1176
"11590",200,3,"Chimney Swift",1187
"11591",200,3,"Chipping Sparrow",1198
"11592",200,3,"Common Grackle",1188
"11593",200,3,"Common Yellowthroat",1199
"11594",200,3,"Downy Woodpecker",1196
"11595",200,3,"Eastern Bluebird",1194
"11596",200,3,"Eastern Kingbird",1194
"11597",200,3,"Eastern Phoebe",1191
"11598",200,3,"Eastern Towhee",1197
"11599",200,3,"Eastern Wood-Pewee",1199
"11600",200,3,"European Starling",781
"11601",200,3,"Fish Crow",1149
"11602",200,3,"Great Blue Heron",1035
"11603",200,3,"Great Crested Flycatcher",1196
"11604",200,3,"Hairy Woodpecker",1189
"11605",200,3,"House Finch",1176
"11606",200,3,"Indigo Bunting",1196
"11607",200,3,"Killdeer",1130
"11608",200,3,"Mourning Dove",1168
"11609",200,3,"Northern Cardinal",1198
"11610",200,3,"Northern Flicker",1195
"11611",200,3,"Northern Mockingbird",1169
"11612",200,3,"Northern Parula",1197
"11613",200,3,"Osprey",1193
"11614",200,3,"Ovenbird",1199
"11615",200,3,"Pileated Woodpecker",1196
"11616",200,3,"Pine Warbler",1198
"11617",200,3,"Red-bellied Woodpecker",1197
"11618",200,3,"Red-eyed Vireo",1195
"11619",200,3,"Red-headed Woodpecker",1183
"11620",200,3,"Red-shouldered Hawk",1168
"11621",200,3,"Red-tailed Hawk",1194
"11622",200,3,"Red-winged Blackbird",1188
"11623",200,3,"Ruby-throated Hummingbird",1179
"11624",200,3,"Scarlet Tanager",1198
"11625",200,3,"Summer Tanager",1196
"11626",200,3,"Tufted Titmouse",1197
"11627",200,3,"Turkey Vulture",350
"11628",200,3,"White-breasted Nuthatch",1188
"11629",200,3,"White-eyed Vireo",1194
"11630",200,3,"Yellow-billed Cuckoo",1196
"11631",200,3,"Yellow-throated Vireo",1196
"11632",200,3,"Yellow-throated Warbler",1195
"11633",201,0,"Acadian Flycatcher",1
"11634",201,0,"American Crow",1
"11635",201,0,"American Goldfinch",1
"11636",201,0,"American Redstart",1
"11637",201,0,"Barred Owl",1
"11638",201,0,"Belted Kingfisher",1
"11639",201,0,"Black Vulture",1
"11640",201,0,"Black-and-white Warbler",1
"11641",201,0,"Blue Grosbeak",1
"11642",201,0,"Blue Jay",1
"11643",201,0,"Blue-gray Gnatcatcher",1
"11644",201,0,"Brown Thrasher",1
"11645",201,0,"Brown-headed Cowbird",1
"11646",201,0,"Brown-headed Nuthatch",1
"11647",201,0,"Carolina Chickadee",1
"11648",201,0,"Carolina Wren",1
"11649",201,0,"Chimney Swift",1
"11650",201,0,"Chipping Sparrow",1
"11651",201,0,"Common Grackle",1
"11652",201,0,"Common Yellowthroat",1
"11653",201,0,"Downy Woodpecker",1
"11654",201,0,"Eastern Bluebird",1
"11655",201,0,"Eastern Phoebe",1
"11656",201,0,"Eastern Towhee",1
"11657",201,0,"Eastern Wood-Pewee",1
"11658",201,0,"Fish Crow",1
"11659",201,0,"Great Blue Heron",1
"11660",201,0,"Great Crested Flycatcher",1
"11661",201,0,"Hairy Woodpecker",1
"11662",201,0,"House Finch",1
"11663",201,0,"Indigo Bunting",1
"11664",201,0,"Killdeer",1
"11665",201,0,"Mourning Dove",1
"11666",201,0,"Northern Cardinal",1
"11667",201,0,"Northern Flicker",1
"11668",201,0,"Northern Mockingbird",1
"11669",201,0,"Northern Parula",1
"11670",201,0,"Osprey",1
"11671",201,0,"Ovenbird",1
"11672",201,0,"Pileated Woodpecker",1
"11673",201,0,"Pine Warbler",1
"11674",201,0,"Red-bellied Woodpecker",1
"11675",201,0,"Red-eyed Vireo",1
"11676",201,0,"Red-headed Woodpecker",1
"11677",201,0,"Red-shouldered Hawk",1
"11678",201,0,"Red-tailed Hawk",1
"11679",201,0,"Red-winged Blackbird",1
"11680",201,0,"Ruby-throated Hummingbird",1
"11681",201,0,"Scarlet Tanager",1
"11682",201,0,"Summer Tanager",1
"11683",201,0,"Tufted Titmouse",1
"11684",201,0,"White-breasted Nuthatch",1
"11685",201,0,"White-eyed Vireo",1
"11686",201,0,"Yellow-billed Cuckoo",1
"11687",201,0,"Yellow-throated Vireo",1
"11688",201,0,"Yellow-throated Warbler",1
"11689",201,1,"Acadian Flycatcher",1200
"11690",201,1,"American Crow",1200
"11691",201,1,"American Goldfinch",1200
"11692",201,1,"American Redstart",1200
"11693",201,1,"Barred Owl",1200
"11694",201,1,"Belted Kingfisher",1200
"11695",201,1,"Black Vulture",1189
"11696",201,1,"Black-and-white Warbler",1200
"11697",201,1,"Blue Grosbeak",1200
"11698",201,1,"Blue Jay",1200
"11699",201,1,"Blue-gray Gnatcatcher",1200
"11700",201,1,"Brown Thrasher",1081
"11701",201,1,"Brown-headed Cowbird",1200
"11702",201,1,"Brown-headed Nuthatch",1198
"11703",201,1,"Carolina Chickadee",1200
"11704",201,1,"Carolina Wren",1197
"11705",201,1,"Chimney Swift",1144
"11706",201,1,"Chipping Sparrow",1200
"11707",201,1,"Common Grackle",1198
"11708",201,1,"Common Yellowthroat",1200
"11709",201,1,"Downy Woodpecker",1200
"11710",201,1,"Eastern Bluebird",1195
"11711",201,1,"Eastern Kingbird",1092
"11712",201,1,"Eastern Phoebe",1199
"11713",201,1,"Eastern Towhee",1200
"11714",201,1,"Eastern Wood-Pewee",1200
"11715",201,1,"European Starling",155
"11716",201,1,"Fish Crow",1141
"11717",201,1,"Great Blue Heron",1161
"11718",201,1,"Great Crested Flycatcher",1200
"11719",201,1,"Hairy Woodpecker",1200
"11720",201,1,"House Finch",1184
"11721",201,1,"Indigo Bunting",1200
"11722",201,1,"Killdeer",686
"11723",201,1,"Mourning Dove",1200
"11724",201,1,"Northern Cardinal",1200
"11725",201,1,"Northern Flicker",1200
"11726",201,1,"Northern Mockingbird",1177
"11727",201,1,"Northern Parula",1200
"11728",201,1,"Osprey",1199
"11729",201,1,"Ovenbird",1200
"11730",201,1,"Pileated Woodpecker",1200
"11731",201,1,"Pine Warbler",1200
"11732",201,1,"Red-bellied Woodpecker",1200
"11733",201,1,"Red-eyed Vireo",1200
"11734",201,1,"Red-headed Woodpecker",1200
"11735",201,1,"Red-shouldered Hawk",1198
"11736",201,1,"Red-tailed Hawk",1200
"11737",201,1,"Red-winged Blackbird",1190
"11738",201,1,"Ruby-throated Hummingbird",1200
"11739",201,1,"Scarlet Tanager",1200
"11740",201,1,"Summer Tanager",1200
"11741",201,1,"Tufted Titmouse",1200
"11742",201,1,"Turkey Vulture",11
"11743",201,1,"White-breasted Nuthatch",1200
"11744",201,1,"White-eyed Vireo",1200
"11745",201,1,"Yellow-billed Cuckoo",1200
"11746",201,1,"Yellow-throated Vireo",1200
"11747",201,1,"Yellow-throated Warbler",1200
"11748",201,2,"Acadian Flycatcher",1200
"11749",201,2,"American Crow",1200
"11750",201,2,"American Goldfinch",1200
"11751",201,2,"American Redstart",1200
"11752",201,2,"Barred Owl",1199
"11753",201,2,"Belted Kingfisher",1200
"11754",201,2,"Black Vulture",1194
"11755",201,2,"Black-and-white Warbler",1200
"11756",201,2,"Blue Grosbeak",1200
"11757",201,2,"Blue Jay",1200
"11758",201,2,"Blue-gray Gnatcatcher",1200
"11759",201,2,"Brown Thrasher",1165
"11760",201,2,"Brown-headed Cowbird",1200
"11761",201,2,"Brown-headed Nuthatch",1198
"11762",201,2,"Carolina Chickadee",1200
"11763",201,2,"Carolina Wren",1199
"11764",201,2,"Chimney Swift",1194
"11765",201,2,"Chipping Sparrow",1200
"11766",201,2,"Common Grackle",1195
"11767",201,2,"Common Yellowthroat",1200
"11768",201,2,"Downy Woodpecker",1199
"11769",201,2,"Eastern Bluebird",1194
"11770",201,2,"Eastern Kingbird",1198
"11771",201,2,"Eastern Phoebe",1197
"11772",201,2,"Eastern Towhee",1200
"11773",201,2,"Eastern Wood-Pewee",1200
"11774",201,2,"European Starling",370
"11775",201,2,"Fish Crow",1165
"11776",201,2,"Great Blue Heron",1187
"11777",201,2,"Great Crested Flycatcher",1200
"11778",201,2,"Hairy Woodpecker",1200
"11779",201,2,"House Finch",1193
"11780",201,2,"Indigo Bunting",1200
"11781",201,2,"Killdeer",969
"11782",201,2,"Mourning Dove",1200
"11783",201,2,"Northern Cardinal",1200
"11784",201,2,"Northern Flicker",1200
"11785",201,2,"Northern Mockingbird",1186
"11786",201,2,"Northern Parula",1200
"11787",201,2,"Osprey",1196
"11788",201,2,"Ovenbird",1200
"11789",201,2,"Pileated Woodpecker",1200
"11790",201,2,"Pine Warbler",1200
"11791",201,2,"Red-bellied Woodpecker",1199
"11792",201,2,"Red-eyed Vireo",1169
"11793",201,2,"Red-headed Woodpecker",1200
"11794",201,2,"Red-shouldered Hawk",1193
"11795",201,2,"Red-tailed Hawk",1200
"11796",201,2,"Red-winged Blackbird",1191
"11797",201,2,"Ruby-throated Hummingbird",1200
"11798",201,2,"Scarlet Tanager",1200
"11799",201,2,"Summer Tanager",1200
"11800",201,2,"Tufted Titmouse",1200
"11801",201,2,"Turkey Vulture",3
"11802",201,2,"White-breasted Nuthatch",1200
"11803",201,2,"White-eyed Vireo",1199
"11804",201,2,"Yellow-billed Cuckoo",1200
"11805",201,2,"Yellow-throated Vireo",1200
"11806",201,2,"Yellow-throated Warbler",1200
"11807",201,3,"Acadian Flycatcher",1199
"11808",201,3,"American Crow",1199
"11809",201,3,"American Goldfinch",1196
"11810",201,3,"American Redstart",1199
"11811",201,3,"Barred Owl",1180
"11812",201,3,"Belted Kingfisher",1199
"11813",201,3,"Black Vulture",1196
"11814",201,3,"Black-and-white Warbler",1199
"11815",201,3,"Blue Grosbeak",1199
"11816",201,3,"Blue Jay",1197
"11817",201,3,"Blue-gray Gnatcatcher",1199
"11818",201,3,"Brown Thrasher",1108
"11819",201,3,"Brown-headed Cowbird",1199
"11820",201,3,"Brown-headed Nuthatch",1192
"11821",201,3,"Carolina Chickadee",1198
"11822",201,3,"Carolina Wren",1190
"11823",201,3,"Chimney Swift",1199
"11824",201,3,"Chipping Sparrow",1199
"11825",201,3,"Common Grackle",1196
"11826",201,3,"Common Yellowthroat",1199
"11827",201,3,"Downy Woodpecker",1198
"11828",201,3,"Eastern Bluebird",1198
"11829",201,3,"Eastern Kingbird",1199
"11830",201,3,"Eastern Phoebe",1191
"11831",201,3,"Eastern Towhee",1199
"11832",201,3,"Eastern Wood-Pewee",1199
"11833",201,3,"European Starling",729
"11834",201,3,"Fish Crow",1164
"11835",201,3,"Great Blue Heron",1087
"11836",201,3,"Great Crested Flycatcher",1199
"11837",201,3,"Hairy Woodpecker",1199
"11838",201,3,"House Finch",1198
"11839",201,3,"Indigo Bunting",1199
"11840",201,3,"Killdeer",1144
"11841",201,3,"Mourning Dove",1199
"11842",201,3,"Northern Cardinal",1199
"11843",201,3,"Northern Flicker",1197
"11844",201,3,"Northern Mockingbird",1181
"11845",201,3,"Northern Parula",1199
"11846",201,3,"Osprey",1197
"11847",201,3,"Ovenbird",1199
"11848",201,3,"Pileated Woodpecker",1199
"11849",201,3,"Pine Warbler",1199
"11850",201,3,"Red-bellied Woodpecker",1199
"11851",201,3,"Red-eyed Vireo",1157
"11852",201,3,"Red-headed Woodpecker",1194
"11853",201,3,"Red-shouldered Hawk",1173
"11854",201,3,"Red-tailed Hawk",1199
"11855",201,3,"Red-winged Blackbird",1197
"11856",201,3,"Ruby-throated Hummingbird",1196
"11857",201,3,"Scarlet Tanager",1199
"11858",201,3,"Summer Tanager",1199
"11859",201,3,"Tufted Titmouse",1199
"11860",201,3,"Turkey Vulture",209
"11861",201,3,"White-breasted Nuthatch",1196
"11862",201,3,"White-eyed Vireo",1199
"11863",201,3,"Yellow-billed Cuckoo",1199
"11864",201,3,"Yellow-throated Vireo",1190
"11865",201,3,"Yellow-throated Warbler",1199
