"","Bird.Call","julian_day","min_bin","n"
"1","Eastern Wood-Pewee",151,1,0
"2","Acadian Flycatcher",151,1,0
"3","Yellow-throated Vireo",151,1,2
"4","Tufted Titmouse",151,1,0
"5","Summer Tanager",151,1,0
"6","Scarlet Tanager",151,1,0
"7","Eastern Wood-Pewee",152,1,0
"8","Acadian Flycatcher",152,1,0
"9","Yellow-throated Vireo",152,1,0
"10","Tufted Titmouse",152,1,0
"11","Summer Tanager",152,1,0
"12","Scarlet Tanager",152,1,0
"13","Eastern Wood-Pewee",153,1,0
"14","Acadian Flycatcher",153,1,0
"15","Yellow-throated Vireo",153,1,1
"16","Tufted Titmouse",153,1,0
"17","Summer Tanager",153,1,0
"18","Scarlet Tanager",153,1,0
"19","Eastern Wood-Pewee",154,1,0
"20","Acadian Flycatcher",154,1,2
"21","Yellow-throated Vireo",154,1,2
"22","Tufted Titmouse",154,1,23
"23","Summer Tanager",154,1,3
"24","Scarlet Tanager",154,1,0
"25","Eastern Wood-Pewee",155,1,0
"26","Acadian Flycatcher",155,1,9
"27","Yellow-throated Vireo",155,1,0
"28","Tufted Titmouse",155,1,0
"29","Summer Tanager",155,1,2
"30","Scarlet Tanager",155,1,25
"31","Eastern Wood-Pewee",156,1,0
"32","Acadian Flycatcher",156,1,37
"33","Yellow-throated Vireo",156,1,3
"34","Tufted Titmouse",156,1,0
"35","Summer Tanager",156,1,0
"36","Scarlet Tanager",156,1,0
"37","Eastern Wood-Pewee",157,1,0
"38","Acadian Flycatcher",157,1,65
"39","Yellow-throated Vireo",157,1,1
"40","Tufted Titmouse",157,1,0
"41","Summer Tanager",157,1,3
"42","Scarlet Tanager",157,1,0
"43","Eastern Wood-Pewee",158,1,0
"44","Acadian Flycatcher",158,1,9
"45","Yellow-throated Vireo",158,1,0
"46","Tufted Titmouse",158,1,0
"47","Summer Tanager",158,1,13
"48","Scarlet Tanager",158,1,0
"49","Eastern Wood-Pewee",159,1,0
"50","Acadian Flycatcher",159,1,1
"51","Yellow-throated Vireo",159,1,0
"52","Tufted Titmouse",159,1,0
"53","Summer Tanager",159,1,31
"54","Scarlet Tanager",159,1,0
"55","Eastern Wood-Pewee",160,1,0
"56","Acadian Flycatcher",160,1,2
"57","Yellow-throated Vireo",160,1,1
"58","Tufted Titmouse",160,1,0
"59","Summer Tanager",160,1,64
"60","Scarlet Tanager",160,1,1
"61","Eastern Wood-Pewee",161,1,0
"62","Acadian Flycatcher",161,1,0
"63","Yellow-throated Vireo",161,1,1
"64","Tufted Titmouse",161,1,0
"65","Summer Tanager",161,1,43
"66","Scarlet Tanager",161,1,10
"67","Eastern Wood-Pewee",162,1,0
"68","Acadian Flycatcher",162,1,0
"69","Yellow-throated Vireo",162,1,0
"70","Tufted Titmouse",162,1,0
"71","Summer Tanager",162,1,84
"72","Scarlet Tanager",162,1,4
"73","Eastern Wood-Pewee",163,1,0
"74","Acadian Flycatcher",163,1,5
"75","Yellow-throated Vireo",163,1,0
"76","Tufted Titmouse",163,1,0
"77","Summer Tanager",163,1,10
"78","Scarlet Tanager",163,1,0
"79","Eastern Wood-Pewee",164,1,0
"80","Acadian Flycatcher",164,1,0
"81","Yellow-throated Vireo",164,1,0
"82","Tufted Titmouse",164,1,0
"83","Summer Tanager",164,1,16
"84","Scarlet Tanager",164,1,0
"85","Eastern Wood-Pewee",165,1,1
"86","Acadian Flycatcher",165,1,0
"87","Yellow-throated Vireo",165,1,0
"88","Tufted Titmouse",165,1,1
"89","Summer Tanager",165,1,0
"90","Scarlet Tanager",165,1,0
"91","Eastern Wood-Pewee",166,1,0
"92","Acadian Flycatcher",166,1,0
"93","Yellow-throated Vireo",166,1,6
"94","Tufted Titmouse",166,1,0
"95","Summer Tanager",166,1,0
"96","Scarlet Tanager",166,1,0
"97","Eastern Wood-Pewee",167,1,0
"98","Acadian Flycatcher",167,1,0
"99","Yellow-throated Vireo",167,1,19
"100","Tufted Titmouse",167,1,0
"101","Summer Tanager",167,1,3
"102","Scarlet Tanager",167,1,0
"103","Eastern Wood-Pewee",168,1,0
"104","Acadian Flycatcher",168,1,0
"105","Yellow-throated Vireo",168,1,0
"106","Tufted Titmouse",168,1,0
"107","Summer Tanager",168,1,0
"108","Scarlet Tanager",168,1,0
"109","Eastern Wood-Pewee",169,1,8
"110","Acadian Flycatcher",169,1,0
"111","Yellow-throated Vireo",169,1,4
"112","Tufted Titmouse",169,1,0
"113","Summer Tanager",169,1,0
"114","Scarlet Tanager",169,1,3
"115","Eastern Wood-Pewee",170,1,0
"116","Acadian Flycatcher",170,1,0
"117","Yellow-throated Vireo",170,1,1
"118","Tufted Titmouse",170,1,0
"119","Summer Tanager",170,1,0
"120","Scarlet Tanager",170,1,6
"121","Eastern Wood-Pewee",171,1,0
"122","Acadian Flycatcher",171,1,0
"123","Yellow-throated Vireo",171,1,1
"124","Tufted Titmouse",171,1,0
"125","Summer Tanager",171,1,5
"126","Scarlet Tanager",171,1,46
"127","Eastern Wood-Pewee",172,1,0
"128","Acadian Flycatcher",172,1,0
"129","Yellow-throated Vireo",172,1,0
"130","Tufted Titmouse",172,1,0
"131","Summer Tanager",172,1,0
"132","Scarlet Tanager",172,1,0
"133","Eastern Wood-Pewee",173,1,0
"134","Acadian Flycatcher",173,1,0
"135","Yellow-throated Vireo",173,1,5
"136","Tufted Titmouse",173,1,0
"137","Summer Tanager",173,1,0
"138","Scarlet Tanager",173,1,6
"139","Eastern Wood-Pewee",174,1,0
"140","Acadian Flycatcher",174,1,0
"141","Yellow-throated Vireo",174,1,3
"142","Tufted Titmouse",174,1,0
"143","Summer Tanager",174,1,0
"144","Scarlet Tanager",174,1,0
"145","Eastern Wood-Pewee",175,1,0
"146","Acadian Flycatcher",175,1,1
"147","Yellow-throated Vireo",175,1,2
"148","Tufted Titmouse",175,1,0
"149","Summer Tanager",175,1,0
"150","Scarlet Tanager",175,1,0
"151","Eastern Wood-Pewee",176,1,0
"152","Acadian Flycatcher",176,1,0
"153","Yellow-throated Vireo",176,1,0
"154","Tufted Titmouse",176,1,0
"155","Summer Tanager",176,1,0
"156","Scarlet Tanager",176,1,0
"157","Eastern Wood-Pewee",177,1,0
"158","Acadian Flycatcher",177,1,0
"159","Yellow-throated Vireo",177,1,0
"160","Tufted Titmouse",177,1,0
"161","Summer Tanager",177,1,0
"162","Scarlet Tanager",177,1,0
"163","Eastern Wood-Pewee",178,1,0
"164","Acadian Flycatcher",178,1,0
"165","Yellow-throated Vireo",178,1,0
"166","Tufted Titmouse",178,1,0
"167","Summer Tanager",178,1,0
"168","Scarlet Tanager",178,1,0
"169","Eastern Wood-Pewee",179,1,0
"170","Acadian Flycatcher",179,1,0
"171","Yellow-throated Vireo",179,1,0
"172","Tufted Titmouse",179,1,0
"173","Summer Tanager",179,1,0
"174","Scarlet Tanager",179,1,0
"175","Eastern Wood-Pewee",180,1,0
"176","Acadian Flycatcher",180,1,0
"177","Yellow-throated Vireo",180,1,0
"178","Tufted Titmouse",180,1,0
"179","Summer Tanager",180,1,14
"180","Scarlet Tanager",180,1,0
"181","Eastern Wood-Pewee",181,1,0
"182","Acadian Flycatcher",181,1,0
"183","Yellow-throated Vireo",181,1,1
"184","Tufted Titmouse",181,1,0
"185","Summer Tanager",181,1,10
"186","Scarlet Tanager",181,1,2
"187","Eastern Wood-Pewee",182,1,0
"188","Acadian Flycatcher",182,1,0
"189","Yellow-throated Vireo",182,1,0
"190","Tufted Titmouse",182,1,0
"191","Summer Tanager",182,1,29
"192","Scarlet Tanager",182,1,0
"193","Eastern Wood-Pewee",183,1,0
"194","Acadian Flycatcher",183,1,3
"195","Yellow-throated Vireo",183,1,0
"196","Tufted Titmouse",183,1,0
"197","Summer Tanager",183,1,2
"198","Scarlet Tanager",183,1,0
"199","Eastern Wood-Pewee",184,1,0
"200","Acadian Flycatcher",184,1,2
"201","Yellow-throated Vireo",184,1,0
"202","Tufted Titmouse",184,1,0
"203","Summer Tanager",184,1,10
"204","Scarlet Tanager",184,1,0
"205","Eastern Wood-Pewee",185,1,0
"206","Acadian Flycatcher",185,1,36
"207","Yellow-throated Vireo",185,1,0
"208","Tufted Titmouse",185,1,0
"209","Summer Tanager",185,1,0
"210","Scarlet Tanager",185,1,0
"211","Eastern Wood-Pewee",186,1,0
"212","Acadian Flycatcher",186,1,8
"213","Yellow-throated Vireo",186,1,0
"214","Tufted Titmouse",186,1,0
"215","Summer Tanager",186,1,36
"216","Scarlet Tanager",186,1,0
"217","Eastern Wood-Pewee",187,1,3
"218","Acadian Flycatcher",187,1,0
"219","Yellow-throated Vireo",187,1,0
"220","Tufted Titmouse",187,1,0
"221","Summer Tanager",187,1,16
"222","Scarlet Tanager",187,1,1
"223","Eastern Wood-Pewee",188,1,0
"224","Acadian Flycatcher",188,1,4
"225","Yellow-throated Vireo",188,1,0
"226","Tufted Titmouse",188,1,0
"227","Summer Tanager",188,1,0
"228","Scarlet Tanager",188,1,1
"229","Eastern Wood-Pewee",189,1,2
"230","Acadian Flycatcher",189,1,1
"231","Yellow-throated Vireo",189,1,0
"232","Tufted Titmouse",189,1,0
"233","Summer Tanager",189,1,10
"234","Scarlet Tanager",189,1,0
"235","Eastern Wood-Pewee",190,1,0
"236","Acadian Flycatcher",190,1,0
"237","Yellow-throated Vireo",190,1,0
"238","Tufted Titmouse",190,1,0
"239","Summer Tanager",190,1,0
"240","Scarlet Tanager",190,1,0
"241","Eastern Wood-Pewee",191,1,0
"242","Acadian Flycatcher",191,1,0
"243","Yellow-throated Vireo",191,1,0
"244","Tufted Titmouse",191,1,0
"245","Summer Tanager",191,1,0
"246","Scarlet Tanager",191,1,0
"247","Eastern Wood-Pewee",192,1,0
"248","Acadian Flycatcher",192,1,0
"249","Yellow-throated Vireo",192,1,0
"250","Tufted Titmouse",192,1,0
"251","Summer Tanager",192,1,7
"252","Scarlet Tanager",192,1,0
"253","Eastern Wood-Pewee",193,1,3
"254","Acadian Flycatcher",193,1,0
"255","Yellow-throated Vireo",193,1,0
"256","Tufted Titmouse",193,1,0
"257","Summer Tanager",193,1,1
"258","Scarlet Tanager",193,1,0
"259","Eastern Wood-Pewee",194,1,0
"260","Acadian Flycatcher",194,1,21
"261","Yellow-throated Vireo",194,1,0
"262","Tufted Titmouse",194,1,5
"263","Summer Tanager",194,1,19
"264","Scarlet Tanager",194,1,0
"265","Eastern Wood-Pewee",195,1,1
"266","Acadian Flycatcher",195,1,0
"267","Yellow-throated Vireo",195,1,0
"268","Tufted Titmouse",195,1,0
"269","Summer Tanager",195,1,0
"270","Scarlet Tanager",195,1,0
"271","Eastern Wood-Pewee",196,1,0
"272","Acadian Flycatcher",196,1,0
"273","Yellow-throated Vireo",196,1,0
"274","Tufted Titmouse",196,1,0
"275","Summer Tanager",196,1,5
"276","Scarlet Tanager",196,1,0
"277","Eastern Wood-Pewee",197,1,0
"278","Acadian Flycatcher",197,1,0
"279","Yellow-throated Vireo",197,1,0
"280","Tufted Titmouse",197,1,0
"281","Summer Tanager",197,1,0
"282","Scarlet Tanager",197,1,0
"283","Eastern Wood-Pewee",198,1,0
"284","Acadian Flycatcher",198,1,0
"285","Yellow-throated Vireo",198,1,0
"286","Tufted Titmouse",198,1,0
"287","Summer Tanager",198,1,0
"288","Scarlet Tanager",198,1,0
"289","Eastern Wood-Pewee",199,1,1
"290","Acadian Flycatcher",199,1,0
"291","Yellow-throated Vireo",199,1,0
"292","Tufted Titmouse",199,1,0
"293","Summer Tanager",199,1,0
"294","Scarlet Tanager",199,1,0
"295","Eastern Wood-Pewee",200,1,0
"296","Acadian Flycatcher",200,1,0
"297","Yellow-throated Vireo",200,1,0
"298","Tufted Titmouse",200,1,0
"299","Summer Tanager",200,1,0
"300","Scarlet Tanager",200,1,0
"301","Eastern Wood-Pewee",201,1,1
"302","Acadian Flycatcher",201,1,0
"303","Yellow-throated Vireo",201,1,0
"304","Tufted Titmouse",201,1,0
"305","Summer Tanager",201,1,0
"306","Scarlet Tanager",201,1,0
"307","Eastern Wood-Pewee",151,2,0
"308","Acadian Flycatcher",151,2,11
"309","Yellow-throated Vireo",151,2,0
"310","Tufted Titmouse",151,2,0
"311","Summer Tanager",151,2,69
"312","Scarlet Tanager",151,2,15
"313","Eastern Wood-Pewee",152,2,0
"314","Acadian Flycatcher",152,2,6
"315","Yellow-throated Vireo",152,2,0
"316","Tufted Titmouse",152,2,0
"317","Summer Tanager",152,2,57
"318","Scarlet Tanager",152,2,2
"319","Eastern Wood-Pewee",153,2,8
"320","Acadian Flycatcher",153,2,16
"321","Yellow-throated Vireo",153,2,1
"322","Tufted Titmouse",153,2,0
"323","Summer Tanager",153,2,101
"324","Scarlet Tanager",153,2,0
"325","Eastern Wood-Pewee",154,2,0
"326","Acadian Flycatcher",154,2,12
"327","Yellow-throated Vireo",154,2,1
"328","Tufted Titmouse",154,2,14
"329","Summer Tanager",154,2,54
"330","Scarlet Tanager",154,2,5
"331","Eastern Wood-Pewee",155,2,0
"332","Acadian Flycatcher",155,2,26
"333","Yellow-throated Vireo",155,2,2
"334","Tufted Titmouse",155,2,0
"335","Summer Tanager",155,2,85
"336","Scarlet Tanager",155,2,23
"337","Eastern Wood-Pewee",156,2,1
"338","Acadian Flycatcher",156,2,18
"339","Yellow-throated Vireo",156,2,0
"340","Tufted Titmouse",156,2,3
"341","Summer Tanager",156,2,8
"342","Scarlet Tanager",156,2,6
"343","Eastern Wood-Pewee",157,2,0
"344","Acadian Flycatcher",157,2,66
"345","Yellow-throated Vireo",157,2,3
"346","Tufted Titmouse",157,2,0
"347","Summer Tanager",157,2,3
"348","Scarlet Tanager",157,2,1
"349","Eastern Wood-Pewee",158,2,0
"350","Acadian Flycatcher",158,2,4
"351","Yellow-throated Vireo",158,2,0
"352","Tufted Titmouse",158,2,4
"353","Summer Tanager",158,2,7
"354","Scarlet Tanager",158,2,0
"355","Eastern Wood-Pewee",159,2,0
"356","Acadian Flycatcher",159,2,7
"357","Yellow-throated Vireo",159,2,0
"358","Tufted Titmouse",159,2,0
"359","Summer Tanager",159,2,54
"360","Scarlet Tanager",159,2,0
"361","Eastern Wood-Pewee",160,2,0
"362","Acadian Flycatcher",160,2,2
"363","Yellow-throated Vireo",160,2,1
"364","Tufted Titmouse",160,2,0
"365","Summer Tanager",160,2,35
"366","Scarlet Tanager",160,2,0
"367","Eastern Wood-Pewee",161,2,0
"368","Acadian Flycatcher",161,2,0
"369","Yellow-throated Vireo",161,2,0
"370","Tufted Titmouse",161,2,8
"371","Summer Tanager",161,2,31
"372","Scarlet Tanager",161,2,4
"373","Eastern Wood-Pewee",162,2,0
"374","Acadian Flycatcher",162,2,1
"375","Yellow-throated Vireo",162,2,0
"376","Tufted Titmouse",162,2,5
"377","Summer Tanager",162,2,21
"378","Scarlet Tanager",162,2,6
"379","Eastern Wood-Pewee",163,2,0
"380","Acadian Flycatcher",163,2,4
"381","Yellow-throated Vireo",163,2,2
"382","Tufted Titmouse",163,2,0
"383","Summer Tanager",163,2,62
"384","Scarlet Tanager",163,2,1
"385","Eastern Wood-Pewee",164,2,0
"386","Acadian Flycatcher",164,2,0
"387","Yellow-throated Vireo",164,2,36
"388","Tufted Titmouse",164,2,0
"389","Summer Tanager",164,2,28
"390","Scarlet Tanager",164,2,1
"391","Eastern Wood-Pewee",165,2,0
"392","Acadian Flycatcher",165,2,0
"393","Yellow-throated Vireo",165,2,2
"394","Tufted Titmouse",165,2,0
"395","Summer Tanager",165,2,0
"396","Scarlet Tanager",165,2,0
"397","Eastern Wood-Pewee",166,2,0
"398","Acadian Flycatcher",166,2,0
"399","Yellow-throated Vireo",166,2,18
"400","Tufted Titmouse",166,2,0
"401","Summer Tanager",166,2,0
"402","Scarlet Tanager",166,2,0
"403","Eastern Wood-Pewee",167,2,5
"404","Acadian Flycatcher",167,2,0
"405","Yellow-throated Vireo",167,2,13
"406","Tufted Titmouse",167,2,0
"407","Summer Tanager",167,2,0
"408","Scarlet Tanager",167,2,0
"409","Eastern Wood-Pewee",168,2,0
"410","Acadian Flycatcher",168,2,2
"411","Yellow-throated Vireo",168,2,1
"412","Tufted Titmouse",168,2,0
"413","Summer Tanager",168,2,0
"414","Scarlet Tanager",168,2,1
"415","Eastern Wood-Pewee",169,2,3
"416","Acadian Flycatcher",169,2,2
"417","Yellow-throated Vireo",169,2,10
"418","Tufted Titmouse",169,2,0
"419","Summer Tanager",169,2,0
"420","Scarlet Tanager",169,2,4
"421","Eastern Wood-Pewee",170,2,23
"422","Acadian Flycatcher",170,2,9
"423","Yellow-throated Vireo",170,2,4
"424","Tufted Titmouse",170,2,6
"425","Summer Tanager",170,2,0
"426","Scarlet Tanager",170,2,9
"427","Eastern Wood-Pewee",171,2,19
"428","Acadian Flycatcher",171,2,1
"429","Yellow-throated Vireo",171,2,5
"430","Tufted Titmouse",171,2,0
"431","Summer Tanager",171,2,3
"432","Scarlet Tanager",171,2,10
"433","Eastern Wood-Pewee",172,2,0
"434","Acadian Flycatcher",172,2,1
"435","Yellow-throated Vireo",172,2,0
"436","Tufted Titmouse",172,2,0
"437","Summer Tanager",172,2,1
"438","Scarlet Tanager",172,2,1
"439","Eastern Wood-Pewee",173,2,0
"440","Acadian Flycatcher",173,2,7
"441","Yellow-throated Vireo",173,2,5
"442","Tufted Titmouse",173,2,0
"443","Summer Tanager",173,2,0
"444","Scarlet Tanager",173,2,4
"445","Eastern Wood-Pewee",174,2,0
"446","Acadian Flycatcher",174,2,8
"447","Yellow-throated Vireo",174,2,44
"448","Tufted Titmouse",174,2,0
"449","Summer Tanager",174,2,0
"450","Scarlet Tanager",174,2,2
"451","Eastern Wood-Pewee",175,2,0
"452","Acadian Flycatcher",175,2,8
"453","Yellow-throated Vireo",175,2,13
"454","Tufted Titmouse",175,2,0
"455","Summer Tanager",175,2,18
"456","Scarlet Tanager",175,2,2
"457","Eastern Wood-Pewee",176,2,0
"458","Acadian Flycatcher",176,2,0
"459","Yellow-throated Vireo",176,2,0
"460","Tufted Titmouse",176,2,0
"461","Summer Tanager",176,2,0
"462","Scarlet Tanager",176,2,0
"463","Eastern Wood-Pewee",177,2,0
"464","Acadian Flycatcher",177,2,0
"465","Yellow-throated Vireo",177,2,0
"466","Tufted Titmouse",177,2,0
"467","Summer Tanager",177,2,0
"468","Scarlet Tanager",177,2,0
"469","Eastern Wood-Pewee",178,2,0
"470","Acadian Flycatcher",178,2,2
"471","Yellow-throated Vireo",178,2,0
"472","Tufted Titmouse",178,2,0
"473","Summer Tanager",178,2,0
"474","Scarlet Tanager",178,2,0
"475","Eastern Wood-Pewee",179,2,0
"476","Acadian Flycatcher",179,2,0
"477","Yellow-throated Vireo",179,2,0
"478","Tufted Titmouse",179,2,0
"479","Summer Tanager",179,2,1
"480","Scarlet Tanager",179,2,1
"481","Eastern Wood-Pewee",180,2,0
"482","Acadian Flycatcher",180,2,0
"483","Yellow-throated Vireo",180,2,0
"484","Tufted Titmouse",180,2,0
"485","Summer Tanager",180,2,0
"486","Scarlet Tanager",180,2,1
"487","Eastern Wood-Pewee",181,2,0
"488","Acadian Flycatcher",181,2,3
"489","Yellow-throated Vireo",181,2,2
"490","Tufted Titmouse",181,2,0
"491","Summer Tanager",181,2,0
"492","Scarlet Tanager",181,2,2
"493","Eastern Wood-Pewee",182,2,0
"494","Acadian Flycatcher",182,2,1
"495","Yellow-throated Vireo",182,2,2
"496","Tufted Titmouse",182,2,0
"497","Summer Tanager",182,2,2
"498","Scarlet Tanager",182,2,10
"499","Eastern Wood-Pewee",183,2,0
"500","Acadian Flycatcher",183,2,1
"501","Yellow-throated Vireo",183,2,6
"502","Tufted Titmouse",183,2,0
"503","Summer Tanager",183,2,0
"504","Scarlet Tanager",183,2,1
"505","Eastern Wood-Pewee",184,2,0
"506","Acadian Flycatcher",184,2,3
"507","Yellow-throated Vireo",184,2,1
"508","Tufted Titmouse",184,2,0
"509","Summer Tanager",184,2,0
"510","Scarlet Tanager",184,2,0
"511","Eastern Wood-Pewee",185,2,2
"512","Acadian Flycatcher",185,2,1
"513","Yellow-throated Vireo",185,2,1
"514","Tufted Titmouse",185,2,0
"515","Summer Tanager",185,2,0
"516","Scarlet Tanager",185,2,1
"517","Eastern Wood-Pewee",186,2,0
"518","Acadian Flycatcher",186,2,3
"519","Yellow-throated Vireo",186,2,2
"520","Tufted Titmouse",186,2,0
"521","Summer Tanager",186,2,1
"522","Scarlet Tanager",186,2,5
"523","Eastern Wood-Pewee",187,2,1
"524","Acadian Flycatcher",187,2,10
"525","Yellow-throated Vireo",187,2,0
"526","Tufted Titmouse",187,2,0
"527","Summer Tanager",187,2,9
"528","Scarlet Tanager",187,2,12
"529","Eastern Wood-Pewee",188,2,0
"530","Acadian Flycatcher",188,2,5
"531","Yellow-throated Vireo",188,2,0
"532","Tufted Titmouse",188,2,0
"533","Summer Tanager",188,2,0
"534","Scarlet Tanager",188,2,0
"535","Eastern Wood-Pewee",189,2,0
"536","Acadian Flycatcher",189,2,0
"537","Yellow-throated Vireo",189,2,3
"538","Tufted Titmouse",189,2,0
"539","Summer Tanager",189,2,0
"540","Scarlet Tanager",189,2,0
"541","Eastern Wood-Pewee",190,2,0
"542","Acadian Flycatcher",190,2,1
"543","Yellow-throated Vireo",190,2,3
"544","Tufted Titmouse",190,2,0
"545","Summer Tanager",190,2,0
"546","Scarlet Tanager",190,2,1
"547","Eastern Wood-Pewee",191,2,0
"548","Acadian Flycatcher",191,2,0
"549","Yellow-throated Vireo",191,2,0
"550","Tufted Titmouse",191,2,0
"551","Summer Tanager",191,2,5
"552","Scarlet Tanager",191,2,0
"553","Eastern Wood-Pewee",192,2,0
"554","Acadian Flycatcher",192,2,0
"555","Yellow-throated Vireo",192,2,6
"556","Tufted Titmouse",192,2,0
"557","Summer Tanager",192,2,0
"558","Scarlet Tanager",192,2,4
"559","Eastern Wood-Pewee",193,2,0
"560","Acadian Flycatcher",193,2,3
"561","Yellow-throated Vireo",193,2,13
"562","Tufted Titmouse",193,2,0
"563","Summer Tanager",193,2,1
"564","Scarlet Tanager",193,2,9
"565","Eastern Wood-Pewee",194,2,1
"566","Acadian Flycatcher",194,2,11
"567","Yellow-throated Vireo",194,2,0
"568","Tufted Titmouse",194,2,0
"569","Summer Tanager",194,2,0
"570","Scarlet Tanager",194,2,2
"571","Eastern Wood-Pewee",195,2,1
"572","Acadian Flycatcher",195,2,1
"573","Yellow-throated Vireo",195,2,4
"574","Tufted Titmouse",195,2,0
"575","Summer Tanager",195,2,0
"576","Scarlet Tanager",195,2,0
"577","Eastern Wood-Pewee",196,2,0
"578","Acadian Flycatcher",196,2,2
"579","Yellow-throated Vireo",196,2,1
"580","Tufted Titmouse",196,2,0
"581","Summer Tanager",196,2,0
"582","Scarlet Tanager",196,2,0
"583","Eastern Wood-Pewee",197,2,0
"584","Acadian Flycatcher",197,2,1
"585","Yellow-throated Vireo",197,2,0
"586","Tufted Titmouse",197,2,0
"587","Summer Tanager",197,2,0
"588","Scarlet Tanager",197,2,0
"589","Eastern Wood-Pewee",198,2,0
"590","Acadian Flycatcher",198,2,0
"591","Yellow-throated Vireo",198,2,0
"592","Tufted Titmouse",198,2,0
"593","Summer Tanager",198,2,0
"594","Scarlet Tanager",198,2,0
"595","Eastern Wood-Pewee",199,2,0
"596","Acadian Flycatcher",199,2,5
"597","Yellow-throated Vireo",199,2,0
"598","Tufted Titmouse",199,2,2
"599","Summer Tanager",199,2,0
"600","Scarlet Tanager",199,2,0
"601","Eastern Wood-Pewee",200,2,6
"602","Acadian Flycatcher",200,2,5
"603","Yellow-throated Vireo",200,2,0
"604","Tufted Titmouse",200,2,0
"605","Summer Tanager",200,2,0
"606","Scarlet Tanager",200,2,0
"607","Eastern Wood-Pewee",201,2,1
"608","Acadian Flycatcher",201,2,8
"609","Yellow-throated Vireo",201,2,0
"610","Tufted Titmouse",201,2,0
"611","Summer Tanager",201,2,0
"612","Scarlet Tanager",201,2,0
"613","Eastern Wood-Pewee",151,3,0
"614","Acadian Flycatcher",151,3,25
"615","Yellow-throated Vireo",151,3,4
"616","Tufted Titmouse",151,3,0
"617","Summer Tanager",151,3,15
"618","Scarlet Tanager",151,3,1
"619","Eastern Wood-Pewee",152,3,0
"620","Acadian Flycatcher",152,3,6
"621","Yellow-throated Vireo",152,3,4
"622","Tufted Titmouse",152,3,0
"623","Summer Tanager",152,3,1
"624","Scarlet Tanager",152,3,3
"625","Eastern Wood-Pewee",153,3,1
"626","Acadian Flycatcher",153,3,58
"627","Yellow-throated Vireo",153,3,1
"628","Tufted Titmouse",153,3,0
"629","Summer Tanager",153,3,18
"630","Scarlet Tanager",153,3,0
"631","Eastern Wood-Pewee",154,3,0
"632","Acadian Flycatcher",154,3,29
"633","Yellow-throated Vireo",154,3,9
"634","Tufted Titmouse",154,3,0
"635","Summer Tanager",154,3,3
"636","Scarlet Tanager",154,3,2
"637","Eastern Wood-Pewee",155,3,0
"638","Acadian Flycatcher",155,3,24
"639","Yellow-throated Vireo",155,3,2
"640","Tufted Titmouse",155,3,0
"641","Summer Tanager",155,3,189
"642","Scarlet Tanager",155,3,20
"643","Eastern Wood-Pewee",156,3,0
"644","Acadian Flycatcher",156,3,36
"645","Yellow-throated Vireo",156,3,7
"646","Tufted Titmouse",156,3,7
"647","Summer Tanager",156,3,0
"648","Scarlet Tanager",156,3,12
"649","Eastern Wood-Pewee",157,3,0
"650","Acadian Flycatcher",157,3,58
"651","Yellow-throated Vireo",157,3,3
"652","Tufted Titmouse",157,3,1
"653","Summer Tanager",157,3,3
"654","Scarlet Tanager",157,3,2
"655","Eastern Wood-Pewee",158,3,0
"656","Acadian Flycatcher",158,3,78
"657","Yellow-throated Vireo",158,3,0
"658","Tufted Titmouse",158,3,0
"659","Summer Tanager",158,3,0
"660","Scarlet Tanager",158,3,1
"661","Eastern Wood-Pewee",159,3,0
"662","Acadian Flycatcher",159,3,59
"663","Yellow-throated Vireo",159,3,0
"664","Tufted Titmouse",159,3,0
"665","Summer Tanager",159,3,206
"666","Scarlet Tanager",159,3,2
"667","Eastern Wood-Pewee",160,3,1
"668","Acadian Flycatcher",160,3,1
"669","Yellow-throated Vireo",160,3,0
"670","Tufted Titmouse",160,3,0
"671","Summer Tanager",160,3,28
"672","Scarlet Tanager",160,3,0
"673","Eastern Wood-Pewee",161,3,0
"674","Acadian Flycatcher",161,3,10
"675","Yellow-throated Vireo",161,3,0
"676","Tufted Titmouse",161,3,0
"677","Summer Tanager",161,3,5
"678","Scarlet Tanager",161,3,12
"679","Eastern Wood-Pewee",162,3,0
"680","Acadian Flycatcher",162,3,6
"681","Yellow-throated Vireo",162,3,0
"682","Tufted Titmouse",162,3,0
"683","Summer Tanager",162,3,52
"684","Scarlet Tanager",162,3,10
"685","Eastern Wood-Pewee",163,3,0
"686","Acadian Flycatcher",163,3,2
"687","Yellow-throated Vireo",163,3,0
"688","Tufted Titmouse",163,3,0
"689","Summer Tanager",163,3,4
"690","Scarlet Tanager",163,3,0
"691","Eastern Wood-Pewee",164,3,0
"692","Acadian Flycatcher",164,3,2
"693","Yellow-throated Vireo",164,3,9
"694","Tufted Titmouse",164,3,0
"695","Summer Tanager",164,3,101
"696","Scarlet Tanager",164,3,16
"697","Eastern Wood-Pewee",165,3,0
"698","Acadian Flycatcher",165,3,5
"699","Yellow-throated Vireo",165,3,25
"700","Tufted Titmouse",165,3,0
"701","Summer Tanager",165,3,0
"702","Scarlet Tanager",165,3,0
"703","Eastern Wood-Pewee",166,3,10
"704","Acadian Flycatcher",166,3,9
"705","Yellow-throated Vireo",166,3,32
"706","Tufted Titmouse",166,3,0
"707","Summer Tanager",166,3,0
"708","Scarlet Tanager",166,3,0
"709","Eastern Wood-Pewee",167,3,7
"710","Acadian Flycatcher",167,3,4
"711","Yellow-throated Vireo",167,3,9
"712","Tufted Titmouse",167,3,0
"713","Summer Tanager",167,3,5
"714","Scarlet Tanager",167,3,1
"715","Eastern Wood-Pewee",168,3,0
"716","Acadian Flycatcher",168,3,1
"717","Yellow-throated Vireo",168,3,25
"718","Tufted Titmouse",168,3,0
"719","Summer Tanager",168,3,0
"720","Scarlet Tanager",168,3,0
"721","Eastern Wood-Pewee",169,3,1
"722","Acadian Flycatcher",169,3,0
"723","Yellow-throated Vireo",169,3,24
"724","Tufted Titmouse",169,3,0
"725","Summer Tanager",169,3,1
"726","Scarlet Tanager",169,3,0
"727","Eastern Wood-Pewee",170,3,15
"728","Acadian Flycatcher",170,3,11
"729","Yellow-throated Vireo",170,3,0
"730","Tufted Titmouse",170,3,19
"731","Summer Tanager",170,3,16
"732","Scarlet Tanager",170,3,0
"733","Eastern Wood-Pewee",171,3,26
"734","Acadian Flycatcher",171,3,5
"735","Yellow-throated Vireo",171,3,22
"736","Tufted Titmouse",171,3,7
"737","Summer Tanager",171,3,0
"738","Scarlet Tanager",171,3,3
"739","Eastern Wood-Pewee",172,3,0
"740","Acadian Flycatcher",172,3,1
"741","Yellow-throated Vireo",172,3,13
"742","Tufted Titmouse",172,3,0
"743","Summer Tanager",172,3,0
"744","Scarlet Tanager",172,3,22
"745","Eastern Wood-Pewee",173,3,0
"746","Acadian Flycatcher",173,3,10
"747","Yellow-throated Vireo",173,3,5
"748","Tufted Titmouse",173,3,0
"749","Summer Tanager",173,3,0
"750","Scarlet Tanager",173,3,2
"751","Eastern Wood-Pewee",174,3,0
"752","Acadian Flycatcher",174,3,11
"753","Yellow-throated Vireo",174,3,69
"754","Tufted Titmouse",174,3,0
"755","Summer Tanager",174,3,0
"756","Scarlet Tanager",174,3,9
"757","Eastern Wood-Pewee",175,3,0
"758","Acadian Flycatcher",175,3,20
"759","Yellow-throated Vireo",175,3,32
"760","Tufted Titmouse",175,3,0
"761","Summer Tanager",175,3,5
"762","Scarlet Tanager",175,3,5
"763","Eastern Wood-Pewee",176,3,0
"764","Acadian Flycatcher",176,3,5
"765","Yellow-throated Vireo",176,3,2
"766","Tufted Titmouse",176,3,0
"767","Summer Tanager",176,3,0
"768","Scarlet Tanager",176,3,1
"769","Eastern Wood-Pewee",177,3,0
"770","Acadian Flycatcher",177,3,8
"771","Yellow-throated Vireo",177,3,0
"772","Tufted Titmouse",177,3,1
"773","Summer Tanager",177,3,2
"774","Scarlet Tanager",177,3,1
"775","Eastern Wood-Pewee",178,3,16
"776","Acadian Flycatcher",178,3,7
"777","Yellow-throated Vireo",178,3,1
"778","Tufted Titmouse",178,3,0
"779","Summer Tanager",178,3,0
"780","Scarlet Tanager",178,3,0
"781","Eastern Wood-Pewee",179,3,0
"782","Acadian Flycatcher",179,3,4
"783","Yellow-throated Vireo",179,3,0
"784","Tufted Titmouse",179,3,2
"785","Summer Tanager",179,3,0
"786","Scarlet Tanager",179,3,9
"787","Eastern Wood-Pewee",180,3,0
"788","Acadian Flycatcher",180,3,0
"789","Yellow-throated Vireo",180,3,0
"790","Tufted Titmouse",180,3,0
"791","Summer Tanager",180,3,0
"792","Scarlet Tanager",180,3,1
"793","Eastern Wood-Pewee",181,3,0
"794","Acadian Flycatcher",181,3,10
"795","Yellow-throated Vireo",181,3,1
"796","Tufted Titmouse",181,3,1
"797","Summer Tanager",181,3,31
"798","Scarlet Tanager",181,3,10
"799","Eastern Wood-Pewee",182,3,0
"800","Acadian Flycatcher",182,3,7
"801","Yellow-throated Vireo",182,3,2
"802","Tufted Titmouse",182,3,0
"803","Summer Tanager",182,3,1
"804","Scarlet Tanager",182,3,2
"805","Eastern Wood-Pewee",183,3,0
"806","Acadian Flycatcher",183,3,15
"807","Yellow-throated Vireo",183,3,26
"808","Tufted Titmouse",183,3,0
"809","Summer Tanager",183,3,0
"810","Scarlet Tanager",183,3,1
"811","Eastern Wood-Pewee",184,3,5
"812","Acadian Flycatcher",184,3,6
"813","Yellow-throated Vireo",184,3,3
"814","Tufted Titmouse",184,3,0
"815","Summer Tanager",184,3,1
"816","Scarlet Tanager",184,3,0
"817","Eastern Wood-Pewee",185,3,19
"818","Acadian Flycatcher",185,3,48
"819","Yellow-throated Vireo",185,3,12
"820","Tufted Titmouse",185,3,0
"821","Summer Tanager",185,3,12
"822","Scarlet Tanager",185,3,4
"823","Eastern Wood-Pewee",186,3,9
"824","Acadian Flycatcher",186,3,17
"825","Yellow-throated Vireo",186,3,8
"826","Tufted Titmouse",186,3,0
"827","Summer Tanager",186,3,1
"828","Scarlet Tanager",186,3,6
"829","Eastern Wood-Pewee",187,3,2
"830","Acadian Flycatcher",187,3,29
"831","Yellow-throated Vireo",187,3,1
"832","Tufted Titmouse",187,3,0
"833","Summer Tanager",187,3,7
"834","Scarlet Tanager",187,3,4
"835","Eastern Wood-Pewee",188,3,8
"836","Acadian Flycatcher",188,3,7
"837","Yellow-throated Vireo",188,3,6
"838","Tufted Titmouse",188,3,0
"839","Summer Tanager",188,3,0
"840","Scarlet Tanager",188,3,2
"841","Eastern Wood-Pewee",189,3,14
"842","Acadian Flycatcher",189,3,2
"843","Yellow-throated Vireo",189,3,15
"844","Tufted Titmouse",189,3,0
"845","Summer Tanager",189,3,0
"846","Scarlet Tanager",189,3,3
"847","Eastern Wood-Pewee",190,3,1
"848","Acadian Flycatcher",190,3,0
"849","Yellow-throated Vireo",190,3,47
"850","Tufted Titmouse",190,3,0
"851","Summer Tanager",190,3,0
"852","Scarlet Tanager",190,3,4
"853","Eastern Wood-Pewee",191,3,0
"854","Acadian Flycatcher",191,3,0
"855","Yellow-throated Vireo",191,3,0
"856","Tufted Titmouse",191,3,0
"857","Summer Tanager",191,3,0
"858","Scarlet Tanager",191,3,0
"859","Eastern Wood-Pewee",192,3,0
"860","Acadian Flycatcher",192,3,0
"861","Yellow-throated Vireo",192,3,7
"862","Tufted Titmouse",192,3,2
"863","Summer Tanager",192,3,0
"864","Scarlet Tanager",192,3,2
"865","Eastern Wood-Pewee",193,3,1
"866","Acadian Flycatcher",193,3,0
"867","Yellow-throated Vireo",193,3,6
"868","Tufted Titmouse",193,3,0
"869","Summer Tanager",193,3,0
"870","Scarlet Tanager",193,3,1
"871","Eastern Wood-Pewee",194,3,0
"872","Acadian Flycatcher",194,3,21
"873","Yellow-throated Vireo",194,3,6
"874","Tufted Titmouse",194,3,0
"875","Summer Tanager",194,3,0
"876","Scarlet Tanager",194,3,1
"877","Eastern Wood-Pewee",195,3,0
"878","Acadian Flycatcher",195,3,17
"879","Yellow-throated Vireo",195,3,19
"880","Tufted Titmouse",195,3,1
"881","Summer Tanager",195,3,0
"882","Scarlet Tanager",195,3,0
"883","Eastern Wood-Pewee",196,3,0
"884","Acadian Flycatcher",196,3,8
"885","Yellow-throated Vireo",196,3,1
"886","Tufted Titmouse",196,3,0
"887","Summer Tanager",196,3,0
"888","Scarlet Tanager",196,3,0
"889","Eastern Wood-Pewee",197,3,0
"890","Acadian Flycatcher",197,3,6
"891","Yellow-throated Vireo",197,3,0
"892","Tufted Titmouse",197,3,1
"893","Summer Tanager",197,3,0
"894","Scarlet Tanager",197,3,0
"895","Eastern Wood-Pewee",198,3,0
"896","Acadian Flycatcher",198,3,12
"897","Yellow-throated Vireo",198,3,0
"898","Tufted Titmouse",198,3,0
"899","Summer Tanager",198,3,70
"900","Scarlet Tanager",198,3,0
"901","Eastern Wood-Pewee",199,3,0
"902","Acadian Flycatcher",199,3,19
"903","Yellow-throated Vireo",199,3,0
"904","Tufted Titmouse",199,3,0
"905","Summer Tanager",199,3,0
"906","Scarlet Tanager",199,3,0
"907","Eastern Wood-Pewee",200,3,4
"908","Acadian Flycatcher",200,3,17
"909","Yellow-throated Vireo",200,3,0
"910","Tufted Titmouse",200,3,1
"911","Summer Tanager",200,3,0
"912","Scarlet Tanager",200,3,1
"913","Eastern Wood-Pewee",201,3,0
"914","Acadian Flycatcher",201,3,13
"915","Yellow-throated Vireo",201,3,0
"916","Tufted Titmouse",201,3,0
"917","Summer Tanager",201,3,0
"918","Scarlet Tanager",201,3,0
"919","Eastern Wood-Pewee",151,4,0
"920","Acadian Flycatcher",151,4,26
"921","Yellow-throated Vireo",151,4,4
"922","Tufted Titmouse",151,4,1
"923","Summer Tanager",151,4,1
"924","Scarlet Tanager",151,4,0
"925","Eastern Wood-Pewee",152,4,0
"926","Acadian Flycatcher",152,4,30
"927","Yellow-throated Vireo",152,4,4
"928","Tufted Titmouse",152,4,0
"929","Summer Tanager",152,4,0
"930","Scarlet Tanager",152,4,0
"931","Eastern Wood-Pewee",153,4,0
"932","Acadian Flycatcher",153,4,15
"933","Yellow-throated Vireo",153,4,1
"934","Tufted Titmouse",153,4,0
"935","Summer Tanager",153,4,8
"936","Scarlet Tanager",153,4,0
"937","Eastern Wood-Pewee",154,4,1
"938","Acadian Flycatcher",154,4,25
"939","Yellow-throated Vireo",154,4,3
"940","Tufted Titmouse",154,4,0
"941","Summer Tanager",154,4,3
"942","Scarlet Tanager",154,4,0
"943","Eastern Wood-Pewee",155,4,0
"944","Acadian Flycatcher",155,4,53
"945","Yellow-throated Vireo",155,4,8
"946","Tufted Titmouse",155,4,0
"947","Summer Tanager",155,4,1
"948","Scarlet Tanager",155,4,11
"949","Eastern Wood-Pewee",156,4,1
"950","Acadian Flycatcher",156,4,28
"951","Yellow-throated Vireo",156,4,5
"952","Tufted Titmouse",156,4,0
"953","Summer Tanager",156,4,17
"954","Scarlet Tanager",156,4,26
"955","Eastern Wood-Pewee",157,4,1
"956","Acadian Flycatcher",157,4,4
"957","Yellow-throated Vireo",157,4,15
"958","Tufted Titmouse",157,4,3
"959","Summer Tanager",157,4,0
"960","Scarlet Tanager",157,4,3
"961","Eastern Wood-Pewee",158,4,0
"962","Acadian Flycatcher",158,4,44
"963","Yellow-throated Vireo",158,4,0
"964","Tufted Titmouse",158,4,17
"965","Summer Tanager",158,4,0
"966","Scarlet Tanager",158,4,2
"967","Eastern Wood-Pewee",159,4,6
"968","Acadian Flycatcher",159,4,30
"969","Yellow-throated Vireo",159,4,0
"970","Tufted Titmouse",159,4,0
"971","Summer Tanager",159,4,80
"972","Scarlet Tanager",159,4,32
"973","Eastern Wood-Pewee",160,4,1
"974","Acadian Flycatcher",160,4,5
"975","Yellow-throated Vireo",160,4,1
"976","Tufted Titmouse",160,4,0
"977","Summer Tanager",160,4,1
"978","Scarlet Tanager",160,4,0
"979","Eastern Wood-Pewee",161,4,0
"980","Acadian Flycatcher",161,4,35
"981","Yellow-throated Vireo",161,4,0
"982","Tufted Titmouse",161,4,0
"983","Summer Tanager",161,4,94
"984","Scarlet Tanager",161,4,7
"985","Eastern Wood-Pewee",162,4,0
"986","Acadian Flycatcher",162,4,19
"987","Yellow-throated Vireo",162,4,10
"988","Tufted Titmouse",162,4,2
"989","Summer Tanager",162,4,4
"990","Scarlet Tanager",162,4,6
"991","Eastern Wood-Pewee",163,4,0
"992","Acadian Flycatcher",163,4,0
"993","Yellow-throated Vireo",163,4,37
"994","Tufted Titmouse",163,4,0
"995","Summer Tanager",163,4,7
"996","Scarlet Tanager",163,4,0
"997","Eastern Wood-Pewee",164,4,0
"998","Acadian Flycatcher",164,4,0
"999","Yellow-throated Vireo",164,4,15
"1000","Tufted Titmouse",164,4,0
"1001","Summer Tanager",164,4,12
"1002","Scarlet Tanager",164,4,0
"1003","Eastern Wood-Pewee",165,4,9
"1004","Acadian Flycatcher",165,4,17
"1005","Yellow-throated Vireo",165,4,31
"1006","Tufted Titmouse",165,4,0
"1007","Summer Tanager",165,4,0
"1008","Scarlet Tanager",165,4,1
"1009","Eastern Wood-Pewee",166,4,28
"1010","Acadian Flycatcher",166,4,0
"1011","Yellow-throated Vireo",166,4,21
"1012","Tufted Titmouse",166,4,0
"1013","Summer Tanager",166,4,0
"1014","Scarlet Tanager",166,4,1
"1015","Eastern Wood-Pewee",167,4,14
"1016","Acadian Flycatcher",167,4,39
"1017","Yellow-throated Vireo",167,4,1
"1018","Tufted Titmouse",167,4,7
"1019","Summer Tanager",167,4,41
"1020","Scarlet Tanager",167,4,1
"1021","Eastern Wood-Pewee",168,4,6
"1022","Acadian Flycatcher",168,4,0
"1023","Yellow-throated Vireo",168,4,5
"1024","Tufted Titmouse",168,4,0
"1025","Summer Tanager",168,4,0
"1026","Scarlet Tanager",168,4,0
"1027","Eastern Wood-Pewee",169,4,6
"1028","Acadian Flycatcher",169,4,32
"1029","Yellow-throated Vireo",169,4,0
"1030","Tufted Titmouse",169,4,3
"1031","Summer Tanager",169,4,4
"1032","Scarlet Tanager",169,4,1
"1033","Eastern Wood-Pewee",170,4,9
"1034","Acadian Flycatcher",170,4,18
"1035","Yellow-throated Vireo",170,4,1
"1036","Tufted Titmouse",170,4,9
"1037","Summer Tanager",170,4,0
"1038","Scarlet Tanager",170,4,0
"1039","Eastern Wood-Pewee",171,4,33
"1040","Acadian Flycatcher",171,4,1
"1041","Yellow-throated Vireo",171,4,7
"1042","Tufted Titmouse",171,4,27
"1043","Summer Tanager",171,4,9
"1044","Scarlet Tanager",171,4,3
"1045","Eastern Wood-Pewee",172,4,0
"1046","Acadian Flycatcher",172,4,4
"1047","Yellow-throated Vireo",172,4,6
"1048","Tufted Titmouse",172,4,0
"1049","Summer Tanager",172,4,0
"1050","Scarlet Tanager",172,4,22
"1051","Eastern Wood-Pewee",173,4,0
"1052","Acadian Flycatcher",173,4,19
"1053","Yellow-throated Vireo",173,4,12
"1054","Tufted Titmouse",173,4,0
"1055","Summer Tanager",173,4,2
"1056","Scarlet Tanager",173,4,10
"1057","Eastern Wood-Pewee",174,4,0
"1058","Acadian Flycatcher",174,4,1
"1059","Yellow-throated Vireo",174,4,49
"1060","Tufted Titmouse",174,4,0
"1061","Summer Tanager",174,4,0
"1062","Scarlet Tanager",174,4,1
"1063","Eastern Wood-Pewee",175,4,2
"1064","Acadian Flycatcher",175,4,11
"1065","Yellow-throated Vireo",175,4,91
"1066","Tufted Titmouse",175,4,1
"1067","Summer Tanager",175,4,2
"1068","Scarlet Tanager",175,4,8
"1069","Eastern Wood-Pewee",176,4,0
"1070","Acadian Flycatcher",176,4,10
"1071","Yellow-throated Vireo",176,4,3
"1072","Tufted Titmouse",176,4,7
"1073","Summer Tanager",176,4,17
"1074","Scarlet Tanager",176,4,0
"1075","Eastern Wood-Pewee",177,4,0
"1076","Acadian Flycatcher",177,4,13
"1077","Yellow-throated Vireo",177,4,0
"1078","Tufted Titmouse",177,4,0
"1079","Summer Tanager",177,4,11
"1080","Scarlet Tanager",177,4,0
"1081","Eastern Wood-Pewee",178,4,0
"1082","Acadian Flycatcher",178,4,4
"1083","Yellow-throated Vireo",178,4,0
"1084","Tufted Titmouse",178,4,0
"1085","Summer Tanager",178,4,0
"1086","Scarlet Tanager",178,4,0
"1087","Eastern Wood-Pewee",179,4,0
"1088","Acadian Flycatcher",179,4,8
"1089","Yellow-throated Vireo",179,4,1
"1090","Tufted Titmouse",179,4,0
"1091","Summer Tanager",179,4,0
"1092","Scarlet Tanager",179,4,1
"1093","Eastern Wood-Pewee",180,4,0
"1094","Acadian Flycatcher",180,4,6
"1095","Yellow-throated Vireo",180,4,1
"1096","Tufted Titmouse",180,4,0
"1097","Summer Tanager",180,4,0
"1098","Scarlet Tanager",180,4,1
"1099","Eastern Wood-Pewee",181,4,0
"1100","Acadian Flycatcher",181,4,16
"1101","Yellow-throated Vireo",181,4,0
"1102","Tufted Titmouse",181,4,0
"1103","Summer Tanager",181,4,0
"1104","Scarlet Tanager",181,4,0
"1105","Eastern Wood-Pewee",182,4,4
"1106","Acadian Flycatcher",182,4,4
"1107","Yellow-throated Vireo",182,4,0
"1108","Tufted Titmouse",182,4,12
"1109","Summer Tanager",182,4,1
"1110","Scarlet Tanager",182,4,0
"1111","Eastern Wood-Pewee",183,4,0
"1112","Acadian Flycatcher",183,4,10
"1113","Yellow-throated Vireo",183,4,2
"1114","Tufted Titmouse",183,4,0
"1115","Summer Tanager",183,4,0
"1116","Scarlet Tanager",183,4,0
"1117","Eastern Wood-Pewee",184,4,3
"1118","Acadian Flycatcher",184,4,5
"1119","Yellow-throated Vireo",184,4,0
"1120","Tufted Titmouse",184,4,0
"1121","Summer Tanager",184,4,0
"1122","Scarlet Tanager",184,4,0
"1123","Eastern Wood-Pewee",185,4,15
"1124","Acadian Flycatcher",185,4,11
"1125","Yellow-throated Vireo",185,4,0
"1126","Tufted Titmouse",185,4,0
"1127","Summer Tanager",185,4,0
"1128","Scarlet Tanager",185,4,0
"1129","Eastern Wood-Pewee",186,4,36
"1130","Acadian Flycatcher",186,4,15
"1131","Yellow-throated Vireo",186,4,4
"1132","Tufted Titmouse",186,4,0
"1133","Summer Tanager",186,4,0
"1134","Scarlet Tanager",186,4,3
"1135","Eastern Wood-Pewee",187,4,21
"1136","Acadian Flycatcher",187,4,11
"1137","Yellow-throated Vireo",187,4,7
"1138","Tufted Titmouse",187,4,0
"1139","Summer Tanager",187,4,0
"1140","Scarlet Tanager",187,4,0
"1141","Eastern Wood-Pewee",188,4,7
"1142","Acadian Flycatcher",188,4,2
"1143","Yellow-throated Vireo",188,4,0
"1144","Tufted Titmouse",188,4,0
"1145","Summer Tanager",188,4,0
"1146","Scarlet Tanager",188,4,0
"1147","Eastern Wood-Pewee",189,4,8
"1148","Acadian Flycatcher",189,4,2
"1149","Yellow-throated Vireo",189,4,7
"1150","Tufted Titmouse",189,4,0
"1151","Summer Tanager",189,4,0
"1152","Scarlet Tanager",189,4,0
"1153","Eastern Wood-Pewee",190,4,0
"1154","Acadian Flycatcher",190,4,1
"1155","Yellow-throated Vireo",190,4,2
"1156","Tufted Titmouse",190,4,0
"1157","Summer Tanager",190,4,0
"1158","Scarlet Tanager",190,4,0
"1159","Eastern Wood-Pewee",191,4,0
"1160","Acadian Flycatcher",191,4,0
"1161","Yellow-throated Vireo",191,4,4
"1162","Tufted Titmouse",191,4,0
"1163","Summer Tanager",191,4,0
"1164","Scarlet Tanager",191,4,1
"1165","Eastern Wood-Pewee",192,4,4
"1166","Acadian Flycatcher",192,4,0
"1167","Yellow-throated Vireo",192,4,0
"1168","Tufted Titmouse",192,4,0
"1169","Summer Tanager",192,4,0
"1170","Scarlet Tanager",192,4,0
"1171","Eastern Wood-Pewee",193,4,0
"1172","Acadian Flycatcher",193,4,3
"1173","Yellow-throated Vireo",193,4,1
"1174","Tufted Titmouse",193,4,0
"1175","Summer Tanager",193,4,8
"1176","Scarlet Tanager",193,4,0
"1177","Eastern Wood-Pewee",194,4,0
"1178","Acadian Flycatcher",194,4,6
"1179","Yellow-throated Vireo",194,4,0
"1180","Tufted Titmouse",194,4,0
"1181","Summer Tanager",194,4,11
"1182","Scarlet Tanager",194,4,0
"1183","Eastern Wood-Pewee",195,4,0
"1184","Acadian Flycatcher",195,4,7
"1185","Yellow-throated Vireo",195,4,1
"1186","Tufted Titmouse",195,4,0
"1187","Summer Tanager",195,4,0
"1188","Scarlet Tanager",195,4,0
"1189","Eastern Wood-Pewee",196,4,0
"1190","Acadian Flycatcher",196,4,15
"1191","Yellow-throated Vireo",196,4,1
"1192","Tufted Titmouse",196,4,0
"1193","Summer Tanager",196,4,0
"1194","Scarlet Tanager",196,4,0
"1195","Eastern Wood-Pewee",197,4,0
"1196","Acadian Flycatcher",197,4,40
"1197","Yellow-throated Vireo",197,4,0
"1198","Tufted Titmouse",197,4,0
"1199","Summer Tanager",197,4,0
"1200","Scarlet Tanager",197,4,0
"1201","Eastern Wood-Pewee",198,4,0
"1202","Acadian Flycatcher",198,4,16
"1203","Yellow-throated Vireo",198,4,0
"1204","Tufted Titmouse",198,4,0
"1205","Summer Tanager",198,4,145
"1206","Scarlet Tanager",198,4,0
"1207","Eastern Wood-Pewee",199,4,0
"1208","Acadian Flycatcher",199,4,13
"1209","Yellow-throated Vireo",199,4,4
"1210","Tufted Titmouse",199,4,0
"1211","Summer Tanager",199,4,0
"1212","Scarlet Tanager",199,4,2
"1213","Eastern Wood-Pewee",200,4,0
"1214","Acadian Flycatcher",200,4,25
"1215","Yellow-throated Vireo",200,4,0
"1216","Tufted Titmouse",200,4,0
"1217","Summer Tanager",200,4,0
"1218","Scarlet Tanager",200,4,0
"1219","Eastern Wood-Pewee",201,4,0
"1220","Acadian Flycatcher",201,4,14
"1221","Yellow-throated Vireo",201,4,0
"1222","Tufted Titmouse",201,4,0
"1223","Summer Tanager",201,4,9
"1224","Scarlet Tanager",201,4,1
"1225","Eastern Wood-Pewee",151,5,1
"1226","Acadian Flycatcher",151,5,14
"1227","Yellow-throated Vireo",151,5,6
"1228","Tufted Titmouse",151,5,0
"1229","Summer Tanager",151,5,1
"1230","Scarlet Tanager",151,5,0
"1231","Eastern Wood-Pewee",152,5,0
"1232","Acadian Flycatcher",152,5,29
"1233","Yellow-throated Vireo",152,5,4
"1234","Tufted Titmouse",152,5,0
"1235","Summer Tanager",152,5,0
"1236","Scarlet Tanager",152,5,0
"1237","Eastern Wood-Pewee",153,5,0
"1238","Acadian Flycatcher",153,5,37
"1239","Yellow-throated Vireo",153,5,1
"1240","Tufted Titmouse",153,5,2
"1241","Summer Tanager",153,5,7
"1242","Scarlet Tanager",153,5,0
"1243","Eastern Wood-Pewee",154,5,6
"1244","Acadian Flycatcher",154,5,86
"1245","Yellow-throated Vireo",154,5,9
"1246","Tufted Titmouse",154,5,0
"1247","Summer Tanager",154,5,5
"1248","Scarlet Tanager",154,5,0
"1249","Eastern Wood-Pewee",155,5,1
"1250","Acadian Flycatcher",155,5,80
"1251","Yellow-throated Vireo",155,5,8
"1252","Tufted Titmouse",155,5,0
"1253","Summer Tanager",155,5,1
"1254","Scarlet Tanager",155,5,3
"1255","Eastern Wood-Pewee",156,5,6
"1256","Acadian Flycatcher",156,5,7
"1257","Yellow-throated Vireo",156,5,25
"1258","Tufted Titmouse",156,5,0
"1259","Summer Tanager",156,5,0
"1260","Scarlet Tanager",156,5,12
"1261","Eastern Wood-Pewee",157,5,1
"1262","Acadian Flycatcher",157,5,3
"1263","Yellow-throated Vireo",157,5,5
"1264","Tufted Titmouse",157,5,36
"1265","Summer Tanager",157,5,0
"1266","Scarlet Tanager",157,5,0
"1267","Eastern Wood-Pewee",158,5,0
"1268","Acadian Flycatcher",158,5,89
"1269","Yellow-throated Vireo",158,5,0
"1270","Tufted Titmouse",158,5,4
"1271","Summer Tanager",158,5,2
"1272","Scarlet Tanager",158,5,0
"1273","Eastern Wood-Pewee",159,5,2
"1274","Acadian Flycatcher",159,5,33
"1275","Yellow-throated Vireo",159,5,0
"1276","Tufted Titmouse",159,5,0
"1277","Summer Tanager",159,5,136
"1278","Scarlet Tanager",159,5,20
"1279","Eastern Wood-Pewee",160,5,7
"1280","Acadian Flycatcher",160,5,0
"1281","Yellow-throated Vireo",160,5,0
"1282","Tufted Titmouse",160,5,0
"1283","Summer Tanager",160,5,3
"1284","Scarlet Tanager",160,5,0
"1285","Eastern Wood-Pewee",161,5,0
"1286","Acadian Flycatcher",161,5,17
"1287","Yellow-throated Vireo",161,5,4
"1288","Tufted Titmouse",161,5,11
"1289","Summer Tanager",161,5,39
"1290","Scarlet Tanager",161,5,9
"1291","Eastern Wood-Pewee",162,5,0
"1292","Acadian Flycatcher",162,5,3
"1293","Yellow-throated Vireo",162,5,1
"1294","Tufted Titmouse",162,5,1
"1295","Summer Tanager",162,5,3
"1296","Scarlet Tanager",162,5,1
"1297","Eastern Wood-Pewee",163,5,15
"1298","Acadian Flycatcher",163,5,8
"1299","Yellow-throated Vireo",163,5,8
"1300","Tufted Titmouse",163,5,0
"1301","Summer Tanager",163,5,19
"1302","Scarlet Tanager",163,5,1
"1303","Eastern Wood-Pewee",164,5,0
"1304","Acadian Flycatcher",164,5,0
"1305","Yellow-throated Vireo",164,5,26
"1306","Tufted Titmouse",164,5,0
"1307","Summer Tanager",164,5,89
"1308","Scarlet Tanager",164,5,42
"1309","Eastern Wood-Pewee",165,5,81
"1310","Acadian Flycatcher",165,5,0
"1311","Yellow-throated Vireo",165,5,25
"1312","Tufted Titmouse",165,5,0
"1313","Summer Tanager",165,5,0
"1314","Scarlet Tanager",165,5,0
"1315","Eastern Wood-Pewee",166,5,13
"1316","Acadian Flycatcher",166,5,45
"1317","Yellow-throated Vireo",166,5,0
"1318","Tufted Titmouse",166,5,6
"1319","Summer Tanager",166,5,0
"1320","Scarlet Tanager",166,5,0
"1321","Eastern Wood-Pewee",167,5,28
"1322","Acadian Flycatcher",167,5,6
"1323","Yellow-throated Vireo",167,5,9
"1324","Tufted Titmouse",167,5,0
"1325","Summer Tanager",167,5,1
"1326","Scarlet Tanager",167,5,0
"1327","Eastern Wood-Pewee",168,5,48
"1328","Acadian Flycatcher",168,5,2
"1329","Yellow-throated Vireo",168,5,1
"1330","Tufted Titmouse",168,5,2
"1331","Summer Tanager",168,5,0
"1332","Scarlet Tanager",168,5,0
"1333","Eastern Wood-Pewee",169,5,0
"1334","Acadian Flycatcher",169,5,4
"1335","Yellow-throated Vireo",169,5,1
"1336","Tufted Titmouse",169,5,23
"1337","Summer Tanager",169,5,0
"1338","Scarlet Tanager",169,5,1
"1339","Eastern Wood-Pewee",170,5,54
"1340","Acadian Flycatcher",170,5,14
"1341","Yellow-throated Vireo",170,5,0
"1342","Tufted Titmouse",170,5,5
"1343","Summer Tanager",170,5,1
"1344","Scarlet Tanager",170,5,0
"1345","Eastern Wood-Pewee",171,5,38
"1346","Acadian Flycatcher",171,5,1
"1347","Yellow-throated Vireo",171,5,21
"1348","Tufted Titmouse",171,5,20
"1349","Summer Tanager",171,5,5
"1350","Scarlet Tanager",171,5,3
"1351","Eastern Wood-Pewee",172,5,0
"1352","Acadian Flycatcher",172,5,0
"1353","Yellow-throated Vireo",172,5,7
"1354","Tufted Titmouse",172,5,0
"1355","Summer Tanager",172,5,0
"1356","Scarlet Tanager",172,5,18
"1357","Eastern Wood-Pewee",173,5,2
"1358","Acadian Flycatcher",173,5,4
"1359","Yellow-throated Vireo",173,5,0
"1360","Tufted Titmouse",173,5,0
"1361","Summer Tanager",173,5,0
"1362","Scarlet Tanager",173,5,2
"1363","Eastern Wood-Pewee",174,5,1
"1364","Acadian Flycatcher",174,5,21
"1365","Yellow-throated Vireo",174,5,68
"1366","Tufted Titmouse",174,5,2
"1367","Summer Tanager",174,5,1
"1368","Scarlet Tanager",174,5,3
"1369","Eastern Wood-Pewee",175,5,0
"1370","Acadian Flycatcher",175,5,14
"1371","Yellow-throated Vireo",175,5,88
"1372","Tufted Titmouse",175,5,0
"1373","Summer Tanager",175,5,0
"1374","Scarlet Tanager",175,5,2
"1375","Eastern Wood-Pewee",176,5,0
"1376","Acadian Flycatcher",176,5,14
"1377","Yellow-throated Vireo",176,5,4
"1378","Tufted Titmouse",176,5,17
"1379","Summer Tanager",176,5,0
"1380","Scarlet Tanager",176,5,0
"1381","Eastern Wood-Pewee",177,5,0
"1382","Acadian Flycatcher",177,5,3
"1383","Yellow-throated Vireo",177,5,2
"1384","Tufted Titmouse",177,5,0
"1385","Summer Tanager",177,5,0
"1386","Scarlet Tanager",177,5,0
"1387","Eastern Wood-Pewee",178,5,0
"1388","Acadian Flycatcher",178,5,7
"1389","Yellow-throated Vireo",178,5,0
"1390","Tufted Titmouse",178,5,0
"1391","Summer Tanager",178,5,0
"1392","Scarlet Tanager",178,5,0
"1393","Eastern Wood-Pewee",179,5,0
"1394","Acadian Flycatcher",179,5,19
"1395","Yellow-throated Vireo",179,5,1
"1396","Tufted Titmouse",179,5,0
"1397","Summer Tanager",179,5,0
"1398","Scarlet Tanager",179,5,0
"1399","Eastern Wood-Pewee",180,5,0
"1400","Acadian Flycatcher",180,5,2
"1401","Yellow-throated Vireo",180,5,0
"1402","Tufted Titmouse",180,5,0
"1403","Summer Tanager",180,5,0
"1404","Scarlet Tanager",180,5,3
"1405","Eastern Wood-Pewee",181,5,2
"1406","Acadian Flycatcher",181,5,7
"1407","Yellow-throated Vireo",181,5,0
"1408","Tufted Titmouse",181,5,0
"1409","Summer Tanager",181,5,0
"1410","Scarlet Tanager",181,5,0
"1411","Eastern Wood-Pewee",182,5,17
"1412","Acadian Flycatcher",182,5,41
"1413","Yellow-throated Vireo",182,5,0
"1414","Tufted Titmouse",182,5,1
"1415","Summer Tanager",182,5,4
"1416","Scarlet Tanager",182,5,0
"1417","Eastern Wood-Pewee",183,5,1
"1418","Acadian Flycatcher",183,5,21
"1419","Yellow-throated Vireo",183,5,0
"1420","Tufted Titmouse",183,5,0
"1421","Summer Tanager",183,5,1
"1422","Scarlet Tanager",183,5,0
"1423","Eastern Wood-Pewee",184,5,6
"1424","Acadian Flycatcher",184,5,15
"1425","Yellow-throated Vireo",184,5,0
"1426","Tufted Titmouse",184,5,0
"1427","Summer Tanager",184,5,0
"1428","Scarlet Tanager",184,5,0
"1429","Eastern Wood-Pewee",185,5,2
"1430","Acadian Flycatcher",185,5,14
"1431","Yellow-throated Vireo",185,5,0
"1432","Tufted Titmouse",185,5,0
"1433","Summer Tanager",185,5,0
"1434","Scarlet Tanager",185,5,0
"1435","Eastern Wood-Pewee",186,5,17
"1436","Acadian Flycatcher",186,5,11
"1437","Yellow-throated Vireo",186,5,0
"1438","Tufted Titmouse",186,5,0
"1439","Summer Tanager",186,5,1
"1440","Scarlet Tanager",186,5,0
"1441","Eastern Wood-Pewee",187,5,0
"1442","Acadian Flycatcher",187,5,3
"1443","Yellow-throated Vireo",187,5,6
"1444","Tufted Titmouse",187,5,3
"1445","Summer Tanager",187,5,0
"1446","Scarlet Tanager",187,5,0
"1447","Eastern Wood-Pewee",188,5,0
"1448","Acadian Flycatcher",188,5,0
"1449","Yellow-throated Vireo",188,5,0
"1450","Tufted Titmouse",188,5,3
"1451","Summer Tanager",188,5,0
"1452","Scarlet Tanager",188,5,0
"1453","Eastern Wood-Pewee",189,5,8
"1454","Acadian Flycatcher",189,5,0
"1455","Yellow-throated Vireo",189,5,0
"1456","Tufted Titmouse",189,5,0
"1457","Summer Tanager",189,5,0
"1458","Scarlet Tanager",189,5,0
"1459","Eastern Wood-Pewee",190,5,0
"1460","Acadian Flycatcher",190,5,17
"1461","Yellow-throated Vireo",190,5,5
"1462","Tufted Titmouse",190,5,0
"1463","Summer Tanager",190,5,0
"1464","Scarlet Tanager",190,5,0
"1465","Eastern Wood-Pewee",191,5,0
"1466","Acadian Flycatcher",191,5,0
"1467","Yellow-throated Vireo",191,5,0
"1468","Tufted Titmouse",191,5,0
"1469","Summer Tanager",191,5,0
"1470","Scarlet Tanager",191,5,0
"1471","Eastern Wood-Pewee",192,5,7
"1472","Acadian Flycatcher",192,5,13
"1473","Yellow-throated Vireo",192,5,0
"1474","Tufted Titmouse",192,5,0
"1475","Summer Tanager",192,5,0
"1476","Scarlet Tanager",192,5,0
"1477","Eastern Wood-Pewee",193,5,0
"1478","Acadian Flycatcher",193,5,0
"1479","Yellow-throated Vireo",193,5,0
"1480","Tufted Titmouse",193,5,0
"1481","Summer Tanager",193,5,20
"1482","Scarlet Tanager",193,5,1
"1483","Eastern Wood-Pewee",194,5,0
"1484","Acadian Flycatcher",194,5,0
"1485","Yellow-throated Vireo",194,5,0
"1486","Tufted Titmouse",194,5,0
"1487","Summer Tanager",194,5,0
"1488","Scarlet Tanager",194,5,0
"1489","Eastern Wood-Pewee",195,5,0
"1490","Acadian Flycatcher",195,5,11
"1491","Yellow-throated Vireo",195,5,0
"1492","Tufted Titmouse",195,5,0
"1493","Summer Tanager",195,5,0
"1494","Scarlet Tanager",195,5,0
"1495","Eastern Wood-Pewee",196,5,0
"1496","Acadian Flycatcher",196,5,23
"1497","Yellow-throated Vireo",196,5,0
"1498","Tufted Titmouse",196,5,0
"1499","Summer Tanager",196,5,0
"1500","Scarlet Tanager",196,5,0
"1501","Eastern Wood-Pewee",197,5,0
"1502","Acadian Flycatcher",197,5,24
"1503","Yellow-throated Vireo",197,5,0
"1504","Tufted Titmouse",197,5,0
"1505","Summer Tanager",197,5,5
"1506","Scarlet Tanager",197,5,0
"1507","Eastern Wood-Pewee",198,5,0
"1508","Acadian Flycatcher",198,5,17
"1509","Yellow-throated Vireo",198,5,0
"1510","Tufted Titmouse",198,5,0
"1511","Summer Tanager",198,5,163
"1512","Scarlet Tanager",198,5,0
"1513","Eastern Wood-Pewee",199,5,0
"1514","Acadian Flycatcher",199,5,18
"1515","Yellow-throated Vireo",199,5,0
"1516","Tufted Titmouse",199,5,0
"1517","Summer Tanager",199,5,0
"1518","Scarlet Tanager",199,5,0
"1519","Eastern Wood-Pewee",200,5,0
"1520","Acadian Flycatcher",200,5,15
"1521","Yellow-throated Vireo",200,5,0
"1522","Tufted Titmouse",200,5,0
"1523","Summer Tanager",200,5,0
"1524","Scarlet Tanager",200,5,0
"1525","Eastern Wood-Pewee",201,5,0
"1526","Acadian Flycatcher",201,5,17
"1527","Yellow-throated Vireo",201,5,0
"1528","Tufted Titmouse",201,5,0
"1529","Summer Tanager",201,5,0
"1530","Scarlet Tanager",201,5,0
"1531","Eastern Wood-Pewee",151,6,0
"1532","Acadian Flycatcher",151,6,25
"1533","Yellow-throated Vireo",151,6,10
"1534","Tufted Titmouse",151,6,0
"1535","Summer Tanager",151,6,0
"1536","Scarlet Tanager",151,6,1
"1537","Eastern Wood-Pewee",152,6,0
"1538","Acadian Flycatcher",152,6,8
"1539","Yellow-throated Vireo",152,6,35
"1540","Tufted Titmouse",152,6,0
"1541","Summer Tanager",152,6,0
"1542","Scarlet Tanager",152,6,0
"1543","Eastern Wood-Pewee",153,6,7
"1544","Acadian Flycatcher",153,6,17
"1545","Yellow-throated Vireo",153,6,3
"1546","Tufted Titmouse",153,6,0
"1547","Summer Tanager",153,6,7
"1548","Scarlet Tanager",153,6,0
"1549","Eastern Wood-Pewee",154,6,3
"1550","Acadian Flycatcher",154,6,38
"1551","Yellow-throated Vireo",154,6,5
"1552","Tufted Titmouse",154,6,0
"1553","Summer Tanager",154,6,0
"1554","Scarlet Tanager",154,6,2
"1555","Eastern Wood-Pewee",155,6,0
"1556","Acadian Flycatcher",155,6,32
"1557","Yellow-throated Vireo",155,6,14
"1558","Tufted Titmouse",155,6,3
"1559","Summer Tanager",155,6,0
"1560","Scarlet Tanager",155,6,3
"1561","Eastern Wood-Pewee",156,6,4
"1562","Acadian Flycatcher",156,6,37
"1563","Yellow-throated Vireo",156,6,22
"1564","Tufted Titmouse",156,6,0
"1565","Summer Tanager",156,6,0
"1566","Scarlet Tanager",156,6,3
"1567","Eastern Wood-Pewee",157,6,1
"1568","Acadian Flycatcher",157,6,15
"1569","Yellow-throated Vireo",157,6,3
"1570","Tufted Titmouse",157,6,10
"1571","Summer Tanager",157,6,2
"1572","Scarlet Tanager",157,6,1
"1573","Eastern Wood-Pewee",158,6,0
"1574","Acadian Flycatcher",158,6,77
"1575","Yellow-throated Vireo",158,6,2
"1576","Tufted Titmouse",158,6,12
"1577","Summer Tanager",158,6,13
"1578","Scarlet Tanager",158,6,7
"1579","Eastern Wood-Pewee",159,6,11
"1580","Acadian Flycatcher",159,6,18
"1581","Yellow-throated Vireo",159,6,28
"1582","Tufted Titmouse",159,6,3
"1583","Summer Tanager",159,6,68
"1584","Scarlet Tanager",159,6,12
"1585","Eastern Wood-Pewee",160,6,20
"1586","Acadian Flycatcher",160,6,1
"1587","Yellow-throated Vireo",160,6,0
"1588","Tufted Titmouse",160,6,1
"1589","Summer Tanager",160,6,44
"1590","Scarlet Tanager",160,6,0
"1591","Eastern Wood-Pewee",161,6,0
"1592","Acadian Flycatcher",161,6,2
"1593","Yellow-throated Vireo",161,6,2
"1594","Tufted Titmouse",161,6,27
"1595","Summer Tanager",161,6,54
"1596","Scarlet Tanager",161,6,8
"1597","Eastern Wood-Pewee",162,6,0
"1598","Acadian Flycatcher",162,6,6
"1599","Yellow-throated Vireo",162,6,16
"1600","Tufted Titmouse",162,6,0
"1601","Summer Tanager",162,6,0
"1602","Scarlet Tanager",162,6,15
"1603","Eastern Wood-Pewee",163,6,16
"1604","Acadian Flycatcher",163,6,3
"1605","Yellow-throated Vireo",163,6,31
"1606","Tufted Titmouse",163,6,3
"1607","Summer Tanager",163,6,4
"1608","Scarlet Tanager",163,6,0
"1609","Eastern Wood-Pewee",164,6,1
"1610","Acadian Flycatcher",164,6,0
"1611","Yellow-throated Vireo",164,6,44
"1612","Tufted Titmouse",164,6,0
"1613","Summer Tanager",164,6,47
"1614","Scarlet Tanager",164,6,24
"1615","Eastern Wood-Pewee",165,6,60
"1616","Acadian Flycatcher",165,6,21
"1617","Yellow-throated Vireo",165,6,45
"1618","Tufted Titmouse",165,6,2
"1619","Summer Tanager",165,6,0
"1620","Scarlet Tanager",165,6,1
"1621","Eastern Wood-Pewee",166,6,0
"1622","Acadian Flycatcher",166,6,0
"1623","Yellow-throated Vireo",166,6,14
"1624","Tufted Titmouse",166,6,2
"1625","Summer Tanager",166,6,0
"1626","Scarlet Tanager",166,6,0
"1627","Eastern Wood-Pewee",167,6,50
"1628","Acadian Flycatcher",167,6,29
"1629","Yellow-throated Vireo",167,6,3
"1630","Tufted Titmouse",167,6,0
"1631","Summer Tanager",167,6,1
"1632","Scarlet Tanager",167,6,0
"1633","Eastern Wood-Pewee",168,6,30
"1634","Acadian Flycatcher",168,6,1
"1635","Yellow-throated Vireo",168,6,25
"1636","Tufted Titmouse",168,6,0
"1637","Summer Tanager",168,6,0
"1638","Scarlet Tanager",168,6,0
"1639","Eastern Wood-Pewee",169,6,1
"1640","Acadian Flycatcher",169,6,10
"1641","Yellow-throated Vireo",169,6,1
"1642","Tufted Titmouse",169,6,2
"1643","Summer Tanager",169,6,0
"1644","Scarlet Tanager",169,6,7
"1645","Eastern Wood-Pewee",170,6,57
"1646","Acadian Flycatcher",170,6,13
"1647","Yellow-throated Vireo",170,6,16
"1648","Tufted Titmouse",170,6,5
"1649","Summer Tanager",170,6,11
"1650","Scarlet Tanager",170,6,7
"1651","Eastern Wood-Pewee",171,6,10
"1652","Acadian Flycatcher",171,6,0
"1653","Yellow-throated Vireo",171,6,13
"1654","Tufted Titmouse",171,6,3
"1655","Summer Tanager",171,6,0
"1656","Scarlet Tanager",171,6,0
"1657","Eastern Wood-Pewee",172,6,0
"1658","Acadian Flycatcher",172,6,12
"1659","Yellow-throated Vireo",172,6,49
"1660","Tufted Titmouse",172,6,0
"1661","Summer Tanager",172,6,0
"1662","Scarlet Tanager",172,6,21
"1663","Eastern Wood-Pewee",173,6,0
"1664","Acadian Flycatcher",173,6,5
"1665","Yellow-throated Vireo",173,6,1
"1666","Tufted Titmouse",173,6,0
"1667","Summer Tanager",173,6,0
"1668","Scarlet Tanager",173,6,1
"1669","Eastern Wood-Pewee",174,6,1
"1670","Acadian Flycatcher",174,6,8
"1671","Yellow-throated Vireo",174,6,10
"1672","Tufted Titmouse",174,6,0
"1673","Summer Tanager",174,6,0
"1674","Scarlet Tanager",174,6,0
"1675","Eastern Wood-Pewee",175,6,1
"1676","Acadian Flycatcher",175,6,15
"1677","Yellow-throated Vireo",175,6,115
"1678","Tufted Titmouse",175,6,0
"1679","Summer Tanager",175,6,1
"1680","Scarlet Tanager",175,6,3
"1681","Eastern Wood-Pewee",176,6,0
"1682","Acadian Flycatcher",176,6,16
"1683","Yellow-throated Vireo",176,6,0
"1684","Tufted Titmouse",176,6,9
"1685","Summer Tanager",176,6,0
"1686","Scarlet Tanager",176,6,0
"1687","Eastern Wood-Pewee",177,6,0
"1688","Acadian Flycatcher",177,6,6
"1689","Yellow-throated Vireo",177,6,5
"1690","Tufted Titmouse",177,6,0
"1691","Summer Tanager",177,6,1
"1692","Scarlet Tanager",177,6,0
"1693","Eastern Wood-Pewee",178,6,0
"1694","Acadian Flycatcher",178,6,5
"1695","Yellow-throated Vireo",178,6,0
"1696","Tufted Titmouse",178,6,0
"1697","Summer Tanager",178,6,0
"1698","Scarlet Tanager",178,6,0
"1699","Eastern Wood-Pewee",179,6,0
"1700","Acadian Flycatcher",179,6,15
"1701","Yellow-throated Vireo",179,6,2
"1702","Tufted Titmouse",179,6,0
"1703","Summer Tanager",179,6,0
"1704","Scarlet Tanager",179,6,0
"1705","Eastern Wood-Pewee",180,6,2
"1706","Acadian Flycatcher",180,6,15
"1707","Yellow-throated Vireo",180,6,21
"1708","Tufted Titmouse",180,6,0
"1709","Summer Tanager",180,6,1
"1710","Scarlet Tanager",180,6,1
"1711","Eastern Wood-Pewee",181,6,12
"1712","Acadian Flycatcher",181,6,23
"1713","Yellow-throated Vireo",181,6,4
"1714","Tufted Titmouse",181,6,0
"1715","Summer Tanager",181,6,2
"1716","Scarlet Tanager",181,6,2
"1717","Eastern Wood-Pewee",182,6,5
"1718","Acadian Flycatcher",182,6,13
"1719","Yellow-throated Vireo",182,6,0
"1720","Tufted Titmouse",182,6,5
"1721","Summer Tanager",182,6,1
"1722","Scarlet Tanager",182,6,0
"1723","Eastern Wood-Pewee",183,6,0
"1724","Acadian Flycatcher",183,6,11
"1725","Yellow-throated Vireo",183,6,2
"1726","Tufted Titmouse",183,6,0
"1727","Summer Tanager",183,6,0
"1728","Scarlet Tanager",183,6,0
"1729","Eastern Wood-Pewee",184,6,0
"1730","Acadian Flycatcher",184,6,11
"1731","Yellow-throated Vireo",184,6,1
"1732","Tufted Titmouse",184,6,0
"1733","Summer Tanager",184,6,0
"1734","Scarlet Tanager",184,6,0
"1735","Eastern Wood-Pewee",185,6,0
"1736","Acadian Flycatcher",185,6,4
"1737","Yellow-throated Vireo",185,6,0
"1738","Tufted Titmouse",185,6,0
"1739","Summer Tanager",185,6,0
"1740","Scarlet Tanager",185,6,0
"1741","Eastern Wood-Pewee",186,6,3
"1742","Acadian Flycatcher",186,6,0
"1743","Yellow-throated Vireo",186,6,0
"1744","Tufted Titmouse",186,6,0
"1745","Summer Tanager",186,6,0
"1746","Scarlet Tanager",186,6,0
"1747","Eastern Wood-Pewee",187,6,0
"1748","Acadian Flycatcher",187,6,26
"1749","Yellow-throated Vireo",187,6,0
"1750","Tufted Titmouse",187,6,24
"1751","Summer Tanager",187,6,1
"1752","Scarlet Tanager",187,6,0
"1753","Eastern Wood-Pewee",188,6,0
"1754","Acadian Flycatcher",188,6,0
"1755","Yellow-throated Vireo",188,6,6
"1756","Tufted Titmouse",188,6,0
"1757","Summer Tanager",188,6,0
"1758","Scarlet Tanager",188,6,0
"1759","Eastern Wood-Pewee",189,6,5
"1760","Acadian Flycatcher",189,6,0
"1761","Yellow-throated Vireo",189,6,0
"1762","Tufted Titmouse",189,6,0
"1763","Summer Tanager",189,6,0
"1764","Scarlet Tanager",189,6,0
"1765","Eastern Wood-Pewee",190,6,5
"1766","Acadian Flycatcher",190,6,0
"1767","Yellow-throated Vireo",190,6,0
"1768","Tufted Titmouse",190,6,1
"1769","Summer Tanager",190,6,0
"1770","Scarlet Tanager",190,6,0
"1771","Eastern Wood-Pewee",191,6,0
"1772","Acadian Flycatcher",191,6,0
"1773","Yellow-throated Vireo",191,6,0
"1774","Tufted Titmouse",191,6,0
"1775","Summer Tanager",191,6,0
"1776","Scarlet Tanager",191,6,0
"1777","Eastern Wood-Pewee",192,6,0
"1778","Acadian Flycatcher",192,6,0
"1779","Yellow-throated Vireo",192,6,2
"1780","Tufted Titmouse",192,6,5
"1781","Summer Tanager",192,6,0
"1782","Scarlet Tanager",192,6,4
"1783","Eastern Wood-Pewee",193,6,0
"1784","Acadian Flycatcher",193,6,0
"1785","Yellow-throated Vireo",193,6,0
"1786","Tufted Titmouse",193,6,3
"1787","Summer Tanager",193,6,8
"1788","Scarlet Tanager",193,6,0
"1789","Eastern Wood-Pewee",194,6,0
"1790","Acadian Flycatcher",194,6,10
"1791","Yellow-throated Vireo",194,6,0
"1792","Tufted Titmouse",194,6,0
"1793","Summer Tanager",194,6,0
"1794","Scarlet Tanager",194,6,0
"1795","Eastern Wood-Pewee",195,6,0
"1796","Acadian Flycatcher",195,6,28
"1797","Yellow-throated Vireo",195,6,0
"1798","Tufted Titmouse",195,6,0
"1799","Summer Tanager",195,6,0
"1800","Scarlet Tanager",195,6,0
"1801","Eastern Wood-Pewee",196,6,0
"1802","Acadian Flycatcher",196,6,6
"1803","Yellow-throated Vireo",196,6,0
"1804","Tufted Titmouse",196,6,3
"1805","Summer Tanager",196,6,84
"1806","Scarlet Tanager",196,6,0
"1807","Eastern Wood-Pewee",197,6,33
"1808","Acadian Flycatcher",197,6,23
"1809","Yellow-throated Vireo",197,6,0
"1810","Tufted Titmouse",197,6,0
"1811","Summer Tanager",197,6,1
"1812","Scarlet Tanager",197,6,0
"1813","Eastern Wood-Pewee",198,6,0
"1814","Acadian Flycatcher",198,6,9
"1815","Yellow-throated Vireo",198,6,0
"1816","Tufted Titmouse",198,6,0
"1817","Summer Tanager",198,6,153
"1818","Scarlet Tanager",198,6,0
"1819","Eastern Wood-Pewee",199,6,0
"1820","Acadian Flycatcher",199,6,18
"1821","Yellow-throated Vireo",199,6,0
"1822","Tufted Titmouse",199,6,0
"1823","Summer Tanager",199,6,2
"1824","Scarlet Tanager",199,6,0
"1825","Eastern Wood-Pewee",200,6,0
"1826","Acadian Flycatcher",200,6,21
"1827","Yellow-throated Vireo",200,6,1
"1828","Tufted Titmouse",200,6,0
"1829","Summer Tanager",200,6,0
"1830","Scarlet Tanager",200,6,0
"1831","Eastern Wood-Pewee",201,6,0
"1832","Acadian Flycatcher",201,6,0
"1833","Yellow-throated Vireo",201,6,0
"1834","Tufted Titmouse",201,6,0
"1835","Summer Tanager",201,6,0
"1836","Scarlet Tanager",201,6,0
"1837","Eastern Wood-Pewee",151,7,1
"1838","Acadian Flycatcher",151,7,35
"1839","Yellow-throated Vireo",151,7,11
"1840","Tufted Titmouse",151,7,0
"1841","Summer Tanager",151,7,0
"1842","Scarlet Tanager",151,7,1
"1843","Eastern Wood-Pewee",152,7,0
"1844","Acadian Flycatcher",152,7,17
"1845","Yellow-throated Vireo",152,7,6
"1846","Tufted Titmouse",152,7,0
"1847","Summer Tanager",152,7,2
"1848","Scarlet Tanager",152,7,0
"1849","Eastern Wood-Pewee",153,7,15
"1850","Acadian Flycatcher",153,7,44
"1851","Yellow-throated Vireo",153,7,0
"1852","Tufted Titmouse",153,7,0
"1853","Summer Tanager",153,7,0
"1854","Scarlet Tanager",153,7,0
"1855","Eastern Wood-Pewee",154,7,1
"1856","Acadian Flycatcher",154,7,33
"1857","Yellow-throated Vireo",154,7,1
"1858","Tufted Titmouse",154,7,0
"1859","Summer Tanager",154,7,16
"1860","Scarlet Tanager",154,7,0
"1861","Eastern Wood-Pewee",155,7,0
"1862","Acadian Flycatcher",155,7,35
"1863","Yellow-throated Vireo",155,7,19
"1864","Tufted Titmouse",155,7,0
"1865","Summer Tanager",155,7,0
"1866","Scarlet Tanager",155,7,3
"1867","Eastern Wood-Pewee",156,7,0
"1868","Acadian Flycatcher",156,7,48
"1869","Yellow-throated Vireo",156,7,7
"1870","Tufted Titmouse",156,7,1
"1871","Summer Tanager",156,7,0
"1872","Scarlet Tanager",156,7,4
"1873","Eastern Wood-Pewee",157,7,0
"1874","Acadian Flycatcher",157,7,35
"1875","Yellow-throated Vireo",157,7,2
"1876","Tufted Titmouse",157,7,16
"1877","Summer Tanager",157,7,0
"1878","Scarlet Tanager",157,7,2
"1879","Eastern Wood-Pewee",158,7,0
"1880","Acadian Flycatcher",158,7,9
"1881","Yellow-throated Vireo",158,7,1
"1882","Tufted Titmouse",158,7,2
"1883","Summer Tanager",158,7,0
"1884","Scarlet Tanager",158,7,7
"1885","Eastern Wood-Pewee",159,7,7
"1886","Acadian Flycatcher",159,7,11
"1887","Yellow-throated Vireo",159,7,9
"1888","Tufted Titmouse",159,7,4
"1889","Summer Tanager",159,7,66
"1890","Scarlet Tanager",159,7,59
"1891","Eastern Wood-Pewee",160,7,5
"1892","Acadian Flycatcher",160,7,4
"1893","Yellow-throated Vireo",160,7,14
"1894","Tufted Titmouse",160,7,0
"1895","Summer Tanager",160,7,0
"1896","Scarlet Tanager",160,7,1
"1897","Eastern Wood-Pewee",161,7,0
"1898","Acadian Flycatcher",161,7,2
"1899","Yellow-throated Vireo",161,7,0
"1900","Tufted Titmouse",161,7,7
"1901","Summer Tanager",161,7,7
"1902","Scarlet Tanager",161,7,6
"1903","Eastern Wood-Pewee",162,7,0
"1904","Acadian Flycatcher",162,7,1
"1905","Yellow-throated Vireo",162,7,24
"1906","Tufted Titmouse",162,7,0
"1907","Summer Tanager",162,7,7
"1908","Scarlet Tanager",162,7,11
"1909","Eastern Wood-Pewee",163,7,4
"1910","Acadian Flycatcher",163,7,11
"1911","Yellow-throated Vireo",163,7,2
"1912","Tufted Titmouse",163,7,10
"1913","Summer Tanager",163,7,24
"1914","Scarlet Tanager",163,7,1
"1915","Eastern Wood-Pewee",164,7,0
"1916","Acadian Flycatcher",164,7,4
"1917","Yellow-throated Vireo",164,7,62
"1918","Tufted Titmouse",164,7,0
"1919","Summer Tanager",164,7,34
"1920","Scarlet Tanager",164,7,4
"1921","Eastern Wood-Pewee",165,7,27
"1922","Acadian Flycatcher",165,7,8
"1923","Yellow-throated Vireo",165,7,0
"1924","Tufted Titmouse",165,7,1
"1925","Summer Tanager",165,7,0
"1926","Scarlet Tanager",165,7,0
"1927","Eastern Wood-Pewee",166,7,7
"1928","Acadian Flycatcher",166,7,0
"1929","Yellow-throated Vireo",166,7,0
"1930","Tufted Titmouse",166,7,1
"1931","Summer Tanager",166,7,0
"1932","Scarlet Tanager",166,7,0
"1933","Eastern Wood-Pewee",167,7,64
"1934","Acadian Flycatcher",167,7,26
"1935","Yellow-throated Vireo",167,7,2
"1936","Tufted Titmouse",167,7,4
"1937","Summer Tanager",167,7,0
"1938","Scarlet Tanager",167,7,0
"1939","Eastern Wood-Pewee",168,7,72
"1940","Acadian Flycatcher",168,7,6
"1941","Yellow-throated Vireo",168,7,4
"1942","Tufted Titmouse",168,7,0
"1943","Summer Tanager",168,7,1
"1944","Scarlet Tanager",168,7,0
"1945","Eastern Wood-Pewee",169,7,0
"1946","Acadian Flycatcher",169,7,6
"1947","Yellow-throated Vireo",169,7,16
"1948","Tufted Titmouse",169,7,0
"1949","Summer Tanager",169,7,3
"1950","Scarlet Tanager",169,7,22
"1951","Eastern Wood-Pewee",170,7,18
"1952","Acadian Flycatcher",170,7,3
"1953","Yellow-throated Vireo",170,7,30
"1954","Tufted Titmouse",170,7,0
"1955","Summer Tanager",170,7,0
"1956","Scarlet Tanager",170,7,10
"1957","Eastern Wood-Pewee",171,7,1
"1958","Acadian Flycatcher",171,7,9
"1959","Yellow-throated Vireo",171,7,32
"1960","Tufted Titmouse",171,7,0
"1961","Summer Tanager",171,7,1
"1962","Scarlet Tanager",171,7,2
"1963","Eastern Wood-Pewee",172,7,0
"1964","Acadian Flycatcher",172,7,1
"1965","Yellow-throated Vireo",172,7,38
"1966","Tufted Titmouse",172,7,0
"1967","Summer Tanager",172,7,0
"1968","Scarlet Tanager",172,7,19
"1969","Eastern Wood-Pewee",173,7,0
"1970","Acadian Flycatcher",173,7,9
"1971","Yellow-throated Vireo",173,7,35
"1972","Tufted Titmouse",173,7,0
"1973","Summer Tanager",173,7,0
"1974","Scarlet Tanager",173,7,40
"1975","Eastern Wood-Pewee",174,7,0
"1976","Acadian Flycatcher",174,7,14
"1977","Yellow-throated Vireo",174,7,121
"1978","Tufted Titmouse",174,7,0
"1979","Summer Tanager",174,7,0
"1980","Scarlet Tanager",174,7,3
"1981","Eastern Wood-Pewee",175,7,0
"1982","Acadian Flycatcher",175,7,13
"1983","Yellow-throated Vireo",175,7,88
"1984","Tufted Titmouse",175,7,0
"1985","Summer Tanager",175,7,0
"1986","Scarlet Tanager",175,7,1
"1987","Eastern Wood-Pewee",176,7,0
"1988","Acadian Flycatcher",176,7,2
"1989","Yellow-throated Vireo",176,7,0
"1990","Tufted Titmouse",176,7,2
"1991","Summer Tanager",176,7,0
"1992","Scarlet Tanager",176,7,0
"1993","Eastern Wood-Pewee",177,7,0
"1994","Acadian Flycatcher",177,7,4
"1995","Yellow-throated Vireo",177,7,0
"1996","Tufted Titmouse",177,7,0
"1997","Summer Tanager",177,7,0
"1998","Scarlet Tanager",177,7,0
"1999","Eastern Wood-Pewee",178,7,4
"2000","Acadian Flycatcher",178,7,7
"2001","Yellow-throated Vireo",178,7,0
"2002","Tufted Titmouse",178,7,0
"2003","Summer Tanager",178,7,0
"2004","Scarlet Tanager",178,7,0
"2005","Eastern Wood-Pewee",179,7,0
"2006","Acadian Flycatcher",179,7,35
"2007","Yellow-throated Vireo",179,7,3
"2008","Tufted Titmouse",179,7,0
"2009","Summer Tanager",179,7,0
"2010","Scarlet Tanager",179,7,0
"2011","Eastern Wood-Pewee",180,7,0
"2012","Acadian Flycatcher",180,7,0
"2013","Yellow-throated Vireo",180,7,0
"2014","Tufted Titmouse",180,7,0
"2015","Summer Tanager",180,7,0
"2016","Scarlet Tanager",180,7,0
"2017","Eastern Wood-Pewee",181,7,0
"2018","Acadian Flycatcher",181,7,12
"2019","Yellow-throated Vireo",181,7,16
"2020","Tufted Titmouse",181,7,0
"2021","Summer Tanager",181,7,0
"2022","Scarlet Tanager",181,7,3
"2023","Eastern Wood-Pewee",182,7,0
"2024","Acadian Flycatcher",182,7,3
"2025","Yellow-throated Vireo",182,7,0
"2026","Tufted Titmouse",182,7,22
"2027","Summer Tanager",182,7,1
"2028","Scarlet Tanager",182,7,0
"2029","Eastern Wood-Pewee",183,7,5
"2030","Acadian Flycatcher",183,7,17
"2031","Yellow-throated Vireo",183,7,0
"2032","Tufted Titmouse",183,7,0
"2033","Summer Tanager",183,7,1
"2034","Scarlet Tanager",183,7,0
"2035","Eastern Wood-Pewee",184,7,1
"2036","Acadian Flycatcher",184,7,13
"2037","Yellow-throated Vireo",184,7,0
"2038","Tufted Titmouse",184,7,5
"2039","Summer Tanager",184,7,0
"2040","Scarlet Tanager",184,7,0
"2041","Eastern Wood-Pewee",185,7,1
"2042","Acadian Flycatcher",185,7,12
"2043","Yellow-throated Vireo",185,7,0
"2044","Tufted Titmouse",185,7,0
"2045","Summer Tanager",185,7,5
"2046","Scarlet Tanager",185,7,0
"2047","Eastern Wood-Pewee",186,7,4
"2048","Acadian Flycatcher",186,7,24
"2049","Yellow-throated Vireo",186,7,1
"2050","Tufted Titmouse",186,7,0
"2051","Summer Tanager",186,7,0
"2052","Scarlet Tanager",186,7,0
"2053","Eastern Wood-Pewee",187,7,0
"2054","Acadian Flycatcher",187,7,6
"2055","Yellow-throated Vireo",187,7,0
"2056","Tufted Titmouse",187,7,3
"2057","Summer Tanager",187,7,0
"2058","Scarlet Tanager",187,7,1
"2059","Eastern Wood-Pewee",188,7,0
"2060","Acadian Flycatcher",188,7,6
"2061","Yellow-throated Vireo",188,7,0
"2062","Tufted Titmouse",188,7,8
"2063","Summer Tanager",188,7,0
"2064","Scarlet Tanager",188,7,0
"2065","Eastern Wood-Pewee",189,7,0
"2066","Acadian Flycatcher",189,7,7
"2067","Yellow-throated Vireo",189,7,0
"2068","Tufted Titmouse",189,7,0
"2069","Summer Tanager",189,7,0
"2070","Scarlet Tanager",189,7,0
"2071","Eastern Wood-Pewee",190,7,0
"2072","Acadian Flycatcher",190,7,5
"2073","Yellow-throated Vireo",190,7,2
"2074","Tufted Titmouse",190,7,2
"2075","Summer Tanager",190,7,0
"2076","Scarlet Tanager",190,7,0
"2077","Eastern Wood-Pewee",191,7,0
"2078","Acadian Flycatcher",191,7,0
"2079","Yellow-throated Vireo",191,7,0
"2080","Tufted Titmouse",191,7,0
"2081","Summer Tanager",191,7,0
"2082","Scarlet Tanager",191,7,0
"2083","Eastern Wood-Pewee",192,7,0
"2084","Acadian Flycatcher",192,7,0
"2085","Yellow-throated Vireo",192,7,1
"2086","Tufted Titmouse",192,7,0
"2087","Summer Tanager",192,7,0
"2088","Scarlet Tanager",192,7,0
"2089","Eastern Wood-Pewee",193,7,0
"2090","Acadian Flycatcher",193,7,1
"2091","Yellow-throated Vireo",193,7,1
"2092","Tufted Titmouse",193,7,1
"2093","Summer Tanager",193,7,0
"2094","Scarlet Tanager",193,7,1
"2095","Eastern Wood-Pewee",194,7,1
"2096","Acadian Flycatcher",194,7,18
"2097","Yellow-throated Vireo",194,7,0
"2098","Tufted Titmouse",194,7,0
"2099","Summer Tanager",194,7,0
"2100","Scarlet Tanager",194,7,0
"2101","Eastern Wood-Pewee",195,7,0
"2102","Acadian Flycatcher",195,7,26
"2103","Yellow-throated Vireo",195,7,2
"2104","Tufted Titmouse",195,7,0
"2105","Summer Tanager",195,7,0
"2106","Scarlet Tanager",195,7,0
"2107","Eastern Wood-Pewee",196,7,0
"2108","Acadian Flycatcher",196,7,15
"2109","Yellow-throated Vireo",196,7,0
"2110","Tufted Titmouse",196,7,0
"2111","Summer Tanager",196,7,121
"2112","Scarlet Tanager",196,7,0
"2113","Eastern Wood-Pewee",197,7,1
"2114","Acadian Flycatcher",197,7,19
"2115","Yellow-throated Vireo",197,7,0
"2116","Tufted Titmouse",197,7,0
"2117","Summer Tanager",197,7,1
"2118","Scarlet Tanager",197,7,0
"2119","Eastern Wood-Pewee",198,7,0
"2120","Acadian Flycatcher",198,7,8
"2121","Yellow-throated Vireo",198,7,0
"2122","Tufted Titmouse",198,7,2
"2123","Summer Tanager",198,7,16
"2124","Scarlet Tanager",198,7,0
"2125","Eastern Wood-Pewee",199,7,3
"2126","Acadian Flycatcher",199,7,0
"2127","Yellow-throated Vireo",199,7,0
"2128","Tufted Titmouse",199,7,0
"2129","Summer Tanager",199,7,0
"2130","Scarlet Tanager",199,7,0
"2131","Eastern Wood-Pewee",200,7,0
"2132","Acadian Flycatcher",200,7,0
"2133","Yellow-throated Vireo",200,7,0
"2134","Tufted Titmouse",200,7,0
"2135","Summer Tanager",200,7,0
"2136","Scarlet Tanager",200,7,0
"2137","Eastern Wood-Pewee",201,7,0
"2138","Acadian Flycatcher",201,7,1
"2139","Yellow-throated Vireo",201,7,0
"2140","Tufted Titmouse",201,7,0
"2141","Summer Tanager",201,7,0
"2142","Scarlet Tanager",201,7,0
"2143","Eastern Wood-Pewee",151,8,1
"2144","Acadian Flycatcher",151,8,19
"2145","Yellow-throated Vireo",151,8,25
"2146","Tufted Titmouse",151,8,0
"2147","Summer Tanager",151,8,0
"2148","Scarlet Tanager",151,8,2
"2149","Eastern Wood-Pewee",152,8,0
"2150","Acadian Flycatcher",152,8,12
"2151","Yellow-throated Vireo",152,8,2
"2152","Tufted Titmouse",152,8,0
"2153","Summer Tanager",152,8,127
"2154","Scarlet Tanager",152,8,3
"2155","Eastern Wood-Pewee",153,8,0
"2156","Acadian Flycatcher",153,8,139
"2157","Yellow-throated Vireo",153,8,7
"2158","Tufted Titmouse",153,8,0
"2159","Summer Tanager",153,8,1
"2160","Scarlet Tanager",153,8,0
"2161","Eastern Wood-Pewee",154,8,0
"2162","Acadian Flycatcher",154,8,26
"2163","Yellow-throated Vireo",154,8,41
"2164","Tufted Titmouse",154,8,5
"2165","Summer Tanager",154,8,16
"2166","Scarlet Tanager",154,8,3
"2167","Eastern Wood-Pewee",155,8,0
"2168","Acadian Flycatcher",155,8,77
"2169","Yellow-throated Vireo",155,8,8
"2170","Tufted Titmouse",155,8,0
"2171","Summer Tanager",155,8,3
"2172","Scarlet Tanager",155,8,0
"2173","Eastern Wood-Pewee",156,8,0
"2174","Acadian Flycatcher",156,8,49
"2175","Yellow-throated Vireo",156,8,6
"2176","Tufted Titmouse",156,8,17
"2177","Summer Tanager",156,8,0
"2178","Scarlet Tanager",156,8,2
"2179","Eastern Wood-Pewee",157,8,0
"2180","Acadian Flycatcher",157,8,24
"2181","Yellow-throated Vireo",157,8,0
"2182","Tufted Titmouse",157,8,24
"2183","Summer Tanager",157,8,58
"2184","Scarlet Tanager",157,8,1
"2185","Eastern Wood-Pewee",158,8,0
"2186","Acadian Flycatcher",158,8,21
"2187","Yellow-throated Vireo",158,8,1
"2188","Tufted Titmouse",158,8,0
"2189","Summer Tanager",158,8,0
"2190","Scarlet Tanager",158,8,3
"2191","Eastern Wood-Pewee",159,8,0
"2192","Acadian Flycatcher",159,8,56
"2193","Yellow-throated Vireo",159,8,17
"2194","Tufted Titmouse",159,8,0
"2195","Summer Tanager",159,8,29
"2196","Scarlet Tanager",159,8,54
"2197","Eastern Wood-Pewee",160,8,0
"2198","Acadian Flycatcher",160,8,27
"2199","Yellow-throated Vireo",160,8,11
"2200","Tufted Titmouse",160,8,0
"2201","Summer Tanager",160,8,4
"2202","Scarlet Tanager",160,8,1
"2203","Eastern Wood-Pewee",161,8,0
"2204","Acadian Flycatcher",161,8,4
"2205","Yellow-throated Vireo",161,8,0
"2206","Tufted Titmouse",161,8,0
"2207","Summer Tanager",161,8,15
"2208","Scarlet Tanager",161,8,1
"2209","Eastern Wood-Pewee",162,8,0
"2210","Acadian Flycatcher",162,8,2
"2211","Yellow-throated Vireo",162,8,18
"2212","Tufted Titmouse",162,8,0
"2213","Summer Tanager",162,8,0
"2214","Scarlet Tanager",162,8,2
"2215","Eastern Wood-Pewee",163,8,0
"2216","Acadian Flycatcher",163,8,0
"2217","Yellow-throated Vireo",163,8,23
"2218","Tufted Titmouse",163,8,6
"2219","Summer Tanager",163,8,33
"2220","Scarlet Tanager",163,8,2
"2221","Eastern Wood-Pewee",164,8,6
"2222","Acadian Flycatcher",164,8,8
"2223","Yellow-throated Vireo",164,8,5
"2224","Tufted Titmouse",164,8,0
"2225","Summer Tanager",164,8,0
"2226","Scarlet Tanager",164,8,0
"2227","Eastern Wood-Pewee",165,8,62
"2228","Acadian Flycatcher",165,8,24
"2229","Yellow-throated Vireo",165,8,40
"2230","Tufted Titmouse",165,8,0
"2231","Summer Tanager",165,8,1
"2232","Scarlet Tanager",165,8,0
"2233","Eastern Wood-Pewee",166,8,16
"2234","Acadian Flycatcher",166,8,8
"2235","Yellow-throated Vireo",166,8,40
"2236","Tufted Titmouse",166,8,0
"2237","Summer Tanager",166,8,0
"2238","Scarlet Tanager",166,8,0
"2239","Eastern Wood-Pewee",167,8,59
"2240","Acadian Flycatcher",167,8,0
"2241","Yellow-throated Vireo",167,8,31
"2242","Tufted Titmouse",167,8,6
"2243","Summer Tanager",167,8,4
"2244","Scarlet Tanager",167,8,0
"2245","Eastern Wood-Pewee",168,8,10
"2246","Acadian Flycatcher",168,8,31
"2247","Yellow-throated Vireo",168,8,1
"2248","Tufted Titmouse",168,8,6
"2249","Summer Tanager",168,8,0
"2250","Scarlet Tanager",168,8,0
"2251","Eastern Wood-Pewee",169,8,5
"2252","Acadian Flycatcher",169,8,21
"2253","Yellow-throated Vireo",169,8,0
"2254","Tufted Titmouse",169,8,16
"2255","Summer Tanager",169,8,3
"2256","Scarlet Tanager",169,8,5
"2257","Eastern Wood-Pewee",170,8,0
"2258","Acadian Flycatcher",170,8,21
"2259","Yellow-throated Vireo",170,8,7
"2260","Tufted Titmouse",170,8,0
"2261","Summer Tanager",170,8,0
"2262","Scarlet Tanager",170,8,1
"2263","Eastern Wood-Pewee",171,8,3
"2264","Acadian Flycatcher",171,8,3
"2265","Yellow-throated Vireo",171,8,0
"2266","Tufted Titmouse",171,8,0
"2267","Summer Tanager",171,8,0
"2268","Scarlet Tanager",171,8,0
"2269","Eastern Wood-Pewee",172,8,0
"2270","Acadian Flycatcher",172,8,10
"2271","Yellow-throated Vireo",172,8,0
"2272","Tufted Titmouse",172,8,0
"2273","Summer Tanager",172,8,0
"2274","Scarlet Tanager",172,8,0
"2275","Eastern Wood-Pewee",173,8,0
"2276","Acadian Flycatcher",173,8,5
"2277","Yellow-throated Vireo",173,8,29
"2278","Tufted Titmouse",173,8,0
"2279","Summer Tanager",173,8,4
"2280","Scarlet Tanager",173,8,40
"2281","Eastern Wood-Pewee",174,8,1
"2282","Acadian Flycatcher",174,8,8
"2283","Yellow-throated Vireo",174,8,173
"2284","Tufted Titmouse",174,8,0
"2285","Summer Tanager",174,8,1
"2286","Scarlet Tanager",174,8,7
"2287","Eastern Wood-Pewee",175,8,1
"2288","Acadian Flycatcher",175,8,24
"2289","Yellow-throated Vireo",175,8,11
"2290","Tufted Titmouse",175,8,0
"2291","Summer Tanager",175,8,1
"2292","Scarlet Tanager",175,8,2
"2293","Eastern Wood-Pewee",176,8,0
"2294","Acadian Flycatcher",176,8,12
"2295","Yellow-throated Vireo",176,8,2
"2296","Tufted Titmouse",176,8,0
"2297","Summer Tanager",176,8,0
"2298","Scarlet Tanager",176,8,0
"2299","Eastern Wood-Pewee",177,8,0
"2300","Acadian Flycatcher",177,8,0
"2301","Yellow-throated Vireo",177,8,0
"2302","Tufted Titmouse",177,8,7
"2303","Summer Tanager",177,8,0
"2304","Scarlet Tanager",177,8,0
"2305","Eastern Wood-Pewee",178,8,11
"2306","Acadian Flycatcher",178,8,5
"2307","Yellow-throated Vireo",178,8,0
"2308","Tufted Titmouse",178,8,0
"2309","Summer Tanager",178,8,0
"2310","Scarlet Tanager",178,8,0
"2311","Eastern Wood-Pewee",179,8,0
"2312","Acadian Flycatcher",179,8,34
"2313","Yellow-throated Vireo",179,8,0
"2314","Tufted Titmouse",179,8,0
"2315","Summer Tanager",179,8,0
"2316","Scarlet Tanager",179,8,0
"2317","Eastern Wood-Pewee",180,8,0
"2318","Acadian Flycatcher",180,8,0
"2319","Yellow-throated Vireo",180,8,0
"2320","Tufted Titmouse",180,8,0
"2321","Summer Tanager",180,8,0
"2322","Scarlet Tanager",180,8,0
"2323","Eastern Wood-Pewee",181,8,2
"2324","Acadian Flycatcher",181,8,17
"2325","Yellow-throated Vireo",181,8,2
"2326","Tufted Titmouse",181,8,0
"2327","Summer Tanager",181,8,0
"2328","Scarlet Tanager",181,8,0
"2329","Eastern Wood-Pewee",182,8,4
"2330","Acadian Flycatcher",182,8,5
"2331","Yellow-throated Vireo",182,8,0
"2332","Tufted Titmouse",182,8,8
"2333","Summer Tanager",182,8,1
"2334","Scarlet Tanager",182,8,0
"2335","Eastern Wood-Pewee",183,8,9
"2336","Acadian Flycatcher",183,8,14
"2337","Yellow-throated Vireo",183,8,2
"2338","Tufted Titmouse",183,8,0
"2339","Summer Tanager",183,8,0
"2340","Scarlet Tanager",183,8,0
"2341","Eastern Wood-Pewee",184,8,8
"2342","Acadian Flycatcher",184,8,2
"2343","Yellow-throated Vireo",184,8,0
"2344","Tufted Titmouse",184,8,0
"2345","Summer Tanager",184,8,1
"2346","Scarlet Tanager",184,8,0
"2347","Eastern Wood-Pewee",185,8,0
"2348","Acadian Flycatcher",185,8,10
"2349","Yellow-throated Vireo",185,8,0
"2350","Tufted Titmouse",185,8,0
"2351","Summer Tanager",185,8,0
"2352","Scarlet Tanager",185,8,0
"2353","Eastern Wood-Pewee",186,8,0
"2354","Acadian Flycatcher",186,8,13
"2355","Yellow-throated Vireo",186,8,0
"2356","Tufted Titmouse",186,8,0
"2357","Summer Tanager",186,8,1
"2358","Scarlet Tanager",186,8,0
"2359","Eastern Wood-Pewee",187,8,0
"2360","Acadian Flycatcher",187,8,7
"2361","Yellow-throated Vireo",187,8,0
"2362","Tufted Titmouse",187,8,0
"2363","Summer Tanager",187,8,0
"2364","Scarlet Tanager",187,8,0
"2365","Eastern Wood-Pewee",188,8,0
"2366","Acadian Flycatcher",188,8,0
"2367","Yellow-throated Vireo",188,8,0
"2368","Tufted Titmouse",188,8,0
"2369","Summer Tanager",188,8,0
"2370","Scarlet Tanager",188,8,3
"2371","Eastern Wood-Pewee",189,8,0
"2372","Acadian Flycatcher",189,8,2
"2373","Yellow-throated Vireo",189,8,4
"2374","Tufted Titmouse",189,8,0
"2375","Summer Tanager",189,8,1
"2376","Scarlet Tanager",189,8,1
"2377","Eastern Wood-Pewee",190,8,0
"2378","Acadian Flycatcher",190,8,0
"2379","Yellow-throated Vireo",190,8,0
"2380","Tufted Titmouse",190,8,5
"2381","Summer Tanager",190,8,0
"2382","Scarlet Tanager",190,8,0
"2383","Eastern Wood-Pewee",191,8,0
"2384","Acadian Flycatcher",191,8,0
"2385","Yellow-throated Vireo",191,8,0
"2386","Tufted Titmouse",191,8,0
"2387","Summer Tanager",191,8,0
"2388","Scarlet Tanager",191,8,0
"2389","Eastern Wood-Pewee",192,8,0
"2390","Acadian Flycatcher",192,8,0
"2391","Yellow-throated Vireo",192,8,0
"2392","Tufted Titmouse",192,8,4
"2393","Summer Tanager",192,8,21
"2394","Scarlet Tanager",192,8,0
"2395","Eastern Wood-Pewee",193,8,0
"2396","Acadian Flycatcher",193,8,1
"2397","Yellow-throated Vireo",193,8,2
"2398","Tufted Titmouse",193,8,21
"2399","Summer Tanager",193,8,1
"2400","Scarlet Tanager",193,8,1
"2401","Eastern Wood-Pewee",194,8,2
"2402","Acadian Flycatcher",194,8,1
"2403","Yellow-throated Vireo",194,8,0
"2404","Tufted Titmouse",194,8,0
"2405","Summer Tanager",194,8,0
"2406","Scarlet Tanager",194,8,0
"2407","Eastern Wood-Pewee",195,8,0
"2408","Acadian Flycatcher",195,8,14
"2409","Yellow-throated Vireo",195,8,2
"2410","Tufted Titmouse",195,8,1
"2411","Summer Tanager",195,8,0
"2412","Scarlet Tanager",195,8,0
"2413","Eastern Wood-Pewee",196,8,0
"2414","Acadian Flycatcher",196,8,19
"2415","Yellow-throated Vireo",196,8,0
"2416","Tufted Titmouse",196,8,0
"2417","Summer Tanager",196,8,71
"2418","Scarlet Tanager",196,8,0
"2419","Eastern Wood-Pewee",197,8,0
"2420","Acadian Flycatcher",197,8,12
"2421","Yellow-throated Vireo",197,8,0
"2422","Tufted Titmouse",197,8,1
"2423","Summer Tanager",197,8,14
"2424","Scarlet Tanager",197,8,1
"2425","Eastern Wood-Pewee",198,8,1
"2426","Acadian Flycatcher",198,8,18
"2427","Yellow-throated Vireo",198,8,0
"2428","Tufted Titmouse",198,8,0
"2429","Summer Tanager",198,8,10
"2430","Scarlet Tanager",198,8,0
"2431","Eastern Wood-Pewee",199,8,0
"2432","Acadian Flycatcher",199,8,0
"2433","Yellow-throated Vireo",199,8,0
"2434","Tufted Titmouse",199,8,0
"2435","Summer Tanager",199,8,0
"2436","Scarlet Tanager",199,8,0
"2437","Eastern Wood-Pewee",200,8,0
"2438","Acadian Flycatcher",200,8,8
"2439","Yellow-throated Vireo",200,8,0
"2440","Tufted Titmouse",200,8,1
"2441","Summer Tanager",200,8,0
"2442","Scarlet Tanager",200,8,0
"2443","Eastern Wood-Pewee",201,8,0
"2444","Acadian Flycatcher",201,8,0
"2445","Yellow-throated Vireo",201,8,0
"2446","Tufted Titmouse",201,8,0
"2447","Summer Tanager",201,8,0
"2448","Scarlet Tanager",201,8,0
"2449","Eastern Wood-Pewee",151,9,1
"2450","Acadian Flycatcher",151,9,12
"2451","Yellow-throated Vireo",151,9,9
"2452","Tufted Titmouse",151,9,7
"2453","Summer Tanager",151,9,0
"2454","Scarlet Tanager",151,9,0
"2455","Eastern Wood-Pewee",152,9,0
"2456","Acadian Flycatcher",152,9,9
"2457","Yellow-throated Vireo",152,9,0
"2458","Tufted Titmouse",152,9,0
"2459","Summer Tanager",152,9,269
"2460","Scarlet Tanager",152,9,5
"2461","Eastern Wood-Pewee",153,9,3
"2462","Acadian Flycatcher",153,9,134
"2463","Yellow-throated Vireo",153,9,9
"2464","Tufted Titmouse",153,9,0
"2465","Summer Tanager",153,9,3
"2466","Scarlet Tanager",153,9,2
"2467","Eastern Wood-Pewee",154,9,2
"2468","Acadian Flycatcher",154,9,36
"2469","Yellow-throated Vireo",154,9,10
"2470","Tufted Titmouse",154,9,0
"2471","Summer Tanager",154,9,2
"2472","Scarlet Tanager",154,9,0
"2473","Eastern Wood-Pewee",155,9,0
"2474","Acadian Flycatcher",155,9,38
"2475","Yellow-throated Vireo",155,9,23
"2476","Tufted Titmouse",155,9,0
"2477","Summer Tanager",155,9,3
"2478","Scarlet Tanager",155,9,3
"2479","Eastern Wood-Pewee",156,9,0
"2480","Acadian Flycatcher",156,9,38
"2481","Yellow-throated Vireo",156,9,20
"2482","Tufted Titmouse",156,9,54
"2483","Summer Tanager",156,9,39
"2484","Scarlet Tanager",156,9,21
"2485","Eastern Wood-Pewee",157,9,0
"2486","Acadian Flycatcher",157,9,17
"2487","Yellow-throated Vireo",157,9,1
"2488","Tufted Titmouse",157,9,0
"2489","Summer Tanager",157,9,118
"2490","Scarlet Tanager",157,9,10
"2491","Eastern Wood-Pewee",158,9,0
"2492","Acadian Flycatcher",158,9,7
"2493","Yellow-throated Vireo",158,9,2
"2494","Tufted Titmouse",158,9,0
"2495","Summer Tanager",158,9,32
"2496","Scarlet Tanager",158,9,1
"2497","Eastern Wood-Pewee",159,9,0
"2498","Acadian Flycatcher",159,9,41
"2499","Yellow-throated Vireo",159,9,0
"2500","Tufted Titmouse",159,9,0
"2501","Summer Tanager",159,9,6
"2502","Scarlet Tanager",159,9,2
"2503","Eastern Wood-Pewee",160,9,0
"2504","Acadian Flycatcher",160,9,11
"2505","Yellow-throated Vireo",160,9,0
"2506","Tufted Titmouse",160,9,0
"2507","Summer Tanager",160,9,67
"2508","Scarlet Tanager",160,9,1
"2509","Eastern Wood-Pewee",161,9,0
"2510","Acadian Flycatcher",161,9,1
"2511","Yellow-throated Vireo",161,9,0
"2512","Tufted Titmouse",161,9,0
"2513","Summer Tanager",161,9,3
"2514","Scarlet Tanager",161,9,0
"2515","Eastern Wood-Pewee",162,9,0
"2516","Acadian Flycatcher",162,9,0
"2517","Yellow-throated Vireo",162,9,15
"2518","Tufted Titmouse",162,9,0
"2519","Summer Tanager",162,9,0
"2520","Scarlet Tanager",162,9,0
"2521","Eastern Wood-Pewee",163,9,3
"2522","Acadian Flycatcher",163,9,10
"2523","Yellow-throated Vireo",163,9,33
"2524","Tufted Titmouse",163,9,0
"2525","Summer Tanager",163,9,23
"2526","Scarlet Tanager",163,9,3
"2527","Eastern Wood-Pewee",164,9,11
"2528","Acadian Flycatcher",164,9,1
"2529","Yellow-throated Vireo",164,9,0
"2530","Tufted Titmouse",164,9,0
"2531","Summer Tanager",164,9,3
"2532","Scarlet Tanager",164,9,0
"2533","Eastern Wood-Pewee",165,9,50
"2534","Acadian Flycatcher",165,9,6
"2535","Yellow-throated Vireo",165,9,34
"2536","Tufted Titmouse",165,9,0
"2537","Summer Tanager",165,9,0
"2538","Scarlet Tanager",165,9,0
"2539","Eastern Wood-Pewee",166,9,29
"2540","Acadian Flycatcher",166,9,0
"2541","Yellow-throated Vireo",166,9,2
"2542","Tufted Titmouse",166,9,17
"2543","Summer Tanager",166,9,0
"2544","Scarlet Tanager",166,9,0
"2545","Eastern Wood-Pewee",167,9,26
"2546","Acadian Flycatcher",167,9,24
"2547","Yellow-throated Vireo",167,9,4
"2548","Tufted Titmouse",167,9,0
"2549","Summer Tanager",167,9,0
"2550","Scarlet Tanager",167,9,0
"2551","Eastern Wood-Pewee",168,9,14
"2552","Acadian Flycatcher",168,9,13
"2553","Yellow-throated Vireo",168,9,25
"2554","Tufted Titmouse",168,9,0
"2555","Summer Tanager",168,9,0
"2556","Scarlet Tanager",168,9,1
"2557","Eastern Wood-Pewee",169,9,0
"2558","Acadian Flycatcher",169,9,0
"2559","Yellow-throated Vireo",169,9,0
"2560","Tufted Titmouse",169,9,8
"2561","Summer Tanager",169,9,0
"2562","Scarlet Tanager",169,9,0
"2563","Eastern Wood-Pewee",170,9,0
"2564","Acadian Flycatcher",170,9,0
"2565","Yellow-throated Vireo",170,9,0
"2566","Tufted Titmouse",170,9,1
"2567","Summer Tanager",170,9,4
"2568","Scarlet Tanager",170,9,0
"2569","Eastern Wood-Pewee",171,9,1
"2570","Acadian Flycatcher",171,9,4
"2571","Yellow-throated Vireo",171,9,0
"2572","Tufted Titmouse",171,9,0
"2573","Summer Tanager",171,9,0
"2574","Scarlet Tanager",171,9,0
"2575","Eastern Wood-Pewee",172,9,0
"2576","Acadian Flycatcher",172,9,3
"2577","Yellow-throated Vireo",172,9,3
"2578","Tufted Titmouse",172,9,1
"2579","Summer Tanager",172,9,0
"2580","Scarlet Tanager",172,9,1
"2581","Eastern Wood-Pewee",173,9,0
"2582","Acadian Flycatcher",173,9,18
"2583","Yellow-throated Vireo",173,9,54
"2584","Tufted Titmouse",173,9,2
"2585","Summer Tanager",173,9,11
"2586","Scarlet Tanager",173,9,27
"2587","Eastern Wood-Pewee",174,9,3
"2588","Acadian Flycatcher",174,9,19
"2589","Yellow-throated Vireo",174,9,99
"2590","Tufted Titmouse",174,9,0
"2591","Summer Tanager",174,9,0
"2592","Scarlet Tanager",174,9,5
"2593","Eastern Wood-Pewee",175,9,0
"2594","Acadian Flycatcher",175,9,3
"2595","Yellow-throated Vireo",175,9,3
"2596","Tufted Titmouse",175,9,0
"2597","Summer Tanager",175,9,0
"2598","Scarlet Tanager",175,9,0
"2599","Eastern Wood-Pewee",176,9,0
"2600","Acadian Flycatcher",176,9,2
"2601","Yellow-throated Vireo",176,9,0
"2602","Tufted Titmouse",176,9,0
"2603","Summer Tanager",176,9,0
"2604","Scarlet Tanager",176,9,0
"2605","Eastern Wood-Pewee",177,9,0
"2606","Acadian Flycatcher",177,9,5
"2607","Yellow-throated Vireo",177,9,0
"2608","Tufted Titmouse",177,9,0
"2609","Summer Tanager",177,9,1
"2610","Scarlet Tanager",177,9,0
"2611","Eastern Wood-Pewee",178,9,0
"2612","Acadian Flycatcher",178,9,68
"2613","Yellow-throated Vireo",178,9,1
"2614","Tufted Titmouse",178,9,0
"2615","Summer Tanager",178,9,1
"2616","Scarlet Tanager",178,9,0
"2617","Eastern Wood-Pewee",179,9,1
"2618","Acadian Flycatcher",179,9,3
"2619","Yellow-throated Vireo",179,9,0
"2620","Tufted Titmouse",179,9,2
"2621","Summer Tanager",179,9,0
"2622","Scarlet Tanager",179,9,0
"2623","Eastern Wood-Pewee",180,9,0
"2624","Acadian Flycatcher",180,9,0
"2625","Yellow-throated Vireo",180,9,0
"2626","Tufted Titmouse",180,9,0
"2627","Summer Tanager",180,9,0
"2628","Scarlet Tanager",180,9,0
"2629","Eastern Wood-Pewee",181,9,1
"2630","Acadian Flycatcher",181,9,12
"2631","Yellow-throated Vireo",181,9,0
"2632","Tufted Titmouse",181,9,0
"2633","Summer Tanager",181,9,0
"2634","Scarlet Tanager",181,9,0
"2635","Eastern Wood-Pewee",182,9,0
"2636","Acadian Flycatcher",182,9,8
"2637","Yellow-throated Vireo",182,9,0
"2638","Tufted Titmouse",182,9,4
"2639","Summer Tanager",182,9,0
"2640","Scarlet Tanager",182,9,0
"2641","Eastern Wood-Pewee",183,9,0
"2642","Acadian Flycatcher",183,9,6
"2643","Yellow-throated Vireo",183,9,2
"2644","Tufted Titmouse",183,9,0
"2645","Summer Tanager",183,9,0
"2646","Scarlet Tanager",183,9,0
"2647","Eastern Wood-Pewee",184,9,2
"2648","Acadian Flycatcher",184,9,1
"2649","Yellow-throated Vireo",184,9,0
"2650","Tufted Titmouse",184,9,0
"2651","Summer Tanager",184,9,0
"2652","Scarlet Tanager",184,9,0
"2653","Eastern Wood-Pewee",185,9,5
"2654","Acadian Flycatcher",185,9,1
"2655","Yellow-throated Vireo",185,9,0
"2656","Tufted Titmouse",185,9,0
"2657","Summer Tanager",185,9,0
"2658","Scarlet Tanager",185,9,0
"2659","Eastern Wood-Pewee",186,9,1
"2660","Acadian Flycatcher",186,9,13
"2661","Yellow-throated Vireo",186,9,0
"2662","Tufted Titmouse",186,9,0
"2663","Summer Tanager",186,9,0
"2664","Scarlet Tanager",186,9,0
"2665","Eastern Wood-Pewee",187,9,0
"2666","Acadian Flycatcher",187,9,11
"2667","Yellow-throated Vireo",187,9,1
"2668","Tufted Titmouse",187,9,1
"2669","Summer Tanager",187,9,0
"2670","Scarlet Tanager",187,9,0
"2671","Eastern Wood-Pewee",188,9,0
"2672","Acadian Flycatcher",188,9,3
"2673","Yellow-throated Vireo",188,9,0
"2674","Tufted Titmouse",188,9,0
"2675","Summer Tanager",188,9,0
"2676","Scarlet Tanager",188,9,0
"2677","Eastern Wood-Pewee",189,9,0
"2678","Acadian Flycatcher",189,9,3
"2679","Yellow-throated Vireo",189,9,0
"2680","Tufted Titmouse",189,9,0
"2681","Summer Tanager",189,9,5
"2682","Scarlet Tanager",189,9,0
"2683","Eastern Wood-Pewee",190,9,0
"2684","Acadian Flycatcher",190,9,0
"2685","Yellow-throated Vireo",190,9,1
"2686","Tufted Titmouse",190,9,1
"2687","Summer Tanager",190,9,0
"2688","Scarlet Tanager",190,9,0
"2689","Eastern Wood-Pewee",191,9,0
"2690","Acadian Flycatcher",191,9,0
"2691","Yellow-throated Vireo",191,9,0
"2692","Tufted Titmouse",191,9,0
"2693","Summer Tanager",191,9,0
"2694","Scarlet Tanager",191,9,0
"2695","Eastern Wood-Pewee",192,9,0
"2696","Acadian Flycatcher",192,9,1
"2697","Yellow-throated Vireo",192,9,0
"2698","Tufted Titmouse",192,9,0
"2699","Summer Tanager",192,9,0
"2700","Scarlet Tanager",192,9,0
"2701","Eastern Wood-Pewee",193,9,1
"2702","Acadian Flycatcher",193,9,16
"2703","Yellow-throated Vireo",193,9,0
"2704","Tufted Titmouse",193,9,2
"2705","Summer Tanager",193,9,0
"2706","Scarlet Tanager",193,9,1
"2707","Eastern Wood-Pewee",194,9,0
"2708","Acadian Flycatcher",194,9,11
"2709","Yellow-throated Vireo",194,9,0
"2710","Tufted Titmouse",194,9,0
"2711","Summer Tanager",194,9,0
"2712","Scarlet Tanager",194,9,0
"2713","Eastern Wood-Pewee",195,9,0
"2714","Acadian Flycatcher",195,9,40
"2715","Yellow-throated Vireo",195,9,0
"2716","Tufted Titmouse",195,9,0
"2717","Summer Tanager",195,9,0
"2718","Scarlet Tanager",195,9,0
"2719","Eastern Wood-Pewee",196,9,0
"2720","Acadian Flycatcher",196,9,2
"2721","Yellow-throated Vireo",196,9,0
"2722","Tufted Titmouse",196,9,0
"2723","Summer Tanager",196,9,3
"2724","Scarlet Tanager",196,9,0
"2725","Eastern Wood-Pewee",197,9,0
"2726","Acadian Flycatcher",197,9,10
"2727","Yellow-throated Vireo",197,9,3
"2728","Tufted Titmouse",197,9,0
"2729","Summer Tanager",197,9,97
"2730","Scarlet Tanager",197,9,8
"2731","Eastern Wood-Pewee",198,9,0
"2732","Acadian Flycatcher",198,9,16
"2733","Yellow-throated Vireo",198,9,0
"2734","Tufted Titmouse",198,9,0
"2735","Summer Tanager",198,9,2
"2736","Scarlet Tanager",198,9,0
"2737","Eastern Wood-Pewee",199,9,0
"2738","Acadian Flycatcher",199,9,0
"2739","Yellow-throated Vireo",199,9,0
"2740","Tufted Titmouse",199,9,0
"2741","Summer Tanager",199,9,0
"2742","Scarlet Tanager",199,9,0
"2743","Eastern Wood-Pewee",200,9,0
"2744","Acadian Flycatcher",200,9,0
"2745","Yellow-throated Vireo",200,9,0
"2746","Tufted Titmouse",200,9,0
"2747","Summer Tanager",200,9,0
"2748","Scarlet Tanager",200,9,0
"2749","Eastern Wood-Pewee",201,9,0
"2750","Acadian Flycatcher",201,9,0
"2751","Yellow-throated Vireo",201,9,0
"2752","Tufted Titmouse",201,9,1
"2753","Summer Tanager",201,9,0
"2754","Scarlet Tanager",201,9,0
"2755","Eastern Wood-Pewee",151,10,0
"2756","Acadian Flycatcher",151,10,22
"2757","Yellow-throated Vireo",151,10,12
"2758","Tufted Titmouse",151,10,12
"2759","Summer Tanager",151,10,1
"2760","Scarlet Tanager",151,10,0
"2761","Eastern Wood-Pewee",152,10,0
"2762","Acadian Flycatcher",152,10,22
"2763","Yellow-throated Vireo",152,10,0
"2764","Tufted Titmouse",152,10,0
"2765","Summer Tanager",152,10,270
"2766","Scarlet Tanager",152,10,4
"2767","Eastern Wood-Pewee",153,10,10
"2768","Acadian Flycatcher",153,10,68
"2769","Yellow-throated Vireo",153,10,6
"2770","Tufted Titmouse",153,10,0
"2771","Summer Tanager",153,10,2
"2772","Scarlet Tanager",153,10,0
"2773","Eastern Wood-Pewee",154,10,12
"2774","Acadian Flycatcher",154,10,49
"2775","Yellow-throated Vireo",154,10,2
"2776","Tufted Titmouse",154,10,0
"2777","Summer Tanager",154,10,2
"2778","Scarlet Tanager",154,10,0
"2779","Eastern Wood-Pewee",155,10,0
"2780","Acadian Flycatcher",155,10,33
"2781","Yellow-throated Vireo",155,10,11
"2782","Tufted Titmouse",155,10,34
"2783","Summer Tanager",155,10,0
"2784","Scarlet Tanager",155,10,0
"2785","Eastern Wood-Pewee",156,10,0
"2786","Acadian Flycatcher",156,10,66
"2787","Yellow-throated Vireo",156,10,6
"2788","Tufted Titmouse",156,10,3
"2789","Summer Tanager",156,10,13
"2790","Scarlet Tanager",156,10,3
"2791","Eastern Wood-Pewee",157,10,0
"2792","Acadian Flycatcher",157,10,68
"2793","Yellow-throated Vireo",157,10,0
"2794","Tufted Titmouse",157,10,1
"2795","Summer Tanager",157,10,11
"2796","Scarlet Tanager",157,10,3
"2797","Eastern Wood-Pewee",158,10,0
"2798","Acadian Flycatcher",158,10,17
"2799","Yellow-throated Vireo",158,10,2
"2800","Tufted Titmouse",158,10,5
"2801","Summer Tanager",158,10,90
"2802","Scarlet Tanager",158,10,1
"2803","Eastern Wood-Pewee",159,10,0
"2804","Acadian Flycatcher",159,10,2
"2805","Yellow-throated Vireo",159,10,5
"2806","Tufted Titmouse",159,10,0
"2807","Summer Tanager",159,10,115
"2808","Scarlet Tanager",159,10,18
"2809","Eastern Wood-Pewee",160,10,4
"2810","Acadian Flycatcher",160,10,5
"2811","Yellow-throated Vireo",160,10,1
"2812","Tufted Titmouse",160,10,0
"2813","Summer Tanager",160,10,25
"2814","Scarlet Tanager",160,10,0
"2815","Eastern Wood-Pewee",161,10,0
"2816","Acadian Flycatcher",161,10,19
"2817","Yellow-throated Vireo",161,10,4
"2818","Tufted Titmouse",161,10,0
"2819","Summer Tanager",161,10,19
"2820","Scarlet Tanager",161,10,0
"2821","Eastern Wood-Pewee",162,10,0
"2822","Acadian Flycatcher",162,10,6
"2823","Yellow-throated Vireo",162,10,19
"2824","Tufted Titmouse",162,10,0
"2825","Summer Tanager",162,10,55
"2826","Scarlet Tanager",162,10,6
"2827","Eastern Wood-Pewee",163,10,0
"2828","Acadian Flycatcher",163,10,4
"2829","Yellow-throated Vireo",163,10,15
"2830","Tufted Titmouse",163,10,0
"2831","Summer Tanager",163,10,7
"2832","Scarlet Tanager",163,10,0
"2833","Eastern Wood-Pewee",164,10,0
"2834","Acadian Flycatcher",164,10,1
"2835","Yellow-throated Vireo",164,10,4
"2836","Tufted Titmouse",164,10,0
"2837","Summer Tanager",164,10,0
"2838","Scarlet Tanager",164,10,0
"2839","Eastern Wood-Pewee",165,10,29
"2840","Acadian Flycatcher",165,10,0
"2841","Yellow-throated Vireo",165,10,0
"2842","Tufted Titmouse",165,10,0
"2843","Summer Tanager",165,10,0
"2844","Scarlet Tanager",165,10,0
"2845","Eastern Wood-Pewee",166,10,41
"2846","Acadian Flycatcher",166,10,4
"2847","Yellow-throated Vireo",166,10,5
"2848","Tufted Titmouse",166,10,12
"2849","Summer Tanager",166,10,0
"2850","Scarlet Tanager",166,10,0
"2851","Eastern Wood-Pewee",167,10,0
"2852","Acadian Flycatcher",167,10,24
"2853","Yellow-throated Vireo",167,10,12
"2854","Tufted Titmouse",167,10,1
"2855","Summer Tanager",167,10,0
"2856","Scarlet Tanager",167,10,1
"2857","Eastern Wood-Pewee",168,10,54
"2858","Acadian Flycatcher",168,10,42
"2859","Yellow-throated Vireo",168,10,9
"2860","Tufted Titmouse",168,10,3
"2861","Summer Tanager",168,10,0
"2862","Scarlet Tanager",168,10,2
"2863","Eastern Wood-Pewee",169,10,1
"2864","Acadian Flycatcher",169,10,1
"2865","Yellow-throated Vireo",169,10,0
"2866","Tufted Titmouse",169,10,48
"2867","Summer Tanager",169,10,41
"2868","Scarlet Tanager",169,10,0
"2869","Eastern Wood-Pewee",170,10,0
"2870","Acadian Flycatcher",170,10,17
"2871","Yellow-throated Vireo",170,10,5
"2872","Tufted Titmouse",170,10,0
"2873","Summer Tanager",170,10,0
"2874","Scarlet Tanager",170,10,0
"2875","Eastern Wood-Pewee",171,10,0
"2876","Acadian Flycatcher",171,10,22
"2877","Yellow-throated Vireo",171,10,0
"2878","Tufted Titmouse",171,10,0
"2879","Summer Tanager",171,10,0
"2880","Scarlet Tanager",171,10,0
"2881","Eastern Wood-Pewee",172,10,0
"2882","Acadian Flycatcher",172,10,14
"2883","Yellow-throated Vireo",172,10,16
"2884","Tufted Titmouse",172,10,0
"2885","Summer Tanager",172,10,0
"2886","Scarlet Tanager",172,10,5
"2887","Eastern Wood-Pewee",173,10,0
"2888","Acadian Flycatcher",173,10,7
"2889","Yellow-throated Vireo",173,10,30
"2890","Tufted Titmouse",173,10,3
"2891","Summer Tanager",173,10,10
"2892","Scarlet Tanager",173,10,6
"2893","Eastern Wood-Pewee",174,10,0
"2894","Acadian Flycatcher",174,10,5
"2895","Yellow-throated Vireo",174,10,14
"2896","Tufted Titmouse",174,10,0
"2897","Summer Tanager",174,10,0
"2898","Scarlet Tanager",174,10,1
"2899","Eastern Wood-Pewee",175,10,0
"2900","Acadian Flycatcher",175,10,0
"2901","Yellow-throated Vireo",175,10,0
"2902","Tufted Titmouse",175,10,1
"2903","Summer Tanager",175,10,0
"2904","Scarlet Tanager",175,10,0
"2905","Eastern Wood-Pewee",176,10,0
"2906","Acadian Flycatcher",176,10,10
"2907","Yellow-throated Vireo",176,10,2
"2908","Tufted Titmouse",176,10,0
"2909","Summer Tanager",176,10,1
"2910","Scarlet Tanager",176,10,0
"2911","Eastern Wood-Pewee",177,10,0
"2912","Acadian Flycatcher",177,10,0
"2913","Yellow-throated Vireo",177,10,0
"2914","Tufted Titmouse",177,10,2
"2915","Summer Tanager",177,10,0
"2916","Scarlet Tanager",177,10,0
"2917","Eastern Wood-Pewee",178,10,0
"2918","Acadian Flycatcher",178,10,1
"2919","Yellow-throated Vireo",178,10,1
"2920","Tufted Titmouse",178,10,0
"2921","Summer Tanager",178,10,0
"2922","Scarlet Tanager",178,10,0
"2923","Eastern Wood-Pewee",179,10,0
"2924","Acadian Flycatcher",179,10,20
"2925","Yellow-throated Vireo",179,10,0
"2926","Tufted Titmouse",179,10,0
"2927","Summer Tanager",179,10,0
"2928","Scarlet Tanager",179,10,1
"2929","Eastern Wood-Pewee",180,10,0
"2930","Acadian Flycatcher",180,10,0
"2931","Yellow-throated Vireo",180,10,0
"2932","Tufted Titmouse",180,10,0
"2933","Summer Tanager",180,10,0
"2934","Scarlet Tanager",180,10,0
"2935","Eastern Wood-Pewee",181,10,0
"2936","Acadian Flycatcher",181,10,7
"2937","Yellow-throated Vireo",181,10,0
"2938","Tufted Titmouse",181,10,0
"2939","Summer Tanager",181,10,0
"2940","Scarlet Tanager",181,10,0
"2941","Eastern Wood-Pewee",182,10,10
"2942","Acadian Flycatcher",182,10,3
"2943","Yellow-throated Vireo",182,10,0
"2944","Tufted Titmouse",182,10,0
"2945","Summer Tanager",182,10,0
"2946","Scarlet Tanager",182,10,0
"2947","Eastern Wood-Pewee",183,10,0
"2948","Acadian Flycatcher",183,10,16
"2949","Yellow-throated Vireo",183,10,1
"2950","Tufted Titmouse",183,10,0
"2951","Summer Tanager",183,10,0
"2952","Scarlet Tanager",183,10,0
"2953","Eastern Wood-Pewee",184,10,11
"2954","Acadian Flycatcher",184,10,1
"2955","Yellow-throated Vireo",184,10,9
"2956","Tufted Titmouse",184,10,0
"2957","Summer Tanager",184,10,0
"2958","Scarlet Tanager",184,10,0
"2959","Eastern Wood-Pewee",185,10,18
"2960","Acadian Flycatcher",185,10,2
"2961","Yellow-throated Vireo",185,10,0
"2962","Tufted Titmouse",185,10,2
"2963","Summer Tanager",185,10,0
"2964","Scarlet Tanager",185,10,0
"2965","Eastern Wood-Pewee",186,10,0
"2966","Acadian Flycatcher",186,10,3
"2967","Yellow-throated Vireo",186,10,1
"2968","Tufted Titmouse",186,10,0
"2969","Summer Tanager",186,10,0
"2970","Scarlet Tanager",186,10,0
"2971","Eastern Wood-Pewee",187,10,0
"2972","Acadian Flycatcher",187,10,230
"2973","Yellow-throated Vireo",187,10,0
"2974","Tufted Titmouse",187,10,0
"2975","Summer Tanager",187,10,0
"2976","Scarlet Tanager",187,10,0
"2977","Eastern Wood-Pewee",188,10,0
"2978","Acadian Flycatcher",188,10,4
"2979","Yellow-throated Vireo",188,10,0
"2980","Tufted Titmouse",188,10,0
"2981","Summer Tanager",188,10,12
"2982","Scarlet Tanager",188,10,0
"2983","Eastern Wood-Pewee",189,10,3
"2984","Acadian Flycatcher",189,10,4
"2985","Yellow-throated Vireo",189,10,2
"2986","Tufted Titmouse",189,10,0
"2987","Summer Tanager",189,10,40
"2988","Scarlet Tanager",189,10,0
"2989","Eastern Wood-Pewee",190,10,0
"2990","Acadian Flycatcher",190,10,0
"2991","Yellow-throated Vireo",190,10,1
"2992","Tufted Titmouse",190,10,0
"2993","Summer Tanager",190,10,0
"2994","Scarlet Tanager",190,10,0
"2995","Eastern Wood-Pewee",191,10,0
"2996","Acadian Flycatcher",191,10,0
"2997","Yellow-throated Vireo",191,10,0
"2998","Tufted Titmouse",191,10,0
"2999","Summer Tanager",191,10,7
"3000","Scarlet Tanager",191,10,0
"3001","Eastern Wood-Pewee",192,10,0
"3002","Acadian Flycatcher",192,10,0
"3003","Yellow-throated Vireo",192,10,0
"3004","Tufted Titmouse",192,10,17
"3005","Summer Tanager",192,10,19
"3006","Scarlet Tanager",192,10,1
"3007","Eastern Wood-Pewee",193,10,0
"3008","Acadian Flycatcher",193,10,0
"3009","Yellow-throated Vireo",193,10,0
"3010","Tufted Titmouse",193,10,10
"3011","Summer Tanager",193,10,0
"3012","Scarlet Tanager",193,10,0
"3013","Eastern Wood-Pewee",194,10,0
"3014","Acadian Flycatcher",194,10,18
"3015","Yellow-throated Vireo",194,10,0
"3016","Tufted Titmouse",194,10,0
"3017","Summer Tanager",194,10,0
"3018","Scarlet Tanager",194,10,0
"3019","Eastern Wood-Pewee",195,10,0
"3020","Acadian Flycatcher",195,10,13
"3021","Yellow-throated Vireo",195,10,1
"3022","Tufted Titmouse",195,10,0
"3023","Summer Tanager",195,10,0
"3024","Scarlet Tanager",195,10,0
"3025","Eastern Wood-Pewee",196,10,0
"3026","Acadian Flycatcher",196,10,1
"3027","Yellow-throated Vireo",196,10,2
"3028","Tufted Titmouse",196,10,0
"3029","Summer Tanager",196,10,0
"3030","Scarlet Tanager",196,10,0
"3031","Eastern Wood-Pewee",197,10,2
"3032","Acadian Flycatcher",197,10,11
"3033","Yellow-throated Vireo",197,10,1
"3034","Tufted Titmouse",197,10,0
"3035","Summer Tanager",197,10,1
"3036","Scarlet Tanager",197,10,3
"3037","Eastern Wood-Pewee",198,10,0
"3038","Acadian Flycatcher",198,10,3
"3039","Yellow-throated Vireo",198,10,0
"3040","Tufted Titmouse",198,10,8
"3041","Summer Tanager",198,10,1
"3042","Scarlet Tanager",198,10,0
"3043","Eastern Wood-Pewee",199,10,0
"3044","Acadian Flycatcher",199,10,3
"3045","Yellow-throated Vireo",199,10,0
"3046","Tufted Titmouse",199,10,0
"3047","Summer Tanager",199,10,1
"3048","Scarlet Tanager",199,10,0
"3049","Eastern Wood-Pewee",200,10,0
"3050","Acadian Flycatcher",200,10,0
"3051","Yellow-throated Vireo",200,10,5
"3052","Tufted Titmouse",200,10,0
"3053","Summer Tanager",200,10,0
"3054","Scarlet Tanager",200,10,4
"3055","Eastern Wood-Pewee",201,10,0
"3056","Acadian Flycatcher",201,10,0
"3057","Yellow-throated Vireo",201,10,0
"3058","Tufted Titmouse",201,10,0
"3059","Summer Tanager",201,10,0
"3060","Scarlet Tanager",201,10,0
"3061","Eastern Wood-Pewee",151,11,1
"3062","Acadian Flycatcher",151,11,17
"3063","Yellow-throated Vireo",151,11,2
"3064","Tufted Titmouse",151,11,1
"3065","Summer Tanager",151,11,0
"3066","Scarlet Tanager",151,11,0
"3067","Eastern Wood-Pewee",152,11,0
"3068","Acadian Flycatcher",152,11,44
"3069","Yellow-throated Vireo",152,11,19
"3070","Tufted Titmouse",152,11,0
"3071","Summer Tanager",152,11,129
"3072","Scarlet Tanager",152,11,1
"3073","Eastern Wood-Pewee",153,11,5
"3074","Acadian Flycatcher",153,11,102
"3075","Yellow-throated Vireo",153,11,9
"3076","Tufted Titmouse",153,11,0
"3077","Summer Tanager",153,11,0
"3078","Scarlet Tanager",153,11,0
"3079","Eastern Wood-Pewee",154,11,13
"3080","Acadian Flycatcher",154,11,11
"3081","Yellow-throated Vireo",154,11,1
"3082","Tufted Titmouse",154,11,0
"3083","Summer Tanager",154,11,18
"3084","Scarlet Tanager",154,11,0
"3085","Eastern Wood-Pewee",155,11,0
"3086","Acadian Flycatcher",155,11,53
"3087","Yellow-throated Vireo",155,11,19
"3088","Tufted Titmouse",155,11,0
"3089","Summer Tanager",155,11,1
"3090","Scarlet Tanager",155,11,1
"3091","Eastern Wood-Pewee",156,11,0
"3092","Acadian Flycatcher",156,11,89
"3093","Yellow-throated Vireo",156,11,18
"3094","Tufted Titmouse",156,11,0
"3095","Summer Tanager",156,11,0
"3096","Scarlet Tanager",156,11,0
"3097","Eastern Wood-Pewee",157,11,0
"3098","Acadian Flycatcher",157,11,14
"3099","Yellow-throated Vireo",157,11,0
"3100","Tufted Titmouse",157,11,4
"3101","Summer Tanager",157,11,12
"3102","Scarlet Tanager",157,11,0
"3103","Eastern Wood-Pewee",158,11,0
"3104","Acadian Flycatcher",158,11,45
"3105","Yellow-throated Vireo",158,11,3
"3106","Tufted Titmouse",158,11,5
"3107","Summer Tanager",158,11,1
"3108","Scarlet Tanager",158,11,0
"3109","Eastern Wood-Pewee",159,11,0
"3110","Acadian Flycatcher",159,11,10
"3111","Yellow-throated Vireo",159,11,16
"3112","Tufted Titmouse",159,11,0
"3113","Summer Tanager",159,11,53
"3114","Scarlet Tanager",159,11,0
"3115","Eastern Wood-Pewee",160,11,17
"3116","Acadian Flycatcher",160,11,16
"3117","Yellow-throated Vireo",160,11,14
"3118","Tufted Titmouse",160,11,0
"3119","Summer Tanager",160,11,1
"3120","Scarlet Tanager",160,11,0
"3121","Eastern Wood-Pewee",161,11,0
"3122","Acadian Flycatcher",161,11,3
"3123","Yellow-throated Vireo",161,11,33
"3124","Tufted Titmouse",161,11,4
"3125","Summer Tanager",161,11,4
"3126","Scarlet Tanager",161,11,0
"3127","Eastern Wood-Pewee",162,11,0
"3128","Acadian Flycatcher",162,11,0
"3129","Yellow-throated Vireo",162,11,42
"3130","Tufted Titmouse",162,11,0
"3131","Summer Tanager",162,11,9
"3132","Scarlet Tanager",162,11,1
"3133","Eastern Wood-Pewee",163,11,5
"3134","Acadian Flycatcher",163,11,3
"3135","Yellow-throated Vireo",163,11,21
"3136","Tufted Titmouse",163,11,0
"3137","Summer Tanager",163,11,5
"3138","Scarlet Tanager",163,11,2
"3139","Eastern Wood-Pewee",164,11,0
"3140","Acadian Flycatcher",164,11,4
"3141","Yellow-throated Vireo",164,11,0
"3142","Tufted Titmouse",164,11,1
"3143","Summer Tanager",164,11,0
"3144","Scarlet Tanager",164,11,0
"3145","Eastern Wood-Pewee",165,11,12
"3146","Acadian Flycatcher",165,11,51
"3147","Yellow-throated Vireo",165,11,9
"3148","Tufted Titmouse",165,11,27
"3149","Summer Tanager",165,11,2
"3150","Scarlet Tanager",165,11,0
"3151","Eastern Wood-Pewee",166,11,42
"3152","Acadian Flycatcher",166,11,23
"3153","Yellow-throated Vireo",166,11,7
"3154","Tufted Titmouse",166,11,85
"3155","Summer Tanager",166,11,10
"3156","Scarlet Tanager",166,11,0
"3157","Eastern Wood-Pewee",167,11,0
"3158","Acadian Flycatcher",167,11,7
"3159","Yellow-throated Vireo",167,11,13
"3160","Tufted Titmouse",167,11,0
"3161","Summer Tanager",167,11,1
"3162","Scarlet Tanager",167,11,0
"3163","Eastern Wood-Pewee",168,11,36
"3164","Acadian Flycatcher",168,11,8
"3165","Yellow-throated Vireo",168,11,9
"3166","Tufted Titmouse",168,11,0
"3167","Summer Tanager",168,11,0
"3168","Scarlet Tanager",168,11,1
"3169","Eastern Wood-Pewee",169,11,18
"3170","Acadian Flycatcher",169,11,6
"3171","Yellow-throated Vireo",169,11,2
"3172","Tufted Titmouse",169,11,1
"3173","Summer Tanager",169,11,0
"3174","Scarlet Tanager",169,11,0
"3175","Eastern Wood-Pewee",170,11,0
"3176","Acadian Flycatcher",170,11,11
"3177","Yellow-throated Vireo",170,11,1
"3178","Tufted Titmouse",170,11,5
"3179","Summer Tanager",170,11,0
"3180","Scarlet Tanager",170,11,0
"3181","Eastern Wood-Pewee",171,11,0
"3182","Acadian Flycatcher",171,11,10
"3183","Yellow-throated Vireo",171,11,0
"3184","Tufted Titmouse",171,11,4
"3185","Summer Tanager",171,11,0
"3186","Scarlet Tanager",171,11,0
"3187","Eastern Wood-Pewee",172,11,0
"3188","Acadian Flycatcher",172,11,2
"3189","Yellow-throated Vireo",172,11,28
"3190","Tufted Titmouse",172,11,0
"3191","Summer Tanager",172,11,1
"3192","Scarlet Tanager",172,11,13
"3193","Eastern Wood-Pewee",173,11,0
"3194","Acadian Flycatcher",173,11,0
"3195","Yellow-throated Vireo",173,11,139
"3196","Tufted Titmouse",173,11,5
"3197","Summer Tanager",173,11,1
"3198","Scarlet Tanager",173,11,11
"3199","Eastern Wood-Pewee",174,11,0
"3200","Acadian Flycatcher",174,11,1
"3201","Yellow-throated Vireo",174,11,0
"3202","Tufted Titmouse",174,11,0
"3203","Summer Tanager",174,11,0
"3204","Scarlet Tanager",174,11,0
"3205","Eastern Wood-Pewee",175,11,0
"3206","Acadian Flycatcher",175,11,12
"3207","Yellow-throated Vireo",175,11,0
"3208","Tufted Titmouse",175,11,16
"3209","Summer Tanager",175,11,1
"3210","Scarlet Tanager",175,11,1
"3211","Eastern Wood-Pewee",176,11,2
"3212","Acadian Flycatcher",176,11,13
"3213","Yellow-throated Vireo",176,11,0
"3214","Tufted Titmouse",176,11,0
"3215","Summer Tanager",176,11,6
"3216","Scarlet Tanager",176,11,0
"3217","Eastern Wood-Pewee",177,11,1
"3218","Acadian Flycatcher",177,11,12
"3219","Yellow-throated Vireo",177,11,2
"3220","Tufted Titmouse",177,11,0
"3221","Summer Tanager",177,11,1
"3222","Scarlet Tanager",177,11,0
"3223","Eastern Wood-Pewee",178,11,0
"3224","Acadian Flycatcher",178,11,23
"3225","Yellow-throated Vireo",178,11,1
"3226","Tufted Titmouse",178,11,0
"3227","Summer Tanager",178,11,0
"3228","Scarlet Tanager",178,11,0
"3229","Eastern Wood-Pewee",179,11,0
"3230","Acadian Flycatcher",179,11,11
"3231","Yellow-throated Vireo",179,11,0
"3232","Tufted Titmouse",179,11,0
"3233","Summer Tanager",179,11,0
"3234","Scarlet Tanager",179,11,0
"3235","Eastern Wood-Pewee",180,11,0
"3236","Acadian Flycatcher",180,11,0
"3237","Yellow-throated Vireo",180,11,0
"3238","Tufted Titmouse",180,11,0
"3239","Summer Tanager",180,11,0
"3240","Scarlet Tanager",180,11,0
"3241","Eastern Wood-Pewee",181,11,6
"3242","Acadian Flycatcher",181,11,5
"3243","Yellow-throated Vireo",181,11,0
"3244","Tufted Titmouse",181,11,2
"3245","Summer Tanager",181,11,0
"3246","Scarlet Tanager",181,11,0
"3247","Eastern Wood-Pewee",182,11,0
"3248","Acadian Flycatcher",182,11,4
"3249","Yellow-throated Vireo",182,11,0
"3250","Tufted Titmouse",182,11,0
"3251","Summer Tanager",182,11,0
"3252","Scarlet Tanager",182,11,0
"3253","Eastern Wood-Pewee",183,11,0
"3254","Acadian Flycatcher",183,11,10
"3255","Yellow-throated Vireo",183,11,0
"3256","Tufted Titmouse",183,11,5
"3257","Summer Tanager",183,11,2
"3258","Scarlet Tanager",183,11,0
"3259","Eastern Wood-Pewee",184,11,10
"3260","Acadian Flycatcher",184,11,2
"3261","Yellow-throated Vireo",184,11,0
"3262","Tufted Titmouse",184,11,0
"3263","Summer Tanager",184,11,0
"3264","Scarlet Tanager",184,11,0
"3265","Eastern Wood-Pewee",185,11,8
"3266","Acadian Flycatcher",185,11,13
"3267","Yellow-throated Vireo",185,11,0
"3268","Tufted Titmouse",185,11,0
"3269","Summer Tanager",185,11,0
"3270","Scarlet Tanager",185,11,0
"3271","Eastern Wood-Pewee",186,11,0
"3272","Acadian Flycatcher",186,11,8
"3273","Yellow-throated Vireo",186,11,0
"3274","Tufted Titmouse",186,11,0
"3275","Summer Tanager",186,11,0
"3276","Scarlet Tanager",186,11,0
"3277","Eastern Wood-Pewee",187,11,0
"3278","Acadian Flycatcher",187,11,86
"3279","Yellow-throated Vireo",187,11,0
"3280","Tufted Titmouse",187,11,0
"3281","Summer Tanager",187,11,1
"3282","Scarlet Tanager",187,11,0
"3283","Eastern Wood-Pewee",188,11,0
"3284","Acadian Flycatcher",188,11,0
"3285","Yellow-throated Vireo",188,11,0
"3286","Tufted Titmouse",188,11,0
"3287","Summer Tanager",188,11,0
"3288","Scarlet Tanager",188,11,1
"3289","Eastern Wood-Pewee",189,11,2
"3290","Acadian Flycatcher",189,11,2
"3291","Yellow-throated Vireo",189,11,0
"3292","Tufted Titmouse",189,11,0
"3293","Summer Tanager",189,11,1
"3294","Scarlet Tanager",189,11,0
"3295","Eastern Wood-Pewee",190,11,0
"3296","Acadian Flycatcher",190,11,4
"3297","Yellow-throated Vireo",190,11,0
"3298","Tufted Titmouse",190,11,0
"3299","Summer Tanager",190,11,0
"3300","Scarlet Tanager",190,11,0
"3301","Eastern Wood-Pewee",191,11,0
"3302","Acadian Flycatcher",191,11,0
"3303","Yellow-throated Vireo",191,11,0
"3304","Tufted Titmouse",191,11,0
"3305","Summer Tanager",191,11,0
"3306","Scarlet Tanager",191,11,0
"3307","Eastern Wood-Pewee",192,11,0
"3308","Acadian Flycatcher",192,11,0
"3309","Yellow-throated Vireo",192,11,0
"3310","Tufted Titmouse",192,11,0
"3311","Summer Tanager",192,11,0
"3312","Scarlet Tanager",192,11,1
"3313","Eastern Wood-Pewee",193,11,0
"3314","Acadian Flycatcher",193,11,0
"3315","Yellow-throated Vireo",193,11,1
"3316","Tufted Titmouse",193,11,0
"3317","Summer Tanager",193,11,0
"3318","Scarlet Tanager",193,11,0
"3319","Eastern Wood-Pewee",194,11,0
"3320","Acadian Flycatcher",194,11,3
"3321","Yellow-throated Vireo",194,11,4
"3322","Tufted Titmouse",194,11,0
"3323","Summer Tanager",194,11,0
"3324","Scarlet Tanager",194,11,2
"3325","Eastern Wood-Pewee",195,11,0
"3326","Acadian Flycatcher",195,11,0
"3327","Yellow-throated Vireo",195,11,2
"3328","Tufted Titmouse",195,11,0
"3329","Summer Tanager",195,11,0
"3330","Scarlet Tanager",195,11,0
"3331","Eastern Wood-Pewee",196,11,0
"3332","Acadian Flycatcher",196,11,4
"3333","Yellow-throated Vireo",196,11,3
"3334","Tufted Titmouse",196,11,1
"3335","Summer Tanager",196,11,0
"3336","Scarlet Tanager",196,11,0
"3337","Eastern Wood-Pewee",197,11,0
"3338","Acadian Flycatcher",197,11,0
"3339","Yellow-throated Vireo",197,11,0
"3340","Tufted Titmouse",197,11,0
"3341","Summer Tanager",197,11,6
"3342","Scarlet Tanager",197,11,1
"3343","Eastern Wood-Pewee",198,11,0
"3344","Acadian Flycatcher",198,11,0
"3345","Yellow-throated Vireo",198,11,0
"3346","Tufted Titmouse",198,11,3
"3347","Summer Tanager",198,11,2
"3348","Scarlet Tanager",198,11,0
"3349","Eastern Wood-Pewee",199,11,0
"3350","Acadian Flycatcher",199,11,22
"3351","Yellow-throated Vireo",199,11,0
"3352","Tufted Titmouse",199,11,1
"3353","Summer Tanager",199,11,0
"3354","Scarlet Tanager",199,11,0
"3355","Eastern Wood-Pewee",200,11,0
"3356","Acadian Flycatcher",200,11,0
"3357","Yellow-throated Vireo",200,11,0
"3358","Tufted Titmouse",200,11,0
"3359","Summer Tanager",200,11,0
"3360","Scarlet Tanager",200,11,0
"3361","Eastern Wood-Pewee",201,11,0
"3362","Acadian Flycatcher",201,11,0
"3363","Yellow-throated Vireo",201,11,0
"3364","Tufted Titmouse",201,11,0
"3365","Summer Tanager",201,11,0
"3366","Scarlet Tanager",201,11,0
"3367","Eastern Wood-Pewee",151,12,1
"3368","Acadian Flycatcher",151,12,24
"3369","Yellow-throated Vireo",151,12,15
"3370","Tufted Titmouse",151,12,0
"3371","Summer Tanager",151,12,1
"3372","Scarlet Tanager",151,12,2
"3373","Eastern Wood-Pewee",152,12,1
"3374","Acadian Flycatcher",152,12,56
"3375","Yellow-throated Vireo",152,12,2
"3376","Tufted Titmouse",152,12,0
"3377","Summer Tanager",152,12,140
"3378","Scarlet Tanager",152,12,0
"3379","Eastern Wood-Pewee",153,12,11
"3380","Acadian Flycatcher",153,12,29
"3381","Yellow-throated Vireo",153,12,19
"3382","Tufted Titmouse",153,12,0
"3383","Summer Tanager",153,12,0
"3384","Scarlet Tanager",153,12,0
"3385","Eastern Wood-Pewee",154,12,26
"3386","Acadian Flycatcher",154,12,14
"3387","Yellow-throated Vireo",154,12,0
"3388","Tufted Titmouse",154,12,0
"3389","Summer Tanager",154,12,1
"3390","Scarlet Tanager",154,12,0
"3391","Eastern Wood-Pewee",155,12,0
"3392","Acadian Flycatcher",155,12,82
"3393","Yellow-throated Vireo",155,12,7
"3394","Tufted Titmouse",155,12,23
"3395","Summer Tanager",155,12,0
"3396","Scarlet Tanager",155,12,0
"3397","Eastern Wood-Pewee",156,12,0
"3398","Acadian Flycatcher",156,12,171
"3399","Yellow-throated Vireo",156,12,1
"3400","Tufted Titmouse",156,12,0
"3401","Summer Tanager",156,12,0
"3402","Scarlet Tanager",156,12,0
"3403","Eastern Wood-Pewee",157,12,1
"3404","Acadian Flycatcher",157,12,27
"3405","Yellow-throated Vireo",157,12,4
"3406","Tufted Titmouse",157,12,16
"3407","Summer Tanager",157,12,0
"3408","Scarlet Tanager",157,12,0
"3409","Eastern Wood-Pewee",158,12,0
"3410","Acadian Flycatcher",158,12,4
"3411","Yellow-throated Vireo",158,12,3
"3412","Tufted Titmouse",158,12,1
"3413","Summer Tanager",158,12,16
"3414","Scarlet Tanager",158,12,1
"3415","Eastern Wood-Pewee",159,12,10
"3416","Acadian Flycatcher",159,12,0
"3417","Yellow-throated Vireo",159,12,12
"3418","Tufted Titmouse",159,12,0
"3419","Summer Tanager",159,12,45
"3420","Scarlet Tanager",159,12,1
"3421","Eastern Wood-Pewee",160,12,8
"3422","Acadian Flycatcher",160,12,2
"3423","Yellow-throated Vireo",160,12,6
"3424","Tufted Titmouse",160,12,6
"3425","Summer Tanager",160,12,1
"3426","Scarlet Tanager",160,12,0
"3427","Eastern Wood-Pewee",161,12,0
"3428","Acadian Flycatcher",161,12,3
"3429","Yellow-throated Vireo",161,12,12
"3430","Tufted Titmouse",161,12,7
"3431","Summer Tanager",161,12,49
"3432","Scarlet Tanager",161,12,6
"3433","Eastern Wood-Pewee",162,12,0
"3434","Acadian Flycatcher",162,12,1
"3435","Yellow-throated Vireo",162,12,56
"3436","Tufted Titmouse",162,12,10
"3437","Summer Tanager",162,12,1
"3438","Scarlet Tanager",162,12,0
"3439","Eastern Wood-Pewee",163,12,29
"3440","Acadian Flycatcher",163,12,1
"3441","Yellow-throated Vireo",163,12,18
"3442","Tufted Titmouse",163,12,0
"3443","Summer Tanager",163,12,4
"3444","Scarlet Tanager",163,12,0
"3445","Eastern Wood-Pewee",164,12,0
"3446","Acadian Flycatcher",164,12,0
"3447","Yellow-throated Vireo",164,12,21
"3448","Tufted Titmouse",164,12,0
"3449","Summer Tanager",164,12,6
"3450","Scarlet Tanager",164,12,0
"3451","Eastern Wood-Pewee",165,12,29
"3452","Acadian Flycatcher",165,12,14
"3453","Yellow-throated Vireo",165,12,19
"3454","Tufted Titmouse",165,12,0
"3455","Summer Tanager",165,12,0
"3456","Scarlet Tanager",165,12,0
"3457","Eastern Wood-Pewee",166,12,4
"3458","Acadian Flycatcher",166,12,0
"3459","Yellow-throated Vireo",166,12,4
"3460","Tufted Titmouse",166,12,0
"3461","Summer Tanager",166,12,0
"3462","Scarlet Tanager",166,12,0
"3463","Eastern Wood-Pewee",167,12,31
"3464","Acadian Flycatcher",167,12,17
"3465","Yellow-throated Vireo",167,12,15
"3466","Tufted Titmouse",167,12,0
"3467","Summer Tanager",167,12,3
"3468","Scarlet Tanager",167,12,1
"3469","Eastern Wood-Pewee",168,12,48
"3470","Acadian Flycatcher",168,12,38
"3471","Yellow-throated Vireo",168,12,3
"3472","Tufted Titmouse",168,12,2
"3473","Summer Tanager",168,12,0
"3474","Scarlet Tanager",168,12,0
"3475","Eastern Wood-Pewee",169,12,24
"3476","Acadian Flycatcher",169,12,10
"3477","Yellow-throated Vireo",169,12,0
"3478","Tufted Titmouse",169,12,0
"3479","Summer Tanager",169,12,0
"3480","Scarlet Tanager",169,12,0
"3481","Eastern Wood-Pewee",170,12,0
"3482","Acadian Flycatcher",170,12,0
"3483","Yellow-throated Vireo",170,12,1
"3484","Tufted Titmouse",170,12,23
"3485","Summer Tanager",170,12,1
"3486","Scarlet Tanager",170,12,0
"3487","Eastern Wood-Pewee",171,12,0
"3488","Acadian Flycatcher",171,12,2
"3489","Yellow-throated Vireo",171,12,6
"3490","Tufted Titmouse",171,12,7
"3491","Summer Tanager",171,12,3
"3492","Scarlet Tanager",171,12,0
"3493","Eastern Wood-Pewee",172,12,0
"3494","Acadian Flycatcher",172,12,3
"3495","Yellow-throated Vireo",172,12,32
"3496","Tufted Titmouse",172,12,0
"3497","Summer Tanager",172,12,0
"3498","Scarlet Tanager",172,12,7
"3499","Eastern Wood-Pewee",173,12,1
"3500","Acadian Flycatcher",173,12,0
"3501","Yellow-throated Vireo",173,12,1
"3502","Tufted Titmouse",173,12,65
"3503","Summer Tanager",173,12,0
"3504","Scarlet Tanager",173,12,0
"3505","Eastern Wood-Pewee",174,12,0
"3506","Acadian Flycatcher",174,12,49
"3507","Yellow-throated Vireo",174,12,28
"3508","Tufted Titmouse",174,12,0
"3509","Summer Tanager",174,12,0
"3510","Scarlet Tanager",174,12,0
"3511","Eastern Wood-Pewee",175,12,0
"3512","Acadian Flycatcher",175,12,0
"3513","Yellow-throated Vireo",175,12,0
"3514","Tufted Titmouse",175,12,6
"3515","Summer Tanager",175,12,4
"3516","Scarlet Tanager",175,12,0
"3517","Eastern Wood-Pewee",176,12,0
"3518","Acadian Flycatcher",176,12,5
"3519","Yellow-throated Vireo",176,12,0
"3520","Tufted Titmouse",176,12,0
"3521","Summer Tanager",176,12,0
"3522","Scarlet Tanager",176,12,0
"3523","Eastern Wood-Pewee",177,12,0
"3524","Acadian Flycatcher",177,12,1
"3525","Yellow-throated Vireo",177,12,0
"3526","Tufted Titmouse",177,12,73
"3527","Summer Tanager",177,12,0
"3528","Scarlet Tanager",177,12,0
"3529","Eastern Wood-Pewee",178,12,0
"3530","Acadian Flycatcher",178,12,6
"3531","Yellow-throated Vireo",178,12,1
"3532","Tufted Titmouse",178,12,0
"3533","Summer Tanager",178,12,0
"3534","Scarlet Tanager",178,12,1
"3535","Eastern Wood-Pewee",179,12,0
"3536","Acadian Flycatcher",179,12,5
"3537","Yellow-throated Vireo",179,12,0
"3538","Tufted Titmouse",179,12,0
"3539","Summer Tanager",179,12,0
"3540","Scarlet Tanager",179,12,0
"3541","Eastern Wood-Pewee",180,12,0
"3542","Acadian Flycatcher",180,12,0
"3543","Yellow-throated Vireo",180,12,1
"3544","Tufted Titmouse",180,12,0
"3545","Summer Tanager",180,12,0
"3546","Scarlet Tanager",180,12,0
"3547","Eastern Wood-Pewee",181,12,0
"3548","Acadian Flycatcher",181,12,18
"3549","Yellow-throated Vireo",181,12,0
"3550","Tufted Titmouse",181,12,1
"3551","Summer Tanager",181,12,0
"3552","Scarlet Tanager",181,12,1
"3553","Eastern Wood-Pewee",182,12,0
"3554","Acadian Flycatcher",182,12,11
"3555","Yellow-throated Vireo",182,12,0
"3556","Tufted Titmouse",182,12,5
"3557","Summer Tanager",182,12,0
"3558","Scarlet Tanager",182,12,0
"3559","Eastern Wood-Pewee",183,12,8
"3560","Acadian Flycatcher",183,12,7
"3561","Yellow-throated Vireo",183,12,33
"3562","Tufted Titmouse",183,12,0
"3563","Summer Tanager",183,12,0
"3564","Scarlet Tanager",183,12,0
"3565","Eastern Wood-Pewee",184,12,0
"3566","Acadian Flycatcher",184,12,7
"3567","Yellow-throated Vireo",184,12,1
"3568","Tufted Titmouse",184,12,0
"3569","Summer Tanager",184,12,0
"3570","Scarlet Tanager",184,12,0
"3571","Eastern Wood-Pewee",185,12,0
"3572","Acadian Flycatcher",185,12,0
"3573","Yellow-throated Vireo",185,12,0
"3574","Tufted Titmouse",185,12,0
"3575","Summer Tanager",185,12,0
"3576","Scarlet Tanager",185,12,0
"3577","Eastern Wood-Pewee",186,12,0
"3578","Acadian Flycatcher",186,12,1
"3579","Yellow-throated Vireo",186,12,0
"3580","Tufted Titmouse",186,12,5
"3581","Summer Tanager",186,12,0
"3582","Scarlet Tanager",186,12,0
"3583","Eastern Wood-Pewee",187,12,0
"3584","Acadian Flycatcher",187,12,36
"3585","Yellow-throated Vireo",187,12,3
"3586","Tufted Titmouse",187,12,2
"3587","Summer Tanager",187,12,1
"3588","Scarlet Tanager",187,12,0
"3589","Eastern Wood-Pewee",188,12,0
"3590","Acadian Flycatcher",188,12,0
"3591","Yellow-throated Vireo",188,12,0
"3592","Tufted Titmouse",188,12,0
"3593","Summer Tanager",188,12,0
"3594","Scarlet Tanager",188,12,0
"3595","Eastern Wood-Pewee",189,12,0
"3596","Acadian Flycatcher",189,12,15
"3597","Yellow-throated Vireo",189,12,0
"3598","Tufted Titmouse",189,12,0
"3599","Summer Tanager",189,12,0
"3600","Scarlet Tanager",189,12,0
"3601","Eastern Wood-Pewee",190,12,0
"3602","Acadian Flycatcher",190,12,0
"3603","Yellow-throated Vireo",190,12,0
"3604","Tufted Titmouse",190,12,2
"3605","Summer Tanager",190,12,1
"3606","Scarlet Tanager",190,12,0
"3607","Eastern Wood-Pewee",191,12,0
"3608","Acadian Flycatcher",191,12,5
"3609","Yellow-throated Vireo",191,12,0
"3610","Tufted Titmouse",191,12,0
"3611","Summer Tanager",191,12,0
"3612","Scarlet Tanager",191,12,0
"3613","Eastern Wood-Pewee",192,12,0
"3614","Acadian Flycatcher",192,12,0
"3615","Yellow-throated Vireo",192,12,0
"3616","Tufted Titmouse",192,12,3
"3617","Summer Tanager",192,12,0
"3618","Scarlet Tanager",192,12,1
"3619","Eastern Wood-Pewee",193,12,0
"3620","Acadian Flycatcher",193,12,0
"3621","Yellow-throated Vireo",193,12,0
"3622","Tufted Titmouse",193,12,0
"3623","Summer Tanager",193,12,0
"3624","Scarlet Tanager",193,12,0
"3625","Eastern Wood-Pewee",194,12,0
"3626","Acadian Flycatcher",194,12,0
"3627","Yellow-throated Vireo",194,12,1
"3628","Tufted Titmouse",194,12,2
"3629","Summer Tanager",194,12,0
"3630","Scarlet Tanager",194,12,1
"3631","Eastern Wood-Pewee",195,12,0
"3632","Acadian Flycatcher",195,12,45
"3633","Yellow-throated Vireo",195,12,2
"3634","Tufted Titmouse",195,12,0
"3635","Summer Tanager",195,12,1
"3636","Scarlet Tanager",195,12,0
"3637","Eastern Wood-Pewee",196,12,0
"3638","Acadian Flycatcher",196,12,1
"3639","Yellow-throated Vireo",196,12,2
"3640","Tufted Titmouse",196,12,27
"3641","Summer Tanager",196,12,1
"3642","Scarlet Tanager",196,12,1
"3643","Eastern Wood-Pewee",197,12,0
"3644","Acadian Flycatcher",197,12,12
"3645","Yellow-throated Vireo",197,12,0
"3646","Tufted Titmouse",197,12,0
"3647","Summer Tanager",197,12,0
"3648","Scarlet Tanager",197,12,0
"3649","Eastern Wood-Pewee",198,12,0
"3650","Acadian Flycatcher",198,12,1
"3651","Yellow-throated Vireo",198,12,0
"3652","Tufted Titmouse",198,12,1
"3653","Summer Tanager",198,12,4
"3654","Scarlet Tanager",198,12,0
"3655","Eastern Wood-Pewee",199,12,0
"3656","Acadian Flycatcher",199,12,0
"3657","Yellow-throated Vireo",199,12,0
"3658","Tufted Titmouse",199,12,0
"3659","Summer Tanager",199,12,0
"3660","Scarlet Tanager",199,12,0
"3661","Eastern Wood-Pewee",200,12,0
"3662","Acadian Flycatcher",200,12,3
"3663","Yellow-throated Vireo",200,12,0
"3664","Tufted Titmouse",200,12,0
"3665","Summer Tanager",200,12,0
"3666","Scarlet Tanager",200,12,0
"3667","Eastern Wood-Pewee",201,12,0
"3668","Acadian Flycatcher",201,12,0
"3669","Yellow-throated Vireo",201,12,0
"3670","Tufted Titmouse",201,12,0
"3671","Summer Tanager",201,12,0
"3672","Scarlet Tanager",201,12,0
